#pragma once

#include <stdint.h>
#include <stddef.h>

namespace MedicationPrompts {

// Audio prompt: "请问您是准备吃药了吗"
// Generated from medication_prompt.wav
// Sample rate: 16000 Hz, Duration: 2.40s

const uint8_t MEDICATION_PROMPT_DATA[] = {
    0x01, 0x00, 0x80, 0x07, 0x00, 0x00, 0x00, 0x00, 0x00, 0x00, 0x00, 0x00, 0x00, 0x00, 0x00, 0x00, 
    0x00, 0x00, 0x00, 0x00, 0x00, 0x00, 0x00, 0x00, 0x00, 0x00, 0x00, 0x00, 0x00, 0x00, 0x00, 0x00, 
    0x00, 0x00, 0x00, 0x00, 0x00, 0x00, 0x00, 0x00, 0x00, 0x00, 0x00, 0x00, 0x00, 0x00, 0x00, 0x00, 
    0x00, 0x00, 0x00, 0x00, 0x00, 0x00, 0x00, 0x00, 0x00, 0x00, 0x00, 0x00, 0x00, 0x00, 0x00, 0x00, 
    0x00, 0x00, 0x00, 0x00, 0x00, 0x00, 0x00, 0x00, 0x00, 0x00, 0x00, 0x00, 0x00, 0x00, 0x00, 0x00, 
    0x00, 0x00, 0x00, 0x00, 0x00, 0x00, 0x00, 0x00, 0x00, 0x00, 0x00, 0x00, 0x00, 0x00, 0x00, 0x00, 
    0x00, 0x00, 0x00, 0x00, 0x00, 0x00, 0x00, 0x00, 0x00, 0x00, 0x00, 0x00, 0x00, 0x00, 0x00, 0x00, 
    0x00, 0x00, 0x00, 0x00, 0x00, 0x00, 0x00, 0x00, 0x00, 0x00, 0x00, 0x00, 0x00, 0x00, 0x00, 0x00, 
    0x00, 0x00, 0x00, 0x00, 0x00, 0x00, 0x00, 0x00, 0x00, 0x00, 0x00, 0x00, 0x00, 0x00, 0x00, 0x00, 
    0x00, 0x00, 0x00, 0x00, 0x00, 0x00, 0x00, 0x00, 0x00, 0x00, 0x00, 0x00, 0x00, 0x00, 0x00, 0x00, 
    0x00, 0x00, 0x00, 0x00, 0x00, 0x00, 0x00, 0x00, 0x00, 0x00, 0x00, 0x00, 0x00, 0x00, 0x00, 0x00, 
    0x00, 0x00, 0x00, 0x00, 0x00, 0x00, 0x00, 0x00, 0x00, 0x00, 0x00, 0x00, 0x00, 0x00, 0x00, 0x00, 
    0x00, 0x00, 0x00, 0x00, 0x00, 0x00, 0x00, 0x00, 0x00, 0x00, 0x00, 0x00, 0x00, 0x00, 0x00, 0x00, 
    0x00, 0x00, 0x00, 0x00, 0x00, 0x00, 0x00, 0x00, 0x00, 0x00, 0x00, 0x00, 0x00, 0x00, 0x00, 0x00, 
    0x00, 0x00, 0x00, 0x00, 0x00, 0x00, 0x00, 0x00, 0x00, 0x00, 0x00, 0x00, 0x00, 0x00, 0x00, 0x00, 
    0x00, 0x00, 0x00, 0x00, 0x00, 0x00, 0x00, 0x00, 0x00, 0x00, 0x00, 0x00, 0x00, 0x00, 0x00, 0x00, 
    0x00, 0x00, 0x00, 0x00, 0x00, 0x00, 0x00, 0x00, 0x00, 0x00, 0x00, 0x00, 0x00, 0x00, 0x00, 0x00, 
    0x00, 0x00, 0x00, 0x00, 0x00, 0x00, 0x00, 0x00, 0x00, 0x00, 0x00, 0x00, 0x00, 0x00, 0x00, 0x00, 
    0x00, 0x00, 0x00, 0x00, 0x00, 0x00, 0x00, 0x00, 0x00, 0x00, 0x00, 0x00, 0x00, 0x00, 0x00, 0x00, 
    0x00, 0x00, 0x00, 0x00, 0x00, 0x00, 0x00, 0x00, 0x00, 0x00, 0x00, 0x00, 0x00, 0x00, 0x00, 0x00, 
    0x00, 0x00, 0x00, 0x00, 0x00, 0x00, 0x00, 0x00, 0x00, 0x00, 0x00, 0x00, 0x00, 0x00, 0x00, 0x00, 
    0x00, 0x00, 0x00, 0x00, 0x00, 0x00, 0x00, 0x00, 0x00, 0x00, 0x00, 0x00, 0x00, 0x00, 0x00, 0x00, 
    0x00, 0x00, 0x00, 0x00, 0x00, 0x00, 0x00, 0x00, 0x00, 0x00, 0x00, 0x00, 0x00, 0x00, 0x00, 0x00, 
    0x00, 0x00, 0x00, 0x00, 0x00, 0x00, 0x00, 0x00, 0x00, 0x00, 0x00, 0x00, 0x00, 0x00, 0x00, 0x00, 
    0x00, 0x00, 0x00, 0x00, 0x00, 0x00, 0x00, 0x00, 0x00, 0x00, 0x00, 0x00, 0x00, 0x00, 0x00, 0x00, 
    0x00, 0x00, 0x00, 0x00, 0x00, 0x00, 0x00, 0x00, 0x00, 0x00, 0x00, 0x00, 0x00, 0x00, 0x00, 0x00, 
    0x00, 0x00, 0x00, 0x00, 0x00, 0x00, 0x00, 0x00, 0x00, 0x00, 0x00, 0x00, 0x00, 0x00, 0x00, 0x00, 
    0x00, 0x00, 0x00, 0x00, 0x00, 0x00, 0x00, 0x00, 0x00, 0x00, 0x00, 0x00, 0x00, 0x00, 0x00, 0x00, 
    0x00, 0x00, 0x00, 0x00, 0x00, 0x00, 0x00, 0x00, 0x00, 0x00, 0x00, 0x00, 0x00, 0x00, 0x00, 0x00, 
    0x00, 0x00, 0x00, 0x00, 0x00, 0x00, 0x00, 0x00, 0x00, 0x00, 0x00, 0x00, 0x00, 0x00, 0x00, 0x00, 
    0x00, 0x00, 0x00, 0x00, 0x00, 0x00, 0x00, 0x00, 0x00, 0x00, 0x00, 0x00, 0x00, 0x00, 0x00, 0x00, 
    0x00, 0x00, 0x00, 0x00, 0x00, 0x00, 0x00, 0x00, 0x00, 0x00, 0x00, 0x00, 0x00, 0x00, 0x00, 0x00, 
    0x00, 0x00, 0x00, 0x00, 0x00, 0x00, 0x00, 0x00, 0x00, 0x00, 0x00, 0x00, 0x00, 0x00, 0x00, 0x00, 
    0x00, 0x00, 0x00, 0x00, 0x00, 0x00, 0x00, 0x00, 0x00, 0x00, 0x00, 0x00, 0x00, 0x00, 0x00, 0x00, 
    0x00, 0x00, 0x00, 0x00, 0x00, 0x00, 0x00, 0x00, 0x00, 0x00, 0x00, 0x00, 0x00, 0x00, 0x00, 0x00, 
    0x00, 0x00, 0x00, 0x00, 0x00, 0x00, 0x00, 0x00, 0x00, 0x00, 0x00, 0x00, 0x00, 0x00, 0x00, 0x00, 
    0x00, 0x00, 0x00, 0x00, 0x00, 0x00, 0x00, 0x00, 0x00, 0x00, 0x00, 0x00, 0x00, 0x00, 0x00, 0x00, 
    0x00, 0x00, 0x00, 0x00, 0x00, 0x00, 0x00, 0x00, 0x00, 0x00, 0x00, 0x00, 0x00, 0x00, 0x00, 0x00, 
    0x00, 0x00, 0x00, 0x00, 0x00, 0x00, 0x00, 0x00, 0x00, 0x00, 0x00, 0x00, 0x00, 0x00, 0x00, 0x00, 
    0x00, 0x00, 0x00, 0x00, 0x00, 0x00, 0x00, 0x00, 0x00, 0x00, 0x00, 0x00, 0x00, 0x00, 0x00, 0x00, 
    0x00, 0x00, 0x00, 0x00, 0x00, 0x00, 0x00, 0x00, 0x00, 0x00, 0x00, 0x00, 0x00, 0x00, 0x00, 0x00, 
    0x00, 0x00, 0x00, 0x00, 0x00, 0x00, 0x00, 0x00, 0x00, 0x00, 0x00, 0x00, 0x00, 0x00, 0x00, 0x00, 
    0x00, 0x00, 0x00, 0x00, 0x00, 0x00, 0x00, 0x00, 0x00, 0x00, 0x00, 0x00, 0x00, 0x00, 0x00, 0x00, 
    0x00, 0x00, 0x00, 0x00, 0x00, 0x00, 0x00, 0x00, 0x00, 0x00, 0x00, 0x00, 0x00, 0x00, 0x00, 0x00, 
    0x00, 0x00, 0x00, 0x00, 0x00, 0x00, 0x00, 0x00, 0x00, 0x00, 0x00, 0x00, 0x00, 0x00, 0x00, 0x00, 
    0x00, 0x00, 0x00, 0x00, 0x00, 0x00, 0x00, 0x00, 0x00, 0x00, 0x00, 0x00, 0x00, 0x00, 0x00, 0x00, 
    0x00, 0x00, 0x00, 0x00, 0x00, 0x00, 0x00, 0x00, 0x00, 0x00, 0x00, 0x00, 0x00, 0x00, 0x00, 0x00, 
    0x00, 0x00, 0x00, 0x00, 0x00, 0x00, 0x00, 0x00, 0x00, 0x00, 0x00, 0x00, 0x00, 0x00, 0x00, 0x00, 
    0x00, 0x00, 0x00, 0x00, 0x00, 0x00, 0x00, 0x00, 0x00, 0x00, 0x00, 0x00, 0x00, 0x00, 0x00, 0x00, 
    0x00, 0x00, 0x00, 0x00, 0x00, 0x00, 0x00, 0x00, 0x00, 0x00, 0x00, 0x00, 0x00, 0x00, 0x00, 0x00, 
    0x00, 0x00, 0x00, 0x00, 0x00, 0x00, 0x00, 0x00, 0x00, 0x00, 0x00, 0x00, 0x00, 0x00, 0x00, 0x00, 
    0x00, 0x00, 0x00, 0x00, 0x00, 0x00, 0x00, 0x00, 0x00, 0x00, 0x00, 0x00, 0x00, 0x00, 0x00, 0x00, 
    0x00, 0x00, 0x00, 0x00, 0x00, 0x00, 0x00, 0x00, 0x00, 0x00, 0x00, 0x00, 0x00, 0x00, 0x00, 0x00, 
    0x00, 0x00, 0x00, 0x00, 0x00, 0x00, 0x00, 0x00, 0x00, 0x00, 0x00, 0x00, 0x00, 0x00, 0x00, 0x00, 
    0x00, 0x00, 0x00, 0x00, 0x00, 0x00, 0x00, 0x00, 0x00, 0x00, 0x00, 0x00, 0x00, 0x00, 0x00, 0x00, 
    0x00, 0x00, 0x00, 0x00, 0x00, 0x00, 0x00, 0x00, 0x00, 0x00, 0x00, 0x00, 0x00, 0x00, 0x00, 0x00, 
    0x00, 0x00, 0x00, 0x00, 0x00, 0x00, 0x00, 0x00, 0x00, 0x00, 0x00, 0x00, 0x00, 0x00, 0x00, 0x00, 
    0x00, 0x00, 0x00, 0x00, 0x00, 0x00, 0x00, 0x00, 0x00, 0x00, 0x00, 0x00, 0x00, 0x00, 0x00, 0x00, 
    0x00, 0x00, 0x00, 0x00, 0x00, 0x00, 0x00, 0x00, 0x00, 0x00, 0x00, 0x00, 0x00, 0x00, 0x00, 0x00, 
    0x00, 0x00, 0x00, 0x00, 0x00, 0x00, 0x00, 0x00, 0x00, 0x00, 0x00, 0x00, 0x00, 0x00, 0x00, 0x00, 
    0x00, 0x00, 0x00, 0x00, 0x00, 0x00, 0x00, 0x00, 0x00, 0x00, 0x00, 0x00, 0x00, 0x00, 0x00, 0x00, 
    0x00, 0x00, 0x00, 0x00, 0x00, 0x00, 0x00, 0x00, 0x00, 0x00, 0x00, 0x00, 0x00, 0x00, 0x00, 0x00, 
    0x00, 0x00, 0x00, 0x00, 0x00, 0x00, 0x00, 0x00, 0x00, 0x00, 0x00, 0x00, 0x00, 0x00, 0x00, 0x00, 
    0x00, 0x00, 0x00, 0x00, 0x00, 0x00, 0x00, 0x00, 0x00, 0x00, 0x00, 0x00, 0x00, 0x00, 0x00, 0x00, 
    0x00, 0x00, 0x00, 0x00, 0x00, 0x00, 0x00, 0x00, 0x00, 0x00, 0x00, 0x00, 0x00, 0x00, 0x00, 0x00, 
    0x00, 0x00, 0x00, 0x00, 0x00, 0x00, 0x00, 0x00, 0x00, 0x00, 0x00, 0x00, 0x00, 0x00, 0x00, 0x00, 
    0x00, 0x00, 0x00, 0x00, 0x00, 0x00, 0x00, 0x00, 0x00, 0x00, 0x00, 0x00, 0x00, 0x00, 0x00, 0x00, 
    0x00, 0x00, 0x00, 0x00, 0x00, 0x00, 0x00, 0x00, 0x00, 0x00, 0x00, 0x00, 0x00, 0x00, 0x00, 0x00, 
    0x00, 0x00, 0x00, 0x00, 0x00, 0x00, 0x00, 0x00, 0x00, 0x00, 0x00, 0x00, 0x00, 0x00, 0x00, 0x00, 
    0x00, 0x00, 0x00, 0x00, 0x00, 0x00, 0x00, 0x00, 0x00, 0x00, 0x00, 0x00, 0x00, 0x00, 0x00, 0x00, 
    0x00, 0x00, 0x00, 0x00, 0x00, 0x00, 0x00, 0x00, 0x00, 0x00, 0x00, 0x00, 0x00, 0x00, 0x00, 0x00, 
    0x00, 0x00, 0x00, 0x00, 0x00, 0x00, 0x00, 0x00, 0x00, 0x00, 0x00, 0x00, 0x00, 0x00, 0x00, 0x00, 
    0x00, 0x00, 0x00, 0x00, 0x00, 0x00, 0x00, 0x00, 0x00, 0x00, 0x00, 0x00, 0x00, 0x00, 0x00, 0x00, 
    0x00, 0x00, 0x00, 0x00, 0x00, 0x00, 0x00, 0x00, 0x00, 0x00, 0x00, 0x00, 0x00, 0x00, 0x00, 0x00, 
    0x00, 0x00, 0x00, 0x00, 0x00, 0x00, 0x00, 0x00, 0x00, 0x00, 0x00, 0x00, 0x00, 0x00, 0x00, 0x00, 
    0x00, 0x00, 0x00, 0x00, 0x00, 0x00, 0x00, 0x00, 0x00, 0x00, 0x00, 0x00, 0x00, 0x00, 0x00, 0x00, 
    0x00, 0x00, 0x00, 0x00, 0x00, 0x00, 0x00, 0x00, 0x00, 0x00, 0x00, 0x00, 0x00, 0x00, 0x00, 0x00, 
    0x00, 0x00, 0x00, 0x00, 0x00, 0x00, 0x00, 0x00, 0x00, 0x00, 0x00, 0x00, 0x00, 0x00, 0x00, 0x00, 
    0x00, 0x00, 0x00, 0x00, 0x00, 0x00, 0x00, 0x00, 0x00, 0x00, 0x00, 0x00, 0x00, 0x00, 0x00, 0x00, 
    0x00, 0x00, 0x00, 0x00, 0x00, 0x00, 0x00, 0x00, 0x00, 0x00, 0x00, 0x00, 0x00, 0x00, 0x00, 0x00, 
    0x00, 0x00, 0x00, 0x00, 0x00, 0x00, 0x00, 0x00, 0x00, 0x00, 0x00, 0x00, 0x00, 0x00, 0x00, 0x00, 
    0x00, 0x00, 0x00, 0x00, 0x00, 0x00, 0x00, 0x00, 0x00, 0x00, 0x00, 0x00, 0x00, 0x00, 0x00, 0x00, 
    0x00, 0x00, 0x00, 0x00, 0x00, 0x00, 0x00, 0x00, 0x00, 0x00, 0x00, 0x00, 0x00, 0x00, 0x00, 0x00, 
    0x00, 0x00, 0x00, 0x00, 0x00, 0x00, 0x00, 0x00, 0x00, 0x00, 0x00, 0x00, 0x00, 0x00, 0x00, 0x00, 
    0x00, 0x00, 0x00, 0x00, 0x00, 0x00, 0x00, 0x00, 0x00, 0x00, 0x00, 0x00, 0x00, 0x00, 0x00, 0x00, 
    0x00, 0x00, 0x00, 0x00, 0x00, 0x00, 0x00, 0x00, 0x00, 0x00, 0x00, 0x00, 0x00, 0x00, 0x00, 0x00, 
    0x00, 0x00, 0x00, 0x00, 0x00, 0x00, 0x00, 0x00, 0x00, 0x00, 0x00, 0x00, 0x00, 0x00, 0x00, 0x00, 
    0x00, 0x00, 0x00, 0x00, 0x00, 0x00, 0x00, 0x00, 0x00, 0x00, 0x00, 0x00, 0x00, 0x00, 0x00, 0x00, 
    0x00, 0x00, 0x00, 0x00, 0x00, 0x00, 0x00, 0x00, 0x00, 0x00, 0x00, 0x00, 0x00, 0x00, 0x00, 0x00, 
    0x00, 0x00, 0x00, 0x00, 0x00, 0x00, 0x00, 0x00, 0x00, 0x00, 0x00, 0x00, 0x00, 0x00, 0x00, 0x00, 
    0x00, 0x00, 0x00, 0x00, 0x00, 0x00, 0x00, 0x00, 0x00, 0x00, 0x00, 0x00, 0x00, 0x00, 0x00, 0x00, 
    0x00, 0x00, 0x00, 0x00, 0x00, 0x00, 0x00, 0x00, 0x00, 0x00, 0x00, 0x00, 0x00, 0x00, 0x00, 0x00, 
    0x00, 0x00, 0x00, 0x00, 0x00, 0x00, 0x00, 0x00, 0x00, 0x00, 0x00, 0x00, 0x00, 0x00, 0x00, 0x00, 
    0x00, 0x00, 0x00, 0x00, 0x00, 0x00, 0x00, 0x00, 0x00, 0x00, 0x00, 0x00, 0x00, 0x00, 0x00, 0x00, 
    0x00, 0x00, 0x00, 0x00, 0x00, 0x00, 0x00, 0x00, 0x00, 0x00, 0x00, 0x00, 0x00, 0x00, 0x00, 0x00, 
    0x00, 0x00, 0x00, 0x00, 0x00, 0x00, 0x00, 0x00, 0x00, 0x00, 0x00, 0x00, 0x00, 0x00, 0x00, 0x00, 
    0x00, 0x00, 0x00, 0x00, 0x00, 0x00, 0x00, 0x00, 0x00, 0x00, 0x00, 0x00, 0x00, 0x00, 0x00, 0x00, 
    0x00, 0x00, 0x00, 0x00, 0x00, 0x00, 0x00, 0x00, 0x00, 0x00, 0x00, 0x00, 0x00, 0x00, 0x00, 0x00, 
    0x00, 0x00, 0x00, 0x00, 0x00, 0x00, 0x00, 0x00, 0x00, 0x00, 0x00, 0x00, 0x00, 0x00, 0x00, 0x00, 
    0x00, 0x00, 0x00, 0x00, 0x00, 0x00, 0x00, 0x00, 0x00, 0x00, 0x00, 0x00, 0x00, 0x00, 0x00, 0x00, 
    0x00, 0x00, 0x00, 0x00, 0x00, 0x00, 0x00, 0x00, 0x00, 0x00, 0x00, 0x00, 0x00, 0x00, 0x00, 0x00, 
    0x00, 0x00, 0x00, 0x00, 0x00, 0x00, 0x00, 0x00, 0x00, 0x00, 0x00, 0x00, 0x00, 0x00, 0x00, 0x00, 
    0x00, 0x00, 0x00, 0x00, 0x00, 0x00, 0x00, 0x00, 0x00, 0x00, 0x00, 0x00, 0x00, 0x00, 0x00, 0x00, 
    0x00, 0x00, 0x00, 0x00, 0x00, 0x00, 0x00, 0x00, 0x00, 0x00, 0x00, 0x00, 0x00, 0x00, 0x00, 0x00, 
    0x00, 0x00, 0x00, 0x00, 0x00, 0x00, 0x00, 0x00, 0x00, 0x00, 0x00, 0x00, 0x00, 0x00, 0x00, 0x00, 
    0x00, 0x00, 0x00, 0x00, 0x00, 0x00, 0x00, 0x00, 0x00, 0x00, 0x00, 0x00, 0x00, 0x00, 0x00, 0x00, 
    0x00, 0x00, 0x00, 0x00, 0x00, 0x00, 0x00, 0x00, 0x00, 0x00, 0x00, 0x00, 0x00, 0x00, 0x00, 0x00, 
    0x00, 0x00, 0x00, 0x00, 0x00, 0x00, 0x00, 0x00, 0x00, 0x00, 0x00, 0x00, 0x00, 0x00, 0x00, 0x00, 
    0x00, 0x00, 0x00, 0x00, 0x00, 0x00, 0x00, 0x00, 0x00, 0x00, 0x00, 0x00, 0x00, 0x00, 0x00, 0x00, 
    0x00, 0x00, 0x00, 0x00, 0x00, 0x00, 0x00, 0x00, 0x00, 0x00, 0x00, 0x00, 0x00, 0x00, 0x00, 0x00, 
    0x00, 0x00, 0x00, 0x00, 0x00, 0x00, 0x00, 0x00, 0x00, 0x00, 0x00, 0x00, 0x00, 0x00, 0x00, 0x00, 
    0x00, 0x00, 0x00, 0x00, 0x00, 0x00, 0x00, 0x00, 0x00, 0x00, 0x00, 0x00, 0x00, 0x00, 0x00, 0x00, 
    0x00, 0x00, 0x00, 0x00, 0x00, 0x00, 0x00, 0x00, 0x00, 0x00, 0x00, 0x00, 0x00, 0x00, 0x00, 0x00, 
    0x00, 0x00, 0x00, 0x00, 0x00, 0x00, 0x00, 0x00, 0x00, 0x00, 0x00, 0x00, 0x00, 0x00, 0x00, 0x00, 
    0x00, 0x00, 0x00, 0x00, 0x00, 0x00, 0x00, 0x00, 0x00, 0x00, 0x00, 0x00, 0x00, 0x00, 0x00, 0x00, 
    0x00, 0x00, 0x00, 0x00, 0x00, 0x00, 0x00, 0x00, 0x00, 0x00, 0x00, 0x00, 0x00, 0x00, 0x00, 0x00, 
    0x00, 0x00, 0x00, 0x00, 0x00, 0x00, 0x00, 0x00, 0x00, 0x00, 0x00, 0x00, 0x00, 0x00, 0x00, 0x00, 
    0x00, 0x00, 0x00, 0x00, 0x00, 0x00, 0x00, 0x00, 0x00, 0x00, 0x00, 0x00, 0x00, 0x00, 0x00, 0x00, 
    0x00, 0x00, 0x00, 0x00, 0x00, 0x00, 0x00, 0x00, 0x00, 0x00, 0x00, 0x00, 0x00, 0x00, 0x00, 0x00, 
    0x00, 0x00, 0x00, 0x00, 0x00, 0x00, 0x00, 0x00, 0x00, 0x00, 0x00, 0x00, 0x00, 0x00, 0x00, 0x00, 
    0x00, 0x00, 0x00, 0x00, 0x01, 0x00, 0x80, 0x07, 0x00, 0x00, 0x00, 0x00, 0x00, 0x00, 0x00, 0x00, 
    0x00, 0x00, 0x00, 0x00, 0x00, 0x00, 0x00, 0x00, 0x00, 0x00, 0x00, 0x00, 0x00, 0x00, 0x00, 0x00, 
    0x00, 0x00, 0x00, 0x00, 0x00, 0x00, 0x00, 0x00, 0x00, 0x00, 0x00, 0x00, 0x00, 0x00, 0x00, 0x00, 
    0x00, 0x00, 0x00, 0x00, 0x00, 0x00, 0x00, 0x00, 0x00, 0x00, 0x00, 0x00, 0x00, 0x00, 0x00, 0x00, 
    0x00, 0x00, 0x00, 0x00, 0x00, 0x00, 0x00, 0x00, 0x00, 0x00, 0x00, 0x00, 0x00, 0x00, 0x00, 0x00, 
    0x00, 0x00, 0x00, 0x00, 0x00, 0x00, 0x00, 0x00, 0x00, 0x00, 0x00, 0x00, 0x00, 0x00, 0x00, 0x00, 
    0x00, 0x00, 0x00, 0x00, 0x00, 0x00, 0x00, 0x00, 0x00, 0x00, 0x00, 0x00, 0x00, 0x00, 0x00, 0x00, 
    0x00, 0x00, 0x00, 0x00, 0x00, 0x00, 0x00, 0x00, 0x00, 0x00, 0x00, 0x00, 0x00, 0x00, 0x00, 0x00, 
    0x00, 0x00, 0x00, 0x00, 0x00, 0x00, 0x00, 0x00, 0x00, 0x00, 0x00, 0x00, 0x00, 0x00, 0x00, 0x00, 
    0x00, 0x00, 0x00, 0x00, 0x00, 0x00, 0x00, 0x00, 0x00, 0x00, 0x00, 0x00, 0x00, 0x00, 0x00, 0x00, 
    0x00, 0x00, 0x00, 0x00, 0x00, 0x00, 0x00, 0x00, 0x00, 0x00, 0x00, 0x00, 0x00, 0x00, 0x00, 0x00, 
    0x00, 0x00, 0x00, 0x00, 0x00, 0x00, 0x00, 0x00, 0x00, 0x00, 0x00, 0x00, 0x00, 0x00, 0x00, 0x00, 
    0x00, 0x00, 0x00, 0x00, 0x00, 0x00, 0x00, 0x00, 0x00, 0x00, 0x00, 0x00, 0x00, 0x00, 0x00, 0x00, 
    0x00, 0x00, 0x00, 0x00, 0x00, 0x00, 0x00, 0x00, 0x00, 0x00, 0x00, 0x00, 0x00, 0x00, 0x00, 0x00, 
    0x00, 0x00, 0x00, 0x00, 0x00, 0x00, 0x00, 0x00, 0x00, 0x00, 0x00, 0x00, 0x00, 0x00, 0x00, 0x00, 
    0x00, 0x00, 0x00, 0x00, 0x00, 0x00, 0x00, 0x00, 0x00, 0x00, 0x00, 0x00, 0x00, 0x00, 0x00, 0x00, 
    0x00, 0x00, 0x00, 0x00, 0x00, 0x00, 0x00, 0x00, 0x00, 0x00, 0x00, 0x00, 0x00, 0x00, 0x00, 0x00, 
    0x00, 0x00, 0x00, 0x00, 0x00, 0x00, 0x00, 0x00, 0x00, 0x00, 0x00, 0x00, 0x00, 0x00, 0x00, 0x00, 
    0x00, 0x00, 0x00, 0x00, 0x00, 0x00, 0x00, 0x00, 0x00, 0x00, 0x00, 0x00, 0x00, 0x00, 0x00, 0x00, 
    0x00, 0x00, 0x00, 0x00, 0x00, 0x00, 0x00, 0x00, 0x00, 0x00, 0x00, 0x00, 0x00, 0x00, 0x00, 0x00, 
    0x00, 0x00, 0x00, 0x00, 0x00, 0x00, 0x00, 0x00, 0x00, 0x00, 0x00, 0x00, 0x00, 0x00, 0x00, 0x00, 
    0x00, 0x00, 0x00, 0x00, 0x00, 0x00, 0x00, 0x00, 0x00, 0x00, 0x00, 0x00, 0x00, 0x00, 0x00, 0x00, 
    0x00, 0x00, 0x00, 0x00, 0x00, 0x00, 0x00, 0x00, 0x00, 0x00, 0x00, 0x00, 0x00, 0x00, 0x00, 0x00, 
    0x00, 0x00, 0x00, 0x00, 0x00, 0x00, 0x00, 0x00, 0x00, 0x00, 0x00, 0x00, 0x00, 0x00, 0x00, 0x00, 
    0x00, 0x00, 0x00, 0x00, 0x00, 0x00, 0x00, 0x00, 0x00, 0x00, 0x00, 0x00, 0x00, 0x00, 0x00, 0x00, 
    0x00, 0x00, 0x00, 0x00, 0x00, 0x00, 0x00, 0x00, 0x00, 0x00, 0x00, 0x00, 0x00, 0x00, 0x00, 0x00, 
    0x00, 0x00, 0x00, 0x00, 0x00, 0x00, 0x00, 0x00, 0x00, 0x00, 0x00, 0x00, 0x00, 0x00, 0x00, 0x00, 
    0x00, 0x00, 0x00, 0x00, 0x00, 0x00, 0x00, 0x00, 0x00, 0x00, 0x00, 0x00, 0x00, 0x00, 0x00, 0x00, 
    0x00, 0x00, 0x00, 0x00, 0x00, 0x00, 0x00, 0x00, 0x00, 0x00, 0x00, 0x00, 0x01, 0x00, 0x00, 0x00, 
    0x00, 0x00, 0x00, 0x00, 0x00, 0x00, 0x00, 0x00, 0xff, 0xff, 0x00, 0x00, 0x00, 0x00, 0x00, 0x00, 
    0x00, 0x00, 0x00, 0x00, 0x00, 0x00, 0x00, 0x00, 0x00, 0x00, 0x00, 0x00, 0x00, 0x00, 0x00, 0x00, 
    0x00, 0x00, 0x00, 0x00, 0x00, 0x00, 0x00, 0x00, 0x00, 0x00, 0x00, 0x00, 0x00, 0x00, 0x00, 0x00, 
    0x00, 0x00, 0x00, 0x00, 0x00, 0x00, 0x00, 0x00, 0x00, 0x00, 0x00, 0x00, 0x00, 0x00, 0x00, 0x00, 
    0x00, 0x00, 0x00, 0x00, 0x00, 0x00, 0x00, 0x00, 0x01, 0x00, 0x00, 0x00, 0x00, 0x00, 0x01, 0x00, 
    0x00, 0x00, 0x01, 0x00, 0x00, 0x00, 0x00, 0x00, 0x01, 0x00, 0x00, 0x00, 0x00, 0x00, 0x01, 0x00, 
    0x00, 0x00, 0x00, 0x00, 0x01, 0x00, 0x00, 0x00, 0x00, 0x00, 0x00, 0x00, 0x01, 0x00, 0x00, 0x00, 
    0x00, 0x00, 0x00, 0x00, 0x00, 0x00, 0x00, 0x00, 0x00, 0x00, 0x00, 0x00, 0x00, 0x00, 0x00, 0x00, 
    0x00, 0x00, 0x00, 0x00, 0x00, 0x00, 0x01, 0x00, 0x00, 0x00, 0x00, 0x00, 0x01, 0x00, 0x01, 0x00, 
    0x00, 0x00, 0x00, 0x00, 0x01, 0x00, 0x00, 0x00, 0x00, 0x00, 0x01, 0x00, 0x00, 0x00, 0xff, 0xff, 
    0x00, 0x00, 0x01, 0x00, 0x01, 0x00, 0x01, 0x00, 0x00, 0x00, 0x00, 0x00, 0x00, 0x00, 0x00, 0x00, 
    0x00, 0x00, 0x00, 0x00, 0x01, 0x00, 0x00, 0x00, 0x01, 0x00, 0x01, 0x00, 0x00, 0x00, 0x00, 0x00, 
    0x00, 0x00, 0x00, 0x00, 0x00, 0x00, 0x00, 0x00, 0x00, 0x00, 0x00, 0x00, 0x00, 0x00, 0x00, 0x00, 
    0x00, 0x00, 0x00, 0x00, 0x01, 0x00, 0x00, 0x00, 0x00, 0x00, 0x00, 0x00, 0x00, 0x00, 0x00, 0x00, 
    0x00, 0x00, 0x00, 0x00, 0x00, 0x00, 0x00, 0x00, 0x00, 0x00, 0x00, 0x00, 0x00, 0x00, 0x00, 0x00, 
    0x01, 0x00, 0x01, 0x00, 0x00, 0x00, 0x00, 0x00, 0x00, 0x00, 0x00, 0x00, 0x01, 0x00, 0x01, 0x00, 
    0x00, 0x00, 0x00, 0x00, 0x00, 0x00, 0x00, 0x00, 0x00, 0x00, 0x00, 0x00, 0x00, 0x00, 0x01, 0x00, 
    0x01, 0x00, 0x00, 0x00, 0x00, 0x00, 0x00, 0x00, 0x00, 0x00, 0x00, 0x00, 0x00, 0x00, 0x00, 0x00, 
    0x00, 0x00, 0x00, 0x00, 0x02, 0x00, 0x00, 0x00, 0x00, 0x00, 0x01, 0x00, 0x00, 0x00, 0x01, 0x00, 
    0x01, 0x00, 0x01, 0x00, 0x00, 0x00, 0x00, 0x00, 0x01, 0x00, 0x00, 0x00, 0x01, 0x00, 0xff, 0xff, 
    0x00, 0x00, 0x01, 0x00, 0x00, 0x00, 0x00, 0x00, 0x01, 0x00, 0x01, 0x00, 0x01, 0x00, 0x01, 0x00, 
    0x01, 0x00, 0x01, 0x00, 0x01, 0x00, 0x00, 0x00, 0x00, 0x00, 0xff, 0xff, 0x01, 0x00, 0x01, 0x00, 
    0x01, 0x00, 0x00, 0x00, 0x00, 0x00, 0x00, 0x00, 0x00, 0x00, 0x01, 0x00, 0x00, 0x00, 0x01, 0x00, 
    0x01, 0x00, 0x00, 0x00, 0x01, 0x00, 0x01, 0x00, 0x00, 0x00, 0x00, 0x00, 0x00, 0x00, 0x00, 0x00, 
    0x00, 0x00, 0x00, 0x00, 0x01, 0x00, 0x00, 0x00, 0x00, 0x00, 0x00, 0x00, 0x01, 0x00, 0x00, 0x00, 
    0x00, 0x00, 0x01, 0x00, 0x00, 0x00, 0x00, 0x00, 0x00, 0x00, 0x00, 0x00, 0x00, 0x00, 0x00, 0x00, 
    0x01, 0x00, 0x00, 0x00, 0x00, 0x00, 0x01, 0x00, 0x00, 0x00, 0x00, 0x00, 0x00, 0x00, 0x00, 0x00, 
    0x00, 0x00, 0x00, 0x00, 0x01, 0x00, 0x01, 0x00, 0x00, 0x00, 0x01, 0x00, 0x00, 0x00, 0x01, 0x00, 
    0x00, 0x00, 0x00, 0x00, 0x01, 0x00, 0x00, 0x00, 0x01, 0x00, 0x00, 0x00, 0x00, 0x00, 0x00, 0x00, 
    0x00, 0x00, 0x00, 0x00, 0x00, 0x00, 0x01, 0x00, 0x00, 0x00, 0x00, 0x00, 0x01, 0x00, 0x01, 0x00, 
    0x00, 0x00, 0x00, 0x00, 0x00, 0x00, 0x01, 0x00, 0x00, 0x00, 0x00, 0x00, 0x01, 0x00, 0x00, 0x00, 
    0x00, 0x00, 0x00, 0x00, 0x00, 0x00, 0x01, 0x00, 0x01, 0x00, 0x00, 0x00, 0x00, 0x00, 0x00, 0x00, 
    0x00, 0x00, 0x00, 0x00, 0x00, 0x00, 0x00, 0x00, 0x01, 0x00, 0x01, 0x00, 0x00, 0x00, 0x00, 0x00, 
    0x00, 0x00, 0x00, 0x00, 0x00, 0x00, 0x00, 0x00, 0x00, 0x00, 0x00, 0x00, 0x00, 0x00, 0x00, 0x00, 
    0x00, 0x00, 0x00, 0x00, 0x00, 0x00, 0x00, 0x00, 0x01, 0x00, 0x00, 0x00, 0x00, 0x00, 0x01, 0x00, 
    0x01, 0x00, 0x00, 0x00, 0x01, 0x00, 0x00, 0x00, 0x00, 0x00, 0x00, 0x00, 0x01, 0x00, 0x01, 0x00, 
    0x01, 0x00, 0x00, 0x00, 0xff, 0xff, 0x01, 0x00, 0x01, 0x00, 0x00, 0x00, 0x01, 0x00, 0x01, 0x00, 
    0x00, 0x00, 0x00, 0x00, 0x01, 0x00, 0x01, 0x00, 0x01, 0x00, 0x01, 0x00, 0x00, 0x00, 0x01, 0x00, 
    0x01, 0x00, 0x00, 0x00, 0x00, 0x00, 0x01, 0x00, 0x01, 0x00, 0x01, 0x00, 0x00, 0x00, 0x01, 0x00, 
    0x01, 0x00, 0x00, 0x00, 0x01, 0x00, 0x00, 0x00, 0x00, 0x00, 0x01, 0x00, 0x00, 0x00, 0x01, 0x00, 
    0x01, 0x00, 0x00, 0x00, 0x01, 0x00, 0x01, 0x00, 0x00, 0x00, 0x01, 0x00, 0x01, 0x00, 0x01, 0x00, 
    0x01, 0x00, 0x00, 0x00, 0x00, 0x00, 0x00, 0x00, 0x01, 0x00, 0x01, 0x00, 0x01, 0x00, 0x00, 0x00, 
    0x00, 0x00, 0x01, 0x00, 0x01, 0x00, 0x01, 0x00, 0x01, 0x00, 0x00, 0x00, 0x01, 0x00, 0x01, 0x00, 
    0x02, 0x00, 0x01, 0x00, 0x00, 0x00, 0x01, 0x00, 0x02, 0x00, 0x01, 0x00, 0x01, 0x00, 0x01, 0x00, 
    0x01, 0x00, 0x01, 0x00, 0x01, 0x00, 0x01, 0x00, 0x01, 0x00, 0x02, 0x00, 0x02, 0x00, 0x02, 0x00, 
    0x01, 0x00, 0x01, 0x00, 0x01, 0x00, 0x02, 0x00, 0x01, 0x00, 0x01, 0x00, 0x02, 0x00, 0x02, 0x00, 
    0x02, 0x00, 0x00, 0x00, 0x01, 0x00, 0x02, 0x00, 0x01, 0x00, 0x02, 0x00, 0x01, 0x00, 0x01, 0x00, 
    0x02, 0x00, 0x02, 0x00, 0x01, 0x00, 0x01, 0x00, 0x02, 0x00, 0x02, 0x00, 0x02, 0x00, 0x01, 0x00, 
    0x02, 0x00, 0x02, 0x00, 0x00, 0x00, 0x01, 0x00, 0x02, 0x00, 0x02, 0x00, 0x02, 0x00, 0x02, 0x00, 
    0x02, 0x00, 0x02, 0x00, 0x02, 0x00, 0x01, 0x00, 0x01, 0x00, 0x02, 0x00, 0x01, 0x00, 0x00, 0x00, 
    0x02, 0x00, 0x00, 0x00, 0x01, 0x00, 0x01, 0x00, 0x01, 0x00, 0x02, 0x00, 0x01, 0x00, 0x01, 0x00, 
    0x00, 0x00, 0x01, 0x00, 0x01, 0x00, 0x01, 0x00, 0x00, 0x00, 0x00, 0x00, 0x02, 0x00, 0x02, 0x00, 
    0x01, 0x00, 0x01, 0x00, 0x01, 0x00, 0x00, 0x00, 0x00, 0x00, 0x01, 0x00, 0x00, 0x00, 0x01, 0x00, 
    0x00, 0x00, 0x01, 0x00, 0x02, 0x00, 0x00, 0x00, 0x00, 0x00, 0x00, 0x00, 0x00, 0x00, 0x00, 0x00, 
    0x00, 0x00, 0x00, 0x00, 0x00, 0x00, 0x01, 0x00, 0x00, 0x00, 0x00, 0x00, 0x01, 0x00, 0x00, 0x00, 
    0x00, 0x00, 0x00, 0x00, 0x00, 0x00, 0x00, 0x00, 0x00, 0x00, 0x00, 0x00, 0x00, 0x00, 0x00, 0x00, 
    0x00, 0x00, 0x00, 0x00, 0x00, 0x00, 0x00, 0x00, 0x00, 0x00, 0x00, 0x00, 0x00, 0x00, 0x00, 0x00, 
    0x00, 0x00, 0x00, 0x00, 0x00, 0x00, 0xff, 0xff, 0x00, 0x00, 0x00, 0x00, 0x00, 0x00, 0x00, 0x00, 
    0xff, 0xff, 0x00, 0x00, 0x00, 0x00, 0x00, 0x00, 0x00, 0x00, 0xff, 0xff, 0xff, 0xff, 0xff, 0xff, 
    0x00, 0x00, 0x00, 0x00, 0xff, 0xff, 0x00, 0x00, 0xff, 0xff, 0x00, 0x00, 0xff, 0xff, 0xff, 0xff, 
    0xff, 0xff, 0xfe, 0xff, 0xfe, 0xff, 0xff, 0xff, 0xfe, 0xff, 0x00, 0x00, 0xff, 0xff, 0xfe, 0xff, 
    0xff, 0xff, 0xfe, 0xff, 0xfe, 0xff, 0xfe, 0xff, 0xff, 0xff, 0x00, 0x00, 0xfe, 0xff, 0xff, 0xff, 
    0xff, 0xff, 0xff, 0xff, 0xff, 0xff, 0xff, 0xff, 0xff, 0xff, 0xff, 0xff, 0x00, 0x00, 0xfe, 0xff, 
    0xff, 0xff, 0x01, 0x00, 0xff, 0xff, 0x00, 0x00, 0x00, 0x00, 0xff, 0xff, 0x00, 0x00, 0xff, 0xff, 
    0xff, 0xff, 0x00, 0x00, 0x00, 0x00, 0x01, 0x00, 0x00, 0x00, 0x00, 0x00, 0x00, 0x00, 0x00, 0x00, 
    0x00, 0x00, 0x00, 0x00, 0x00, 0x00, 0x00, 0x00, 0x00, 0x00, 0x01, 0x00, 0x01, 0x00, 0x00, 0x00, 
    0x00, 0x00, 0x00, 0x00, 0x00, 0x00, 0x00, 0x00, 0xff, 0xff, 0xff, 0xff, 0x00, 0x00, 0x00, 0x00, 
    0x00, 0x00, 0xff, 0xff, 0xff, 0xff, 0x00, 0x00, 0x00, 0x00, 0x00, 0x00, 0x00, 0x00, 0x00, 0x00, 
    0x00, 0x00, 0xff, 0xff, 0xff, 0xff, 0x00, 0x00, 0x00, 0x00, 0x00, 0x00, 0x00, 0x00, 0x01, 0x00, 
    0x01, 0x00, 0xff, 0xff, 0x00, 0x00, 0x00, 0x00, 0x00, 0x00, 0x00, 0x00, 0x00, 0x00, 0x00, 0x00, 
    0x01, 0x00, 0x00, 0x00, 0x00, 0x00, 0x00, 0x00, 0xff, 0xff, 0xff, 0xff, 0x00, 0x00, 0xff, 0xff, 
    0xff, 0xff, 0xff, 0xff, 0x00, 0x00, 0xff, 0xff, 0x00, 0x00, 0xff, 0xff, 0xfe, 0xff, 0x00, 0x00, 
    0xff, 0xff, 0xff, 0xff, 0xfd, 0xff, 0xfd, 0xff, 0x00, 0x00, 0x00, 0x00, 0x00, 0x00, 0xfe, 0xff, 
    0xff, 0xff, 0x00, 0x00, 0x00, 0x00, 0xff, 0xff, 0x00, 0x00, 0x00, 0x00, 0x00, 0x00, 0x00, 0x00, 
    0xff, 0xff, 0xff, 0xff, 0x00, 0x00, 0x00, 0x00, 0x00, 0x00, 0x00, 0x00, 0x00, 0x00, 0x00, 0x00, 
    0x01, 0x00, 0x01, 0x00, 0xff, 0xff, 0xfe, 0xff, 0x00, 0x00, 0x00, 0x00, 0x00, 0x00, 0x00, 0x00, 
    0xff, 0xff, 0xff, 0xff, 0x01, 0x00, 0x00, 0x00, 0xff, 0xff, 0xff, 0xff, 0xff, 0xff, 0x00, 0x00, 
    0x00, 0x00, 0x00, 0x00, 0x01, 0x00, 0x01, 0x00, 0xff, 0xff, 0x01, 0x00, 0x02, 0x00, 0x01, 0x00, 
    0x00, 0x00, 0x00, 0x00, 0x04, 0x00, 0x02, 0x00, 0x02, 0x00, 0x02, 0x00, 0x02, 0x00, 0x02, 0x00, 
    0xff, 0xff, 0x00, 0x00, 0x02, 0x00, 0x00, 0x00, 0x01, 0x00, 0x04, 0x00, 0x03, 0x00, 0xff, 0xff, 
    0x00, 0x00, 0xfd, 0xff, 0xff, 0xff, 0x02, 0x00, 0xfb, 0xff, 0xfc, 0xff, 0xfc, 0xff, 0x00, 0x00, 
    0x03, 0x00, 0x00, 0x00, 0xff, 0xff, 0x06, 0x00, 0x14, 0x00, 0x0b, 0x00, 0x08, 0x00, 0x07, 0x00, 
    0xfe, 0xff, 0x01, 0x00, 0xff, 0xff, 0x01, 0x00, 0x04, 0x00, 0x03, 0x00, 0x06, 0x00, 0x06, 0x00, 
    0x07, 0x00, 0x06, 0x00, 0x04, 0x00, 0x07, 0x00, 0x07, 0x00, 0x0a, 0x00, 0x0d, 0x00, 0x09, 0x00, 
    0x0a, 0x00, 0x0d, 0x00, 0x0b, 0x00, 0x0d, 0x00, 0x0e, 0x00, 0x0f, 0x00, 0x11, 0x00, 0x14, 0x00, 
    0x10, 0x00, 0x0e, 0x00, 0x11, 0x00, 0x10, 0x00, 0x0e, 0x00, 0x0d, 0x00, 0x11, 0x00, 0x0d, 0x00, 
    0x0f, 0x00, 0x11, 0x00, 0x0b, 0x00, 0x0e, 0x00, 0x0f, 0x00, 0x0d, 0x00, 0x0e, 0x00, 0x0f, 0x00, 
    0x0d, 0x00, 0x11, 0x00, 0x0d, 0x00, 0x0b, 0x00, 0x0c, 0x00, 0x0a, 0x00, 0x0c, 0x00, 0x07, 0x00, 
    0x08, 0x00, 0x04, 0x00, 0x04, 0x00, 0x08, 0x00, 0x06, 0x00, 0x03, 0x00, 0xfe, 0xff, 0x05, 0x00, 
    0x05, 0x00, 0x01, 0x00, 0x04, 0x00, 0x00, 0x00, 0x00, 0x00, 0x03, 0x00, 0x03, 0x00, 0x04, 0x00, 
    0x05, 0x00, 0x02, 0x00, 0x00, 0x00, 0xfe, 0xff, 0xff, 0xff, 0x03, 0x00, 0x01, 0x00, 0x03, 0x00, 
    0x04, 0x00, 0x05, 0x00, 0x04, 0x00, 0xfd, 0xff, 0x01, 0x00, 0x80, 0x07, 0xff, 0xff, 0x02, 0x00, 
    0x01, 0x00, 0xfe, 0xff, 0xf6, 0xff, 0xf9, 0xff, 0xfd, 0xff, 0x00, 0x00, 0x00, 0x00, 0xf8, 0xff, 
    0xf6, 0xff, 0xfb, 0xff, 0xff, 0xff, 0xf9, 0xff, 0xf5, 0xff, 0xf6, 0xff, 0xf5, 0xff, 0xfc, 0xff, 
    0xfe, 0xff, 0x02, 0x00, 0x04, 0x00, 0xf6, 0xff, 0xfe, 0xff, 0xfc, 0xff, 0xfa, 0xff, 0x01, 0x00, 
    0xf6, 0xff, 0xfd, 0xff, 0xfd, 0xff, 0xfb, 0xff, 0xfa, 0xff, 0xf7, 0xff, 0xf6, 0xff, 0xfa, 0xff, 
    0xfa, 0xff, 0xf6, 0xff, 0xef, 0xff, 0xf7, 0xff, 0xff, 0xff, 0xf0, 0xff, 0xf8, 0xff, 0xf5, 0xff, 
    0xf6, 0xff, 0xfa, 0xff, 0xf4, 0xff, 0xf3, 0xff, 0xe8, 0xff, 0xe9, 0xff, 0xf4, 0xff, 0xf3, 0xff, 
    0xe9, 0xff, 0xf1, 0xff, 0xf2, 0xff, 0xff, 0xff, 0x05, 0x00, 0xf1, 0xff, 0xfa, 0xff, 0xf1, 0xff, 
    0xef, 0xff, 0xf7, 0xff, 0xed, 0xff, 0xf9, 0xff, 0xf7, 0xff, 0xf4, 0xff, 0xfb, 0xff, 0xf7, 0xff, 
    0xfa, 0xff, 0xf6, 0xff, 0xef, 0xff, 0xf3, 0xff, 0xef, 0xff, 0xef, 0xff, 0xf1, 0xff, 0xf0, 0xff, 
    0xf1, 0xff, 0xf4, 0xff, 0xf0, 0xff, 0xf4, 0xff, 0xf7, 0xff, 0xea, 0xff, 0xf5, 0xff, 0xf7, 0xff, 
    0xed, 0xff, 0xef, 0xff, 0xf0, 0xff, 0xf4, 0xff, 0xf0, 0xff, 0xee, 0xff, 0xef, 0xff, 0xf1, 0xff, 
    0xf0, 0xff, 0xed, 0xff, 0xe8, 0xff, 0xed, 0xff, 0xea, 0xff, 0xe4, 0xff, 0xeb, 0xff, 0xe9, 0xff, 
    0xf2, 0xff, 0xf6, 0xff, 0xee, 0xff, 0xee, 0xff, 0xf0, 0xff, 0xed, 0xff, 0xeb, 0xff, 0xf0, 0xff, 
    0xe2, 0xff, 0xe1, 0xff, 0xee, 0xff, 0xe8, 0xff, 0xe6, 0xff, 0xe3, 0xff, 0xe4, 0xff, 0xe2, 0xff, 
    0xdd, 0xff, 0xe1, 0xff, 0xda, 0xff, 0xde, 0xff, 0xe2, 0xff, 0xe5, 0xff, 0xea, 0xff, 0xec, 0xff, 
    0xef, 0xff, 0xf0, 0xff, 0xec, 0xff, 0xe8, 0xff, 0xed, 0xff, 0xe8, 0xff, 0xf1, 0xff, 0xf2, 0xff, 
    0xf1, 0xff, 0xea, 0xff, 0xf3, 0xff, 0xf9, 0xff, 0xe9, 0xff, 0xf0, 0xff, 0xe9, 0xff, 0xed, 0xff, 
    0xe6, 0xff, 0xe4, 0xff, 0xea, 0xff, 0xe8, 0xff, 0xed, 0xff, 0xeb, 0xff, 0xf2, 0xff, 0xef, 0xff, 
    0xf6, 0xff, 0xf9, 0xff, 0xf7, 0xff, 0xfa, 0xff, 0xf5, 0xff, 0xf7, 0xff, 0xf5, 0xff, 0xf5, 0xff, 
    0xf6, 0xff, 0xf9, 0xff, 0x00, 0x00, 0xfd, 0xff, 0xf8, 0xff, 0xff, 0xff, 0xfc, 0xff, 0xf7, 0xff, 
    0xfd, 0xff, 0xfa, 0xff, 0xfe, 0xff, 0x06, 0x00, 0x03, 0x00, 0x02, 0x00, 0xfd, 0xff, 0x01, 0x00, 
    0x03, 0x00, 0x04, 0x00, 0x09, 0x00, 0xfb, 0xff, 0xfd, 0xff, 0x01, 0x00, 0xfe, 0xff, 0x02, 0x00, 
    0x02, 0x00, 0x02, 0x00, 0xfe, 0xff, 0x01, 0x00, 0xff, 0xff, 0x00, 0x00, 0x05, 0x00, 0x05, 0x00, 
    0x09, 0x00, 0x00, 0x00, 0x09, 0x00, 0x0b, 0x00, 0x02, 0x00, 0x0a, 0x00, 0x05, 0x00, 0x05, 0x00, 
    0x0a, 0x00, 0x06, 0x00, 0x0a, 0x00, 0x0b, 0x00, 0x03, 0x00, 0x0e, 0x00, 0x0f, 0x00, 0x03, 0x00, 
    0x07, 0x00, 0x0a, 0x00, 0x09, 0x00, 0x0e, 0x00, 0x06, 0x00, 0x06, 0x00, 0x10, 0x00, 0x0b, 0x00, 
    0x13, 0x00, 0x12, 0x00, 0x0b, 0x00, 0x1a, 0x00, 0x13, 0x00, 0x11, 0x00, 0x1e, 0x00, 0x18, 0x00, 
    0x0a, 0x00, 0x06, 0x00, 0x0a, 0x00, 0x0d, 0x00, 0x17, 0x00, 0x14, 0x00, 0x10, 0x00, 0x11, 0x00, 
    0x15, 0x00, 0x17, 0x00, 0x17, 0x00, 0x0b, 0x00, 0x0c, 0x00, 0x1e, 0x00, 0x15, 0x00, 0x1d, 0x00, 
    0x25, 0x00, 0x1b, 0x00, 0x27, 0x00, 0x26, 0x00, 0x17, 0x00, 0x24, 0x00, 0x20, 0x00, 0x1d, 0x00, 
    0x22, 0x00, 0x1b, 0x00, 0x1d, 0x00, 0x1f, 0x00, 0x27, 0x00, 0x14, 0x00, 0x10, 0x00, 0x22, 0x00, 
    0x1b, 0x00, 0x24, 0x00, 0x24, 0x00, 0x05, 0x00, 0x28, 0x00, 0x1c, 0x00, 0x05, 0x00, 0x27, 0x00, 
    0x0e, 0x00, 0x1a, 0x00, 0x23, 0x00, 0x16, 0x00, 0x1f, 0x00, 0x0c, 0x00, 0x1f, 0x00, 0x24, 0x00, 
    0x09, 0x00, 0x24, 0x00, 0x20, 0x00, 0x1c, 0x00, 0x2f, 0x00, 0x17, 0x00, 0x24, 0x00, 0x1c, 0x00, 
    0x14, 0x00, 0x1e, 0x00, 0x0e, 0x00, 0x1b, 0x00, 0x1b, 0x00, 0x1f, 0x00, 0xfd, 0xff, 0x0a, 0x00, 
    0x1e, 0x00, 0x13, 0x00, 0x2e, 0x00, 0x09, 0x00, 0x16, 0x00, 0x37, 0x00, 0x1f, 0x00, 0x13, 0x00, 
    0x13, 0x00, 0x06, 0x00, 0x0e, 0x00, 0x01, 0x00, 0x0d, 0x00, 0x15, 0x00, 0xfa, 0xff, 0x17, 0x00, 
    0x08, 0x00, 0x1b, 0x00, 0x1e, 0x00, 0x0b, 0x00, 0x1d, 0x00, 0x0a, 0x00, 0x00, 0x00, 0x00, 0x00, 
    0x18, 0x00, 0x10, 0x00, 0xfb, 0xff, 0x00, 0x00, 0x0f, 0x00, 0xfc, 0xff, 0xff, 0xff, 0x11, 0x00, 
    0xf3, 0xff, 0x13, 0x00, 0xf8, 0xff, 0x19, 0x00, 0x1c, 0x00, 0xe8, 0xff, 0x31, 0x00, 0x03, 0x00, 
    0x01, 0x00, 0x0d, 0x00, 0xf7, 0xff, 0x00, 0x00, 0xef, 0xff, 0x12, 0x00, 0xec, 0xff, 0x12, 0x00, 
    0xfc, 0xff, 0xf7, 0xff, 0x2f, 0x00, 0xf0, 0xff, 0x26, 0x00, 0x03, 0x00, 0xff, 0xff, 0x01, 0x00, 
    0xd6, 0xff, 0x0e, 0x00, 0xfc, 0xff, 0xee, 0xff, 0xed, 0xff, 0xd9, 0xff, 0xf5, 0xff, 0xf4, 0xff, 
    0xff, 0xff, 0x07, 0x00, 0xf4, 0xff, 0x09, 0x00, 0xff, 0xff, 0x19, 0x00, 0xe8, 0xff, 0xe7, 0xff, 
    0xfc, 0xff, 0xcf, 0xff, 0xf5, 0xff, 0xef, 0xff, 0xfa, 0xff, 0xf9, 0xff, 0xeb, 0xff, 0x0c, 0x00, 
    0xf3, 0xff, 0x04, 0x00, 0x02, 0x00, 0xe8, 0xff, 0x1c, 0x00, 0xda, 0xff, 0x08, 0x00, 0x18, 0x00, 
    0xe1, 0xff, 0x10, 0x00, 0xfd, 0xff, 0x05, 0x00, 0x00, 0x00, 0xf3, 0xff, 0xef, 0xff, 0xfb, 0xff, 
    0xed, 0xff, 0xe8, 0xff, 0xe5, 0xff, 0xf2, 0xff, 0xe5, 0xff, 0xee, 0xff, 0x0c, 0x00, 0xeb, 0xff, 
    0xe9, 0xff, 0xfb, 0xff, 0x03, 0x00, 0xed, 0xff, 0xe3, 0xff, 0xf3, 0xff, 0xea, 0xff, 0xe5, 0xff, 
    0x01, 0x00, 0xe5, 0xff, 0x07, 0x00, 0xe3, 0xff, 0xf5, 0xff, 0x18, 0x00, 0xd3, 0xff, 0xf8, 0xff, 
    0xfd, 0xff, 0xf3, 0xff, 0xec, 0xff, 0xff, 0xff, 0x03, 0x00, 0x02, 0x00, 0x13, 0x00, 0x02, 0x00, 
    0xf8, 0xff, 0x15, 0x00, 0xe3, 0xff, 0x01, 0x00, 0x16, 0x00, 0xc3, 0xff, 0xfb, 0xff, 0xf5, 0xff, 
    0xf8, 0xff, 0xfa, 0xff, 0xee, 0xff, 0x20, 0x00, 0xfa, 0xff, 0x0f, 0x00, 0x07, 0x00, 0xee, 0xff, 
    0x0f, 0x00, 0xa8, 0xff, 0xfd, 0xff, 0xd1, 0xff, 0xb3, 0xff, 0x09, 0x00, 0xd3, 0xff, 0x23, 0x00, 
    0xdd, 0xff, 0x15, 0x00, 0x12, 0x00, 0xfa, 0xff, 0x24, 0x00, 0xe1, 0xff, 0x17, 0x00, 0xe1, 0xff, 
    0xf0, 0xff, 0xe6, 0xff, 0xf2, 0xff, 0x0a, 0x00, 0xc9, 0xff, 0x40, 0x00, 0xda, 0xff, 0xe9, 0xff, 
    0x3f, 0x00, 0xf3, 0xff, 0x2f, 0x00, 0xe9, 0xff, 0x07, 0x00, 0x1e, 0x00, 0x0f, 0x00, 0x0f, 0x00, 
    0xf7, 0xff, 0x01, 0x00, 0xd7, 0xff, 0x00, 0x00, 0xfe, 0xff, 0xd2, 0xff, 0xe4, 0xff, 0xec, 0xff, 
    0xe5, 0xff, 0x06, 0x00, 0xf3, 0xff, 0x0a, 0x00, 0x1b, 0x00, 0xec, 0xff, 0x0f, 0x00, 0xf2, 0xff, 
    0x19, 0x00, 0xf6, 0xff, 0xb5, 0xff, 0xf4, 0xff, 0xca, 0xff, 0xd2, 0xff, 0x14, 0x00, 0x01, 0x00, 
    0xba, 0xff, 0x2d, 0x00, 0x19, 0x00, 0x24, 0x00, 0x40, 0x00, 0xe5, 0xff, 0x36, 0x00, 0xee, 0xff, 
    0xec, 0xff, 0x0a, 0x00, 0xf1, 0xff, 0xde, 0xff, 0xf8, 0xff, 0x06, 0x00, 0xe6, 0xff, 0x23, 0x00, 
    0x16, 0x00, 0x0f, 0x00, 0x1a, 0x00, 0xdd, 0xff, 0xfd, 0xff, 0x22, 0x00, 0xee, 0xff, 0xfb, 0xff, 
    0xc8, 0xff, 0xe9, 0xff, 0x1f, 0x00, 0xae, 0xff, 0x2e, 0x00, 0xf7, 0xff, 0xa1, 0xff, 0x3b, 0x00, 
    0xd5, 0xff, 0xe4, 0xff, 0x0b, 0x00, 0xd9, 0xff, 0x26, 0x00, 0xd2, 0xff, 0xee, 0xff, 0x27, 0x00, 
    0xfd, 0xff, 0x2f, 0x00, 0xd4, 0xff, 0xff, 0xff, 0xef, 0xff, 0xf6, 0xff, 0x31, 0x00, 0xd7, 0xff, 
    0x01, 0x00, 0xf5, 0xff, 0x00, 0x00, 0x35, 0x00, 0x16, 0x00, 0xfd, 0xff, 0x13, 0x00, 0x0e, 0x00, 
    0x01, 0x00, 0xce, 0xff, 0x4d, 0x00, 0xf6, 0xff, 0xc0, 0xff, 0x2b, 0x00, 0xaf, 0xff, 0x45, 0x00, 
    0xf1, 0xff, 0x2b, 0x00, 0xee, 0xff, 0x9e, 0xff, 0x40, 0x00, 0xd3, 0xff, 0x32, 0x00, 0xb5, 0xff, 
    0xd0, 0xff, 0x0b, 0x00, 0xcc, 0xff, 0x61, 0x00, 0xc0, 0xff, 0x28, 0x00, 0x0b, 0x00, 0xbe, 0xff, 
    0x5a, 0x00, 0xb7, 0xff, 0x25, 0x00, 0xe3, 0xff, 0xc8, 0xff, 0x11, 0x00, 0xd5, 0xff, 0x1b, 0x00, 
    0x3e, 0x00, 0x20, 0x00, 0xca, 0xff, 0x4d, 0x00, 0x55, 0x00, 0xe5, 0xff, 0x53, 0x00, 0xe5, 0xff, 
    0xb8, 0xff, 0x50, 0x00, 0xe1, 0xff, 0xf4, 0xff, 0x07, 0x00, 0xb3, 0xff, 0x4d, 0x00, 0x19, 0x00, 
    0xd6, 0xff, 0x47, 0x00, 0xc6, 0xff, 0x32, 0x00, 0x1e, 0x00, 0xc4, 0xff, 0x1e, 0x00, 0xda, 0xff, 
    0xf9, 0xff, 0xda, 0xff, 0x0d, 0x00, 0xd2, 0xff, 0xfe, 0xff, 0xe5, 0xff, 0xd9, 0xff, 0x13, 0x00, 
    0xb6, 0xff, 0x84, 0x00, 0xd3, 0xff, 0xce, 0xff, 0x2a, 0x00, 0x26, 0x00, 0x77, 0x00, 0xc1, 0xff, 
    0x40, 0x00, 0xb1, 0xff, 0xfe, 0xff, 0x6f, 0x00, 0xba, 0xff, 0x0b, 0x00, 0xb6, 0xff, 0xe6, 0xff, 
    0x3f, 0x00, 0x24, 0x00, 0x10, 0x00, 0x4b, 0x00, 0xc5, 0xff, 0x17, 0x00, 0x35, 0x00, 0xe7, 0xff, 
    0x74, 0x00, 0x5d, 0xff, 0xdd, 0xff, 0xc9, 0xff, 0xbe, 0xff, 0x66, 0x00, 0xbc, 0xff, 0x16, 0x00, 
    0x90, 0xff, 0xf7, 0xff, 0x8e, 0x00, 0x1e, 0x00, 0x17, 0x00, 0xad, 0xff, 0xd9, 0xff, 0x29, 0x00, 
    0xfe, 0xff, 0x2a, 0x00, 0xad, 0xff, 0xfb, 0xff, 0xe9, 0xff, 0xc3, 0xff, 0x6d, 0x00, 0xd4, 0xff, 
    0x37, 0x00, 0xf5, 0xff, 0x8b, 0xff, 0x27, 0x00, 0x3b, 0x00, 0x09, 0x00, 0x04, 0x00, 0xbc, 0xff, 
    0xe7, 0xff, 0xf7, 0xff, 0x2e, 0x00, 0x2a, 0x00, 0xac, 0xff, 0xdf, 0xff, 0xe8, 0xff, 0xf0, 0xff, 
    0xf4, 0xff, 0x5c, 0x00, 0xb5, 0xff, 0xf4, 0xff, 0xfa, 0xff, 0x05, 0x00, 0x65, 0x00, 0xd7, 0xff, 
    0xfd, 0xff, 0x0b, 0x00, 0xb6, 0xff, 0xe6, 0xff, 0x12, 0x00, 0x17, 0x00, 0xad, 0xff, 0x95, 0xff, 
    0x7a, 0x00, 0x7f, 0xff, 0x1f, 0x00, 0x00, 0x00, 0xfa, 0xff, 0xdb, 0xff, 0x63, 0xff, 0x87, 0x00, 
    0xb5, 0xff, 0xa9, 0xff, 0xf8, 0xff, 0xdb, 0xff, 0x1d, 0x00, 0xee, 0xff, 0xb1, 0xff, 0x2d, 0x00, 
    0x1c, 0x00, 0x20, 0x00, 0x0d, 0x00, 0x81, 0xff, 0x13, 0x00, 0x4e, 0x00, 0x14, 0x00, 0x0e, 0x00, 
    0x74, 0xff, 0x4d, 0x00, 0x3a, 0x00, 0x34, 0x00, 0xd4, 0xff, 0xca, 0xff, 0xd2, 0x00, 0x1b, 0xff, 
    0xc4, 0xff, 0x83, 0x00, 0x82, 0xff, 0x26, 0x00, 0x55, 0xff, 0x5e, 0xff, 0xb6, 0x00, 0x76, 0xff, 
    0x05, 0x00, 0xd2, 0xff, 0xa6, 0xff, 0x02, 0x00, 0xa2, 0xff, 0x91, 0x00, 0x86, 0xff, 0x78, 0xff, 
    0x65, 0x00, 0x9d, 0xff, 0xf9, 0xff, 0x30, 0x00, 0xbc, 0xff, 0x6f, 0x00, 0x36, 0xff, 0xc3, 0x00, 
    0x11, 0x00, 0x99, 0xff, 0x86, 0x00, 0xae, 0xff, 0xee, 0x00, 0x16, 0xff, 0x16, 0x00, 0xb3, 0x00, 
    0xcf, 0xff, 0xd7, 0xff, 0x86, 0xff, 0x9b, 0x00, 0x34, 0xff, 0xe8, 0xff, 0x70, 0x00, 0xf3, 0xfe, 
    0x80, 0x00, 0x2e, 0xff, 0x36, 0x00, 0x14, 0x00, 0x7f, 0xff, 0x8c, 0x00, 0x46, 0xff, 0x0d, 0x00, 
    0xef, 0xff, 0x05, 0x00, 0x96, 0xff, 0x5b, 0x00, 0x4e, 0xff, 0xf9, 0xff, 0x3c, 0x00, 0xe2, 0xff, 
    0x56, 0x00, 0xc7, 0xff, 0x64, 0x00, 0xa2, 0xff, 0xcd, 0x00, 0xd0, 0xff, 0x0b, 0x00, 0x12, 0x00, 
    0xae, 0xff, 0x93, 0x00, 0x37, 0xff, 0x3d, 0x00, 0xd4, 0xff, 0xce, 0xff, 0x9d, 0x00, 0xca, 0xfe, 
    0x61, 0x00, 0x03, 0x00, 0x0f, 0x00, 0xb1, 0xff, 0xb7, 0xff, 0x74, 0x00, 0x04, 0xff, 0x48, 0x00, 
    0x32, 0x00, 0x13, 0x00, 0x92, 0xff, 0x6e, 0xff, 0x7b, 0x00, 0x64, 0x00, 0x82, 0xff, 0x45, 0x00, 
    0xe1, 0xff, 0x0e, 0x00, 0x86, 0xff, 0xf4, 0x00, 0x57, 0x00, 0xfb, 0xfe, 0xf4, 0x00, 0x50, 0xff, 
    0x6c, 0x00, 0xed, 0xff, 0x89, 0x00, 0xe4, 0xff, 0x3c, 0xfe, 0x59, 0x01, 0xb7, 0xff, 0xf2, 0xff, 
    0x19, 0x00, 0xb2, 0xfe, 0xf2, 0x00, 0xbb, 0xff, 0xe2, 0xff, 0xf9, 0xff, 0x00, 0x00, 0x34, 0x00, 
    0xeb, 0xfe, 0x9a, 0x00, 0x41, 0x00, 0xf0, 0xff, 0xc8, 0xff, 0x7a, 0xff, 0xe8, 0x00, 0xb8, 0xff, 
    0x6b, 0x00, 0x32, 0x00, 0x65, 0xff, 0xe4, 0x00, 0xa9, 0xff, 0x93, 0x00, 0x65, 0xff, 0x77, 0x00, 
    0x5f, 0x00, 0x1e, 0xff, 0xd5, 0x00, 0xc8, 0xfe, 0x92, 0x01, 0x40, 0xff, 0x8a, 0xff, 0x40, 0x00, 
    0x23, 0xff, 0x9e, 0x01, 0x1a, 0xfe, 0x81, 0x00, 0x0c, 0x00, 0x5c, 0xff, 0x07, 0x00, 0xcc, 0xff, 
    0xcc, 0x00, 0xc2, 0xfe, 0xe5, 0x00, 0x85, 0xff, 0xe5, 0xff, 0xd4, 0x00, 0x2f, 0xff, 0xa3, 0x01, 
    0x77, 0xfe, 0xcf, 0xff, 0xee, 0x01, 0x00, 0xff, 0xd7, 0x00, 0x64, 0xff, 0x2b, 0x00, 0x66, 0x00, 
    0xfe, 0xff, 0xef, 0x00, 0xee, 0xfe, 0x64, 0x00, 0x8f, 0xff, 0xee, 0x00, 0x75, 0xff, 0x4d, 0xff, 
    0x77, 0x01, 0x04, 0xfe, 0xab, 0x00, 0x07, 0x00, 0x81, 0xff, 0x6f, 0x00, 0x32, 0xff, 0xd0, 0xff, 
    0xdf, 0xff, 0xba, 0x00, 0x80, 0xff, 0x73, 0xff, 0xb7, 0x00, 0x6d, 0xff, 0xb2, 0x00, 0xf0, 0xff, 
    0xe8, 0xff, 0x43, 0x00, 0x87, 0xff, 0x64, 0x01, 0x43, 0xff, 0x16, 0x00, 0x81, 0x00, 0x05, 0x00, 
    0xa8, 0xff, 0xcd, 0x00, 0x78, 0x00, 0xa6, 0xfe, 0x0c, 0x01, 0x7d, 0xff, 0xbb, 0x00, 0xc0, 0xff, 
    0xe2, 0xfe, 0x4f, 0x01, 0xa1, 0xfe, 0x86, 0x00, 0xd6, 0xff, 0x81, 0xff, 0xb6, 0x00, 0x46, 0xfe, 
    0x11, 0x01, 0xc6, 0xff, 0xb0, 0xff, 0x70, 0x00, 0x7e, 0xff, 0xda, 0xff, 0x47, 0x00, 0x32, 0x00, 
    0x22, 0x00, 0x35, 0x00, 0x07, 0xff, 0x8f, 0x01, 0x51, 0xff, 0x01, 0x00, 0xe7, 0x00, 0x59, 0xff, 
    0x37, 0x01, 0xa4, 0xfe, 0x8d, 0x00, 0xb8, 0x00, 0x6d, 0xff, 0xa2, 0x00, 0x6a, 0xff, 0x3f, 0x00, 
    0xa2, 0xfe, 0xf6, 0x01, 0x28, 0xff, 0x5e, 0xff, 0x01, 0x01, 0x8c, 0xfd, 0xfe, 0x01, 0xdb, 0xfe, 
    0x13, 0x01, 0xd6, 0xfe, 0x8c, 0xff, 0x4c, 0x01, 0x85, 0xfd, 0xa3, 0x02, 0x01, 0x00, 0x80, 0x07, 
    0x36, 0xff, 0xbd, 0xff, 0x26, 0x00, 0x72, 0xfe, 0x27, 0x02, 0x47, 0x00, 0xd3, 0xff, 0xb3, 0xff, 
    0x18, 0xff, 0x91, 0x01, 0x9a, 0xff, 0x70, 0x01, 0x47, 0xff, 0x9e, 0xfe, 0xc7, 0x01, 0xbf, 0xfe, 
    0x74, 0x01, 0x3e, 0xff, 0x0d, 0x00, 0x69, 0x00, 0xbc, 0xfd, 0xec, 0x00, 0xb1, 0x01, 0xf9, 0xfe, 
    0x65, 0xfe, 0x8d, 0x01, 0x39, 0xfe, 0x05, 0x00, 0x42, 0x02, 0xf1, 0xfd, 0xec, 0xff, 0xfd, 0xff, 
    0x9d, 0xff, 0xba, 0x00, 0xec, 0xff, 0x7e, 0x00, 0x9c, 0xff, 0x99, 0xff, 0xb0, 0x00, 0x14, 0x00, 
    0xad, 0x00, 0x40, 0xff, 0x2c, 0x01, 0xc0, 0xfe, 0x50, 0xff, 0xc8, 0x02, 0xc9, 0xfd, 0xcf, 0x01, 
    0xe5, 0xfe, 0xe1, 0xfe, 0x8e, 0x01, 0x54, 0xff, 0xcb, 0x00, 0x91, 0xfe, 0xbe, 0xff, 0x55, 0xff, 
    0xc5, 0x00, 0xe1, 0x00, 0x81, 0xfd, 0x50, 0x01, 0x16, 0x00, 0xba, 0xfe, 0x76, 0x01, 0xef, 0xfe, 
    0xb8, 0x01, 0xf7, 0xfe, 0xb1, 0xfe, 0x4a, 0x01, 0x30, 0x00, 0x11, 0x02, 0x52, 0xfd, 0x57, 0x01, 
    0xfb, 0xff, 0xc3, 0xfe, 0x52, 0x03, 0x23, 0xfe, 0xfb, 0xfe, 0x66, 0x01, 0x49, 0xff, 0x38, 0x00, 
    0xf2, 0xfe, 0x5b, 0x01, 0x06, 0x00, 0x27, 0xfe, 0xa0, 0x01, 0xdf, 0xfd, 0x4a, 0x02, 0xb0, 0xff, 
    0x58, 0xfe, 0xb0, 0x00, 0xb7, 0xff, 0xb7, 0x00, 0x35, 0xfe, 0xc3, 0x01, 0x6f, 0xff, 0x85, 0x00, 
    0xe2, 0xfe, 0xc3, 0x00, 0x69, 0x00, 0xf6, 0xfd, 0x6e, 0x03, 0xca, 0xfe, 0xe5, 0xfe, 0xb7, 0x00, 
    0x3b, 0x01, 0x91, 0xff, 0xf6, 0xff, 0x38, 0x00, 0x9d, 0x00, 0xf7, 0xff, 0x11, 0x00, 0x9a, 0x00, 
    0xee, 0xfe, 0xf6, 0x00, 0x5c, 0x00, 0xa4, 0xfe, 0x6a, 0x01, 0x30, 0xfe, 0xfd, 0x00, 0x06, 0x01, 
    0x07, 0xfe, 0xdc, 0x01, 0x7f, 0xfd, 0xd5, 0x02, 0xfa, 0xfd, 0xfd, 0xff, 0x47, 0x02, 0x83, 0xfd, 
    0xc8, 0x01, 0x6e, 0xfe, 0x78, 0x01, 0x0b, 0xff, 0x78, 0x00, 0x17, 0x02, 0x70, 0xfc, 0x0b, 0x02, 
    0x59, 0xff, 0x2c, 0x00, 0x84, 0x01, 0xff, 0xfd, 0x56, 0x00, 0x60, 0x00, 0x21, 0x02, 0x1a, 0xfe, 
    0x32, 0x00, 0xdf, 0x00, 0x10, 0xff, 0xd9, 0x01, 0x5e, 0xff, 0x11, 0xff, 0x2a, 0x01, 0x58, 0xff, 
    0xba, 0x00, 0x44, 0xff, 0x41, 0xff, 0xa7, 0x02, 0xde, 0xfd, 0xcc, 0xff, 0x69, 0x00, 0xd2, 0x00, 
    0x29, 0x00, 0xc8, 0xff, 0x3e, 0x00, 0x39, 0xfe, 0x97, 0x01, 0xe1, 0x01, 0x60, 0xfe, 0x4a, 0x01, 
    0x21, 0xff, 0x73, 0x00, 0x1e, 0x02, 0xeb, 0xfe, 0x40, 0x01, 0xef, 0xfc, 0x70, 0x01, 0x9e, 0xff, 
    0x5d, 0xfe, 0x21, 0x01, 0x7b, 0xfe, 0x67, 0x00, 0xbb, 0x00, 0x62, 0xff, 0x1f, 0xff, 0x97, 0x01, 
    0x52, 0xff, 0x62, 0xfe, 0x45, 0x00, 0x34, 0x00, 0x8f, 0xff, 0x77, 0xff, 0x95, 0x00, 0xb9, 0xff, 
    0x65, 0x00, 0xc6, 0x00, 0x9e, 0xfe, 0xdb, 0x01, 0xf4, 0xfe, 0x6b, 0x01, 0xaa, 0x00, 0xc7, 0xfc, 
    0xd8, 0x01, 0xcc, 0xff, 0x4b, 0x02, 0x23, 0xfd, 0xba, 0xff, 0xae, 0x04, 0x9f, 0xfc, 0x89, 0x01, 
    0xa2, 0xfe, 0x8d, 0x00, 0xf9, 0x00, 0xda, 0xfb, 0x3f, 0x00, 0x82, 0xfe, 0xae, 0x01, 0x7b, 0x00, 
    0x1c, 0xfd, 0x7d, 0xfe, 0xd8, 0x01, 0x61, 0x01, 0xce, 0xfe, 0xb8, 0xfe, 0xad, 0xff, 0x9f, 0x01, 
    0x1a, 0xfe, 0x55, 0x00, 0xed, 0x00, 0xc3, 0xfe, 0xd5, 0x01, 0x85, 0xfd, 0x93, 0x01, 0xcd, 0xfe, 
    0x36, 0x01, 0x74, 0x02, 0x2f, 0xfa, 0xbd, 0x04, 0x60, 0xfd, 0xee, 0x01, 0x67, 0x00, 0xee, 0xfd, 
    0x96, 0x03, 0xc1, 0xfb, 0x82, 0x03, 0xa0, 0xfd, 0x90, 0x03, 0xbb, 0xff, 0xbb, 0xfa, 0x4f, 0x06, 
    0xee, 0xfa, 0xd1, 0x03, 0xcd, 0xfe, 0x63, 0xfc, 0x5b, 0x03, 0x3b, 0xfb, 0xd5, 0x06, 0x05, 0xfb, 
    0x65, 0xff, 0x90, 0x02, 0x5d, 0xfc, 0x3d, 0x03, 0x78, 0xfc, 0xe5, 0x04, 0xf0, 0xfc, 0xb4, 0x00, 
    0x6b, 0xff, 0xfc, 0xfd, 0x05, 0x06, 0x57, 0xfd, 0x47, 0x01, 0x33, 0xfb, 0x29, 0x04, 0x85, 0x01, 
    0x9e, 0xfb, 0x20, 0x04, 0xf3, 0xfc, 0x9c, 0x01, 0x98, 0xff, 0x6c, 0xff, 0x18, 0x01, 0xfa, 0xfd, 
    0x86, 0x06, 0xb8, 0xf8, 0x1b, 0x00, 0x27, 0x04, 0x68, 0xfc, 0xb0, 0x04, 0xde, 0xfa, 0x5e, 0x02, 
    0x26, 0xff, 0x0f, 0xff, 0x7e, 0x02, 0xa8, 0xfd, 0xa5, 0x03, 0xdf, 0xfe, 0xfa, 0xfd, 0x0e, 0x02, 
    0x4e, 0x00, 0x3f, 0x01, 0xac, 0xff, 0x79, 0xff, 0xc0, 0xff, 0x69, 0x01, 0x6f, 0x05, 0x81, 0xf8, 
    0x56, 0x03, 0xd3, 0x01, 0x2a, 0xfc, 0x6b, 0x06, 0x0f, 0xf9, 0x7b, 0x02, 0xc2, 0xff, 0x3f, 0xfd, 
    0x66, 0x05, 0xb9, 0xf8, 0x21, 0x05, 0x29, 0x00, 0x32, 0xfa, 0x26, 0x05, 0xde, 0xfd, 0xb4, 0x03, 
    0x07, 0xfe, 0xf7, 0xfc, 0xb4, 0x00, 0xb2, 0x01, 0x90, 0x04, 0xe8, 0xfa, 0x0b, 0x03, 0xb2, 0xfe, 
    0x5a, 0x00, 0x2f, 0x03, 0x10, 0xfe, 0xdc, 0x01, 0xa0, 0xfb, 0xa6, 0x04, 0x74, 0xfd, 0x0c, 0xfe, 
    0xa8, 0x05, 0x4e, 0xfd, 0xe6, 0xff, 0xbd, 0xff, 0x92, 0x00, 0xe9, 0x00, 0xeb, 0xff, 0x72, 0xff, 
    0xf1, 0xfd, 0x91, 0x02, 0x90, 0xff, 0x79, 0xff, 0x86, 0x00, 0xa3, 0xfe, 0xe8, 0x03, 0x59, 0xfd, 
    0x2f, 0x02, 0xcb, 0xff, 0x92, 0xfb, 0xd1, 0x05, 0x1e, 0xff, 0xab, 0xfa, 0x88, 0x04, 0xf7, 0x00, 
    0xe0, 0xfb, 0xbe, 0xfe, 0x8e, 0x01, 0x9e, 0x05, 0x02, 0xfc, 0x5a, 0xfe, 0x1b, 0xff, 0xc6, 0x00, 
    0xb7, 0x03, 0x75, 0xfc, 0xa5, 0xff, 0x9a, 0xff, 0xb3, 0x02, 0x80, 0xfe, 0xaa, 0xfd, 0xab, 0x03, 
    0x17, 0x00, 0x28, 0x01, 0x99, 0xfd, 0xd1, 0x00, 0xf0, 0x01, 0xea, 0x01, 0xcb, 0xff, 0x77, 0xfa, 
    0x44, 0x07, 0x1a, 0xff, 0x42, 0xfd, 0xc2, 0xfd, 0x23, 0xff, 0x22, 0x08, 0x63, 0xf9, 0x22, 0x02, 
    0x80, 0xfc, 0xe8, 0xfe, 0x22, 0x06, 0x77, 0xf8, 0xb5, 0x06, 0xfa, 0xfb, 0x48, 0x00, 0x70, 0x02, 
    0xbe, 0xfc, 0x7d, 0x04, 0x68, 0xfd, 0x81, 0x03, 0xc1, 0xfd, 0x52, 0xfe, 0x89, 0x03, 0x43, 0xfe, 
    0xfc, 0x02, 0x7c, 0xfe, 0xcc, 0xfd, 0xa2, 0x01, 0x0f, 0xff, 0x50, 0x01, 0xfd, 0x01, 0x06, 0xfe, 
    0x74, 0xff, 0x87, 0x03, 0xd8, 0xf8, 0x79, 0x05, 0x6c, 0x00, 0x05, 0xfa, 0xfb, 0x04, 0xee, 0xfd, 
    0x8f, 0x00, 0x4e, 0xfb, 0xe0, 0x04, 0x39, 0x02, 0x5f, 0xfb, 0x11, 0x04, 0x6f, 0xfb, 0xaa, 0xff, 
    0x86, 0x01, 0x8b, 0x02, 0x8b, 0x00, 0xf8, 0xf8, 0x66, 0x02, 0x0f, 0x02, 0xa2, 0xff, 0xc2, 0x01, 
    0x5a, 0x00, 0x0c, 0x01, 0x2c, 0xfe, 0xcc, 0x00, 0x3f, 0x03, 0x61, 0xfd, 0x69, 0x01, 0x15, 0x01, 
    0x1a, 0xfa, 0x7d, 0x02, 0x34, 0x01, 0x26, 0xff, 0xd2, 0x01, 0xb8, 0xfa, 0x83, 0x04, 0xeb, 0xfd, 
    0xc6, 0x00, 0xd8, 0x04, 0x44, 0xf9, 0xdd, 0x01, 0x3b, 0x01, 0xdf, 0xfe, 0xe8, 0xfc, 0x23, 0x02, 
    0x0e, 0xff, 0x9a, 0xff, 0xe3, 0x01, 0x01, 0xfc, 0x8e, 0x02, 0x0a, 0xfe, 0xef, 0x02, 0xac, 0xff, 
    0x54, 0xfb, 0xb8, 0x06, 0x67, 0xfd, 0xbe, 0x00, 0x8c, 0xff, 0x81, 0xfe, 0xc8, 0x02, 0xaf, 0xfb, 
    0x01, 0x03, 0x12, 0xfc, 0x37, 0x04, 0xb2, 0x00, 0xed, 0xfa, 0xed, 0x05, 0x62, 0xf9, 0x84, 0x03, 
    0x72, 0x01, 0xac, 0xfd, 0x08, 0x02, 0x67, 0xfe, 0x5f, 0x03, 0x22, 0xfd, 0x0a, 0xfe, 0x13, 0x03, 
    0x30, 0x00, 0x2d, 0xfc, 0x83, 0xff, 0xbc, 0x02, 0xca, 0xfd, 0x02, 0x00, 0xe5, 0xfd, 0x17, 0x00, 
    0xa5, 0x03, 0xa2, 0xfb, 0x1e, 0x04, 0x37, 0xff, 0xa2, 0xfc, 0x10, 0x00, 0xac, 0xfe, 0xc9, 0x05, 
    0x12, 0xfc, 0xe2, 0xfd, 0x6f, 0x01, 0x08, 0xff, 0x9d, 0x03, 0x45, 0x01, 0xb9, 0xfc, 0xc5, 0xfc, 
    0x02, 0x06, 0xf4, 0x01, 0xb8, 0xfa, 0x09, 0x05, 0x2c, 0xfe, 0xf2, 0xfe, 0x15, 0x03, 0xf3, 0xfc, 
    0x29, 0x04, 0x4f, 0xfc, 0x54, 0x01, 0x91, 0xfe, 0xb1, 0xfa, 0xfc, 0x09, 0xf1, 0xfd, 0xc5, 0xfc, 
    0xda, 0xfe, 0xc2, 0xfe, 0xd6, 0x06, 0xcc, 0xfc, 0x19, 0xfc, 0xd7, 0x02, 0x5d, 0xff, 0x7a, 0xff, 
    0x82, 0xff, 0x70, 0xff, 0xaa, 0xff, 0x6a, 0x02, 0x6f, 0xfe, 0x81, 0x00, 0x53, 0x02, 0xaa, 0xfe, 
    0x91, 0x04, 0x41, 0xf9, 0x89, 0x02, 0x4f, 0x09, 0xc5, 0xf7, 0xfb, 0x01, 0xb1, 0x03, 0xab, 0xfb, 
    0xe7, 0x03, 0xf4, 0x01, 0xc7, 0xfd, 0xae, 0x00, 0x9e, 0x00, 0x2a, 0x03, 0xbf, 0x00, 0x96, 0xfb, 
    0x79, 0x00, 0x1f, 0x02, 0x72, 0xfe, 0x34, 0x05, 0xb9, 0xf9, 0x56, 0xfd, 0xd3, 0x05, 0xe8, 0xf8, 
    0x75, 0x02, 0xd6, 0xfe, 0xc5, 0xfe, 0xa8, 0xfe, 0x2d, 0xfc, 0x17, 0x01, 0x67, 0xf9, 0x5b, 0x06, 
    0x92, 0x01, 0xd2, 0xf7, 0x1c, 0x05, 0x85, 0xff, 0xdd, 0x01, 0x0a, 0xff, 0xaa, 0xfe, 0x52, 0x01, 
    0x19, 0x01, 0x32, 0x04, 0xa2, 0xf7, 0x17, 0x03, 0xfb, 0x03, 0x68, 0xff, 0x2d, 0x01, 0xc7, 0xfa, 
    0x19, 0x01, 0x72, 0x02, 0x96, 0x04, 0x3d, 0xfb, 0xa1, 0xfc, 0xca, 0x03, 0xf3, 0xfd, 0x30, 0x04, 
    0xa6, 0xfd, 0x17, 0xff, 0x58, 0xff, 0xf2, 0xfe, 0x37, 0x05, 0xe4, 0xfc, 0xc9, 0x04, 0xf4, 0x00, 
    0xb6, 0xf7, 0x3d, 0x04, 0x15, 0x04, 0x16, 0x02, 0x8f, 0xfd, 0x09, 0xfb, 0xa7, 0xfe, 0x3b, 0x01, 
    0xed, 0x06, 0xec, 0xff, 0xd9, 0xf8, 0xca, 0xfe, 0x2c, 0x02, 0x02, 0x01, 0x2a, 0x03, 0x8c, 0xfe, 
    0x4f, 0xff, 0x74, 0xfd, 0xa9, 0x01, 0x52, 0x03, 0xba, 0x00, 0x03, 0x04, 0xf1, 0xfc, 0xba, 0xfc, 
    0xcd, 0x04, 0xaa, 0x00, 0x2b, 0xfe, 0x9f, 0xff, 0x70, 0xf9, 0x31, 0x05, 0x4a, 0x04, 0x8d, 0xf6, 
    0xc5, 0x01, 0x61, 0x02, 0x84, 0x02, 0x3d, 0x00, 0x2a, 0xf9, 0x77, 0x09, 0x17, 0xfd, 0xc7, 0xfb, 
    0xd1, 0x01, 0x5f, 0xfc, 0xcd, 0x06, 0xe9, 0xfe, 0x6b, 0xf8, 0x30, 0xf8, 0x08, 0x07, 0x14, 0x0b, 
    0x09, 0xf7, 0xa8, 0xf8, 0x8f, 0x03, 0x36, 0x09, 0x78, 0x00, 0xaa, 0xfb, 0x55, 0xf9, 0xcc, 0x02, 
    0x38, 0x0a, 0xb6, 0xf9, 0x3d, 0xff, 0x84, 0xfe, 0x23, 0x05, 0xbe, 0x01, 0x68, 0xf6, 0xa3, 0x06, 
    0xdf, 0xff, 0x82, 0x05, 0x63, 0xff, 0x5d, 0xf2, 0x1c, 0x08, 0xb3, 0x06, 0xb0, 0x02, 0x52, 0xf6, 
    0x9c, 0xf8, 0x24, 0x0c, 0x45, 0x02, 0xfc, 0xf7, 0x4b, 0xfc, 0x61, 0x04, 0x78, 0x01, 0xb9, 0x00, 
    0x00, 0xfe, 0x6a, 0xfe, 0xbe, 0x02, 0xa7, 0x00, 0xa6, 0xfc, 0xad, 0xfc, 0x41, 0x08, 0x47, 0x02, 
    0x0d, 0xf4, 0xc1, 0xff, 0x73, 0x04, 0xa3, 0x00, 0x14, 0x01, 0x3a, 0xfd, 0xdc, 0xfc, 0xe6, 0x03, 
    0xaf, 0x02, 0xbc, 0xfb, 0x29, 0x03, 0xe6, 0x01, 0x1c, 0xfe, 0x1f, 0xfe, 0xd3, 0xff, 0x36, 0x03, 
    0xc8, 0xfe, 0xfa, 0xff, 0xe9, 0x01, 0x69, 0xfe, 0x52, 0x01, 0xc9, 0xff, 0x94, 0xfc, 0x49, 0x01, 
    0x6b, 0x01, 0x97, 0x00, 0xab, 0xfb, 0xc4, 0x01, 0x34, 0x01, 0xf8, 0xf8, 0x1b, 0x05, 0xbd, 0x02, 
    0x03, 0x00, 0x7f, 0x00, 0x6f, 0xfd, 0x0a, 0x02, 0xcc, 0xfc, 0x71, 0x00, 0x1b, 0x01, 0x5b, 0xff, 
    0xf2, 0x01, 0x55, 0xfb, 0x2b, 0xfc, 0xfe, 0xfd, 0x80, 0x08, 0x64, 0x04, 0xff, 0xfa, 0xc1, 0x00, 
    0xb8, 0xfb, 0x10, 0x05, 0x96, 0x04, 0x68, 0xfc, 0xbc, 0xfe, 0xa2, 0xfe, 0x47, 0xff, 0x76, 0xfc, 
    0xd1, 0x01, 0x0a, 0x04, 0xbe, 0x02, 0x29, 0xfc, 0xba, 0xfa, 0x12, 0x01, 0x6f, 0x04, 0xb8, 0x02, 
    0x5b, 0xf6, 0x9f, 0xfc, 0xc0, 0x07, 0x47, 0xfd, 0x67, 0xfb, 0xbc, 0xfe, 0x8c, 0x01, 0x16, 0x06, 
    0x3a, 0x00, 0xe8, 0xf9, 0xb2, 0xfe, 0x10, 0x08, 0xf3, 0x04, 0xc9, 0xfc, 0xcf, 0xf6, 0x3d, 0x05, 
    0xb5, 0x06, 0x79, 0xf8, 0x34, 0x00, 0xcf, 0xff, 0x3f, 0xfe, 0xa4, 0x01, 0x9c, 0xfe, 0x89, 0x00, 
    0xc7, 0x01, 0xd0, 0x00, 0x33, 0xfe, 0x8a, 0xfa, 0xf0, 0x05, 0xb4, 0x04, 0x19, 0xfc, 0xde, 0xfe, 
    0x29, 0xfe, 0xdc, 0x04, 0x43, 0x02, 0x3f, 0xfc, 0xeb, 0xff, 0xe3, 0xff, 0xea, 0x01, 0x8b, 0x02, 
    0xcb, 0xfe, 0x5b, 0x00, 0x76, 0x03, 0xb3, 0x00, 0xb7, 0xfe, 0xf5, 0xfe, 0x75, 0xfe, 0x3b, 0x04, 
    0xb8, 0x00, 0x42, 0xfc, 0x55, 0x01, 0x4c, 0xfd, 0x26, 0x00, 0xef, 0xfd, 0x28, 0xfe, 0x4a, 0x02, 
    0x8d, 0xff, 0xa2, 0xff, 0x9c, 0xfd, 0xcd, 0x03, 0xfd, 0xff, 0x81, 0xfc, 0x42, 0x02, 0xf2, 0x01, 
    0x7a, 0xff, 0x71, 0xff, 0x8f, 0x03, 0x5c, 0x02, 0xd9, 0xff, 0x14, 0xff, 0x71, 0xfe, 0x0a, 0x02, 
    0x65, 0x02, 0x61, 0x01, 0x66, 0xfe, 0xdf, 0xfd, 0xa9, 0x03, 0x8b, 0xff, 0xe9, 0xfb, 0x1a, 0xfd, 
    0x46, 0x03, 0xc8, 0x02, 0xb6, 0xfc, 0x22, 0xfd, 0xed, 0xfe, 0xc1, 0x00, 0x10, 0x00, 0x00, 0xff, 
    0x99, 0xfc, 0x18, 0x01, 0x9f, 0xff, 0x98, 0xfd, 0x31, 0xfe, 0xe4, 0xfc, 0x6c, 0x01, 0x4f, 0xfe, 
    0xcc, 0xff, 0xac, 0x01, 0xcf, 0xfe, 0xc6, 0x03, 0x81, 0xfe, 0x57, 0xfd, 0x1c, 0x04, 0xe5, 0x00, 
    0xaf, 0x04, 0x3f, 0x00, 0x91, 0xfc, 0x5f, 0x01, 0x56, 0xff, 0xb2, 0x01, 0x13, 0x03, 0x03, 0x03, 
    0x61, 0x00, 0xab, 0xfb, 0x29, 0x00, 0xf9, 0x02, 0xf3, 0x00, 0x92, 0x01, 0x5b, 0xfb, 0x1b, 0xfe, 
    0x04, 0x02, 0xab, 0xfe, 0xab, 0xff, 0x0e, 0xfe, 0x6f, 0xfe, 0xd5, 0xfe, 0xe3, 0x00, 0x5f, 0x01, 
    0x02, 0xfe, 0xc4, 0xfd, 0x64, 0x00, 0xac, 0x00, 0xf5, 0xfe, 0x5d, 0x01, 0x29, 0x03, 0x4f, 0xfb, 
    0x64, 0xfd, 0x8c, 0x06, 0x49, 0x00, 0xef, 0x00, 0x55, 0xff, 0xd3, 0xfa, 0xd8, 0x01, 0x37, 0x02, 
    0xde, 0x03, 0xf7, 0xff, 0xee, 0xf6, 0x43, 0x01, 0x0e, 0x03, 0xd8, 0x00, 0xa1, 0x05, 0xd4, 0xfc, 
    0x4a, 0xfd, 0xf7, 0x03, 0xb3, 0x00, 0xe4, 0xfc, 0x47, 0x00, 0x16, 0x00, 0x5a, 0x03, 0x29, 0x00, 
    0x25, 0xf8, 0xb2, 0x01, 0x9c, 0x03, 0x69, 0x01, 0x6b, 0xfe, 0x5e, 0xfc, 0x4c, 0x03, 0x00, 0x03, 
    0x57, 0xfd, 0x93, 0xfd, 0x13, 0x03, 0xcc, 0x05, 0xd2, 0xfe, 0x77, 0xfc, 0xe7, 0xff, 0x32, 0x05, 
    0x3f, 0x03, 0xf3, 0xfb, 0x19, 0xfc, 0xf8, 0x03, 0x01, 0x0b, 0x9c, 0xfe, 0x60, 0xfc, 0x46, 0x01, 
    0x1c, 0x01, 0x41, 0x08, 0x56, 0x01, 0x07, 0xfc, 0x9a, 0x04, 0x14, 0x02, 0x43, 0x00, 0x1a, 0x00, 
    0x01, 0x00, 0x80, 0x07, 0xb1, 0xfb, 0x3f, 0x04, 0x37, 0x02, 0xff, 0xf7, 0x48, 0xfd, 0xcd, 0xff, 
    0x09, 0x02, 0x8b, 0x01, 0x58, 0xf6, 0xe2, 0xf8, 0xb2, 0x01, 0x7e, 0xff, 0x4e, 0xfc, 0x48, 0xf9, 
    0x68, 0xfa, 0x49, 0xfd, 0x9a, 0xfc, 0x2b, 0xfc, 0x8b, 0xfd, 0x95, 0xfc, 0xdf, 0xfb, 0x11, 0xfa, 
    0xcf, 0xfa, 0xcd, 0x01, 0x6d, 0xfd, 0xc1, 0xf9, 0x85, 0xfc, 0x19, 0xfe, 0x8c, 0x01, 0x06, 0x01, 
    0xd4, 0xfb, 0x0b, 0xfe, 0x3b, 0x02, 0x25, 0x03, 0xf3, 0x03, 0xaf, 0x00, 0x41, 0xff, 0xe8, 0x03, 
    0x49, 0x07, 0xff, 0x06, 0x24, 0x08, 0x7f, 0x03, 0x8b, 0x01, 0x31, 0x08, 0xc8, 0x0b, 0x57, 0x0c, 
    0xd1, 0x08, 0x1f, 0x03, 0x41, 0x09, 0x65, 0x0e, 0x86, 0x0b, 0x02, 0x0b, 0x4c, 0x06, 0x25, 0x07, 
    0x5a, 0x0a, 0xff, 0x08, 0x59, 0x08, 0x54, 0x08, 0xfd, 0x05, 0x20, 0x00, 0xc0, 0x01, 0x95, 0x04, 
    0x3a, 0x02, 0x2b, 0x01, 0xc7, 0xfc, 0xe5, 0xf9, 0x59, 0xfb, 0x4d, 0xfb, 0x61, 0xfa, 0xb6, 0xf5, 
    0x24, 0xf6, 0x91, 0xf6, 0x68, 0xf3, 0x9c, 0xf4, 0x7b, 0xf4, 0x13, 0xf3, 0xdd, 0xef, 0xc0, 0xf0, 
    0xdc, 0xf0, 0xe6, 0xef, 0xec, 0xf0, 0x1d, 0xeb, 0x3b, 0xe8, 0x76, 0xed, 0x31, 0xf0, 0x94, 0xf1, 
    0x3f, 0xef, 0x34, 0xeb, 0x6d, 0xef, 0x96, 0xf5, 0xe9, 0xfa, 0xf2, 0xf9, 0x60, 0xf4, 0x96, 0xf7, 
    0x0d, 0x01, 0xbf, 0x06, 0x1f, 0x07, 0x54, 0x02, 0x77, 0x03, 0xae, 0x09, 0xb1, 0x11, 0x63, 0x15, 
    0x3a, 0x0e, 0xa1, 0x10, 0x98, 0x15, 0xe9, 0x18, 0x04, 0x1b, 0x42, 0x17, 0x9c, 0x19, 0xd0, 0x19, 
    0xae, 0x18, 0x4b, 0x1d, 0x4b, 0x1b, 0x52, 0x18, 0xa7, 0x16, 0x3a, 0x14, 0xc6, 0x15, 0xda, 0x15, 
    0x62, 0x12, 0xcc, 0x0c, 0x45, 0x0a, 0xbe, 0x0a, 0xb5, 0x0a, 0x83, 0x07, 0x39, 0x04, 0x7a, 0xff, 
    0xed, 0xfc, 0x16, 0x00, 0x7c, 0xfc, 0x41, 0xf6, 0x39, 0xf3, 0x12, 0xf3, 0x51, 0xf5, 0xf5, 0xf3, 
    0x74, 0xef, 0x98, 0xed, 0x8a, 0xef, 0x95, 0xee, 0xa7, 0xe9, 0x97, 0xe8, 0xb0, 0xeb, 0x85, 0xe9, 
    0xb9, 0xe0, 0xde, 0xdc, 0xcd, 0xdf, 0xa3, 0xe7, 0xd5, 0xea, 0xa3, 0xde, 0xce, 0xd7, 0xf3, 0xe0, 
    0x91, 0xed, 0x8c, 0xef, 0x4a, 0xe7, 0x8a, 0xe5, 0xe0, 0xec, 0x36, 0xf7, 0x0d, 0xfa, 0xf0, 0xf5, 
    0x8d, 0xf9, 0x22, 0x02, 0xb3, 0x06, 0xd6, 0x07, 0x51, 0x0a, 0x4d, 0x11, 0x04, 0x17, 0x4f, 0x17, 
    0x12, 0x17, 0xe1, 0x19, 0xf0, 0x20, 0x2a, 0x22, 0x0d, 0x1c, 0xf7, 0x1b, 0x66, 0x1f, 0x0c, 0x22, 
    0x8e, 0x1f, 0x9e, 0x19, 0x1e, 0x16, 0x36, 0x16, 0x0f, 0x1b, 0x42, 0x19, 0xa1, 0x11, 0xfc, 0x0e, 
    0x19, 0x0f, 0xe3, 0x0f, 0xb9, 0x0c, 0x42, 0x09, 0x1e, 0x0a, 0xac, 0x09, 0xb2, 0x06, 0xeb, 0x03, 
    0xcb, 0x03, 0x47, 0x05, 0xdf, 0x05, 0x30, 0x01, 0x0e, 0xff, 0x4a, 0x00, 0xb5, 0xff, 0x1a, 0xfd, 
    0x15, 0xf7, 0x78, 0xf7, 0xba, 0xfa, 0x97, 0xf7, 0x0b, 0xf0, 0xc9, 0xe8, 0x97, 0xe8, 0xf1, 0xea, 
    0x61, 0xe9, 0x58, 0xe1, 0x81, 0xd4, 0x0d, 0xd1, 0xf2, 0xd8, 0xa7, 0xdf, 0x52, 0xda, 0x1c, 0xd1, 
    0xd0, 0xd0, 0x1d, 0xd7, 0x3d, 0xe0, 0xc7, 0xe4, 0x55, 0xe1, 0xb1, 0xdf, 0x4c, 0xe5, 0xa9, 0xee, 
    0x5f, 0xf5, 0x2b, 0xf9, 0x9b, 0xfd, 0x9e, 0xfe, 0x67, 0x02, 0x87, 0x0c, 0xaf, 0x14, 0x92, 0x18, 
    0xe0, 0x19, 0xb6, 0x19, 0x60, 0x1b, 0x64, 0x23, 0x9c, 0x28, 0x19, 0x24, 0xef, 0x1f, 0x04, 0x20, 
    0x35, 0x21, 0x1a, 0x21, 0x58, 0x1e, 0x17, 0x1a, 0xdd, 0x16, 0xf3, 0x16, 0x06, 0x15, 0xc0, 0x11, 
    0x30, 0x12, 0x38, 0x11, 0x7e, 0x0b, 0xd4, 0x08, 0xe1, 0x0b, 0x92, 0x0c, 0x47, 0x0a, 0xf0, 0x08, 
    0x6f, 0x08, 0x3e, 0x08, 0xef, 0x0b, 0xfd, 0x0c, 0x6c, 0x07, 0xb0, 0x05, 0x91, 0x07, 0xc1, 0x08, 
    0xcf, 0x06, 0x4b, 0x01, 0xae, 0xfd, 0x16, 0xfc, 0xe9, 0xfb, 0x93, 0xfa, 0xeb, 0xf3, 0x69, 0xed, 
    0xdc, 0xea, 0xa4, 0xe7, 0xe0, 0xe1, 0xb6, 0xdc, 0x44, 0xd6, 0x71, 0xd0, 0x4d, 0xcd, 0x8a, 0xce, 
    0x91, 0xd1, 0x7d, 0xcf, 0x4d, 0xcd, 0x1b, 0xce, 0x87, 0xd3, 0x97, 0xdb, 0x00, 0xe0, 0xce, 0xe1, 
    0xf8, 0xe2, 0xe8, 0xe8, 0x7a, 0xf5, 0x96, 0xff, 0x35, 0x03, 0xec, 0x01, 0x91, 0x05, 0x25, 0x12, 
    0x2a, 0x1d, 0xce, 0x1f, 0x85, 0x1d, 0xc2, 0x1d, 0xec, 0x22, 0xc6, 0x28, 0x93, 0x29, 0x12, 0x25, 
    0xa4, 0x22, 0x9a, 0x23, 0x29, 0x21, 0x05, 0x1e, 0x1a, 0x1b, 0x7f, 0x17, 0xed, 0x14, 0xad, 0x12, 
    0xb6, 0x10, 0x45, 0x0e, 0xd6, 0x0c, 0x63, 0x0d, 0x85, 0x0b, 0x8e, 0x08, 0x22, 0x09, 0x2a, 0x0b, 
    0x43, 0x0c, 0x2a, 0x0c, 0xb3, 0x0b, 0x14, 0x0c, 0x3a, 0x0e, 0xf1, 0x0f, 0x48, 0x0f, 0xc1, 0x0e, 
    0x82, 0x0e, 0x87, 0x0d, 0x5c, 0x0d, 0x89, 0x09, 0x65, 0x04, 0x1d, 0x02, 0xb5, 0xff, 0x72, 0xfc, 
    0x26, 0xf7, 0x67, 0xf3, 0xf0, 0xed, 0x75, 0xe6, 0xfa, 0xe1, 0x9a, 0xdd, 0x3e, 0xda, 0x67, 0xd3, 
    0xf2, 0xc9, 0x7b, 0xc5, 0x4d, 0xc8, 0x03, 0xd1, 0x15, 0xcf, 0xdf, 0xc5, 0xab, 0xc8, 0x9c, 0xd3, 
    0x92, 0xdd, 0x31, 0xe1, 0xb5, 0xe0, 0x1e, 0xe4, 0x73, 0xee, 0xba, 0xf9, 0xab, 0x00, 0x87, 0x03, 
    0xa1, 0x06, 0xa2, 0x0e, 0xb6, 0x15, 0x4b, 0x1a, 0x0c, 0x1e, 0x4a, 0x1f, 0xd2, 0x21, 0x83, 0x24, 
    0xdb, 0x24, 0xb6, 0x23, 0xcc, 0x21, 0x71, 0x21, 0x30, 0x1e, 0xa4, 0x19, 0x8e, 0x18, 0x65, 0x17, 
    0xc4, 0x13, 0x42, 0x0f, 0x7a, 0x0c, 0x3b, 0x0d, 0x09, 0x0f, 0x0e, 0x0e, 0x53, 0x0b, 0xcb, 0x09, 
    0x04, 0x0c, 0x56, 0x0e, 0xd4, 0x0d, 0xed, 0x0e, 0x34, 0x11, 0xf8, 0x11, 0x45, 0x14, 0xf3, 0x14, 
    0xd1, 0x13, 0x99, 0x15, 0xed, 0x16, 0x4d, 0x15, 0x25, 0x12, 0x74, 0x0f, 0x94, 0x0e, 0xb7, 0x0a, 
    0x6a, 0x05, 0x38, 0x01, 0x76, 0xf9, 0x1e, 0xf4, 0xb2, 0xf1, 0xc5, 0xed, 0xb6, 0xe6, 0xc0, 0xdd, 
    0xde, 0xd9, 0x89, 0xd6, 0xc7, 0xd1, 0x20, 0xcd, 0x89, 0xc3, 0x6f, 0xbf, 0x39, 0xc6, 0x5c, 0xcc, 
    0xb9, 0xcb, 0x82, 0xc9, 0xa5, 0xcc, 0xe1, 0xd3, 0x1e, 0xdd, 0x3a, 0xe5, 0x8a, 0xe9, 0x33, 0xec, 
    0x0b, 0xf4, 0xbc, 0xfe, 0x3b, 0x04, 0xe9, 0x08, 0xc1, 0x0e, 0x28, 0x14, 0xe7, 0x18, 0x09, 0x1b, 
    0xfb, 0x1b, 0xad, 0x1d, 0x0f, 0x22, 0x84, 0x24, 0x1e, 0x21, 0x40, 0x1d, 0xa9, 0x1b, 0x23, 0x1c, 
    0x91, 0x1a, 0xcd, 0x16, 0xd6, 0x13, 0xe5, 0x10, 0xe0, 0x0e, 0x0e, 0x0e, 0xb8, 0x0d, 0x8b, 0x0d, 
    0xb2, 0x0d, 0x9f, 0x0c, 0xcb, 0x0b, 0xfa, 0x0d, 0x20, 0x10, 0x1b, 0x11, 0xfe, 0x11, 0x6a, 0x12, 
    0x86, 0x14, 0x8b, 0x17, 0xf3, 0x18, 0x00, 0x19, 0xa8, 0x18, 0x25, 0x19, 0x00, 0x19, 0x6c, 0x16, 
    0x79, 0x13, 0x7a, 0x10, 0x82, 0x0c, 0x00, 0x09, 0x5b, 0x04, 0x35, 0xfe, 0xea, 0xf7, 0xfb, 0xf1, 
    0x17, 0xed, 0x2f, 0xe9, 0x70, 0xe4, 0x77, 0xde, 0xc2, 0xd8, 0xaf, 0xd3, 0x31, 0xcf, 0x87, 0xcb, 
    0x02, 0xc8, 0x53, 0xc3, 0x01, 0xc2, 0x84, 0xc7, 0xa8, 0xcd, 0xa0, 0xcf, 0xc9, 0xd0, 0x01, 0xd4, 
    0xbd, 0xda, 0xd1, 0xe4, 0xee, 0xec, 0x09, 0xf0, 0xbf, 0xf3, 0xa1, 0xfb, 0x96, 0x03, 0xe6, 0x07, 
    0x98, 0x0b, 0xb2, 0x10, 0x81, 0x14, 0x11, 0x18, 0xf7, 0x1a, 0x24, 0x1b, 0x5a, 0x1b, 0x87, 0x1e, 
    0x1c, 0x20, 0x0d, 0x1d, 0x50, 0x19, 0x6e, 0x17, 0x15, 0x17, 0xe5, 0x15, 0xa4, 0x13, 0xd6, 0x11, 
    0xbf, 0x0f, 0x93, 0x0f, 0xcf, 0x0f, 0xdb, 0x0d, 0x26, 0x0e, 0x58, 0x10, 0x77, 0x11, 0xb7, 0x11, 
    0xda, 0x11, 0xaf, 0x12, 0x46, 0x14, 0xad, 0x16, 0xc9, 0x18, 0x77, 0x18, 0x26, 0x18, 0xc1, 0x19, 
    0xe1, 0x1a, 0x85, 0x1a, 0x4f, 0x18, 0x5e, 0x15, 0x11, 0x13, 0xa4, 0x10, 0x61, 0x0d, 0xc5, 0x08, 
    0x00, 0x03, 0x94, 0xfd, 0x27, 0xf9, 0x8d, 0xf4, 0x7b, 0xee, 0x26, 0xe8, 0x00, 0xe4, 0x87, 0xe1, 
    0xcb, 0xdd, 0xb9, 0xd8, 0xdb, 0xd3, 0x1c, 0xcf, 0xb1, 0xcb, 0x4d, 0xc9, 0xe1, 0xc5, 0x22, 0xc4, 
    0x7c, 0xc8, 0x65, 0xcf, 0x9f, 0xd2, 0x85, 0xd4, 0xc9, 0xd8, 0x5a, 0xdd, 0xa5, 0xe3, 0xa9, 0xec, 
    0x44, 0xf2, 0x97, 0xf4, 0x3a, 0xfa, 0x06, 0x02, 0x9f, 0x06, 0x85, 0x09, 0xaf, 0x0c, 0x5b, 0x0f, 
    0xc6, 0x13, 0x94, 0x18, 0xfe, 0x18, 0xf7, 0x17, 0x04, 0x1a, 0x0d, 0x1c, 0x56, 0x1b, 0xb4, 0x19, 
    0xd4, 0x17, 0x89, 0x16, 0xa4, 0x16, 0x90, 0x15, 0xd6, 0x12, 0xd3, 0x11, 0x98, 0x13, 0xf5, 0x14, 
    0x22, 0x14, 0xec, 0x12, 0x3b, 0x13, 0x52, 0x15, 0x47, 0x17, 0x39, 0x17, 0x47, 0x16, 0xf7, 0x16, 
    0x30, 0x19, 0x98, 0x1a, 0x29, 0x1a, 0x67, 0x19, 0xf4, 0x19, 0xee, 0x19, 0x0c, 0x18, 0xbd, 0x16, 
    0x25, 0x15, 0xde, 0x11, 0x75, 0x0e, 0xb5, 0x0a, 0x14, 0x07, 0xb8, 0x03, 0x29, 0xff, 0xba, 0xf9, 
    0x0a, 0xf4, 0x21, 0xef, 0x14, 0xeb, 0x31, 0xe7, 0x91, 0xe3, 0x94, 0xde, 0xcc, 0xd9, 0x47, 0xd7, 
    0xf0, 0xd3, 0xf5, 0xcf, 0x83, 0xcd, 0x05, 0xcb, 0x01, 0xc8, 0x8c, 0xc7, 0x25, 0xcb, 0x1a, 0xd0, 
    0x63, 0xd5, 0x4f, 0xda, 0xa2, 0xdc, 0xa6, 0xdf, 0x8a, 0xe6, 0x4d, 0xed, 0xc4, 0xf0, 0xf4, 0xf4, 
    0x3b, 0xfc, 0xf9, 0x01, 0x56, 0x05, 0x0e, 0x08, 0x8b, 0x09, 0x7c, 0x0c, 0x55, 0x11, 0xac, 0x14, 
    0x17, 0x16, 0x41, 0x17, 0xea, 0x18, 0x62, 0x19, 0xd1, 0x18, 0x74, 0x18, 0x32, 0x17, 0x9c, 0x16, 
    0x24, 0x17, 0x5b, 0x16, 0x8f, 0x15, 0xd8, 0x15, 0x1f, 0x16, 0x32, 0x16, 0x63, 0x16, 0x3e, 0x17, 
    0xf4, 0x17, 0xdb, 0x17, 0x3f, 0x18, 0x25, 0x19, 0x94, 0x19, 0xea, 0x19, 0x69, 0x1a, 0x9d, 0x1a, 
    0x4c, 0x1a, 0xff, 0x19, 0xee, 0x19, 0x50, 0x19, 0x2d, 0x18, 0x0b, 0x16, 0x10, 0x12, 0xa9, 0x0e, 
    0xee, 0x0c, 0xeb, 0x09, 0xb2, 0x04, 0x86, 0xff, 0x7b, 0xfb, 0x60, 0xf7, 0xe5, 0xf2, 0x37, 0xee, 
    0x0e, 0xe9, 0xaf, 0xe4, 0x90, 0xe1, 0x9a, 0xde, 0x85, 0xdb, 0x68, 0xd8, 0x51, 0xd5, 0x24, 0xd2, 
    0x45, 0xcf, 0xe3, 0xcb, 0x4d, 0xc8, 0x67, 0xc8, 0x5a, 0xcc, 0x7b, 0xd1, 0x9c, 0xd6, 0xb5, 0xda, 
    0x72, 0xde, 0x49, 0xe2, 0x7d, 0xe6, 0xc4, 0xea, 0x41, 0xee, 0x9c, 0xf3, 0xec, 0xf9, 0xa3, 0xfe, 
    0xfe, 0x02, 0xf9, 0x05, 0x89, 0x08, 0x48, 0x0c, 0xf4, 0x0e, 0x9b, 0x10, 0x60, 0x12, 0x3a, 0x15, 
    0xad, 0x18, 0x72, 0x1a, 0x73, 0x1a, 0x1e, 0x19, 0x32, 0x18, 0x5c, 0x18, 0x63, 0x17, 0x45, 0x16, 
    0xb1, 0x16, 0xf9, 0x17, 0x7f, 0x19, 0x92, 0x1a, 0x42, 0x1a, 0xe8, 0x18, 0x45, 0x19, 0xdb, 0x1a, 
    0x37, 0x1b, 0x69, 0x1b, 0x76, 0x1b, 0xc2, 0x1b, 0xdc, 0x1c, 0x52, 0x1c, 0x9c, 0x1a, 0xa7, 0x19, 
    0x39, 0x19, 0x82, 0x18, 0x8c, 0x16, 0x27, 0x14, 0xbb, 0x11, 0x07, 0x0f, 0x54, 0x0c, 0x53, 0x08, 
    0x41, 0x03, 0xe2, 0xfe, 0x5d, 0xfa, 0x7d, 0xf5, 0xb7, 0xf1, 0x04, 0xee, 0x35, 0xe9, 0x4d, 0xe5, 
    0xc6, 0xe2, 0x91, 0xdf, 0xcc, 0xdb, 0xcb, 0xd8, 0x69, 0xd6, 0x85, 0xd3, 0x2a, 0xd0, 0x03, 0xcd, 
    0x8d, 0xca, 0xfc, 0xca, 0x6d, 0xce, 0x99, 0xd1, 0x31, 0xd5, 0xa7, 0xda, 0x24, 0xdf, 0x37, 0xe2, 
    0xc9, 0xe5, 0xf3, 0xe8, 0x04, 0xec, 0xea, 0xf0, 0x51, 0xf6, 0x8a, 0xfa, 0xde, 0xfe, 0xd5, 0x03, 
    0x67, 0x07, 0x6b, 0x09, 0xcf, 0x0b, 0x3f, 0x0e, 0x7c, 0x10, 0xa8, 0x13, 0x0f, 0x16, 0x22, 0x17, 
    0xe0, 0x18, 0x2d, 0x1a, 0x9c, 0x19, 0xc2, 0x18, 0x5b, 0x18, 0xf1, 0x17, 0xd5, 0x17, 0x40, 0x18, 
    0xf4, 0x18, 0xe1, 0x19, 0x39, 0x1b, 0x9c, 0x1c, 0x23, 0x1d, 0x2a, 0x1d, 0x64, 0x1d, 0x41, 0x1d, 
    0xf6, 0x1c, 0x94, 0x1c, 0xca, 0x1b, 0x90, 0x1b, 0x1b, 0x1c, 0x23, 0x1c, 0xac, 0x1a, 0x70, 0x18, 
    0xf8, 0x16, 0x78, 0x15, 0x7f, 0x12, 0xae, 0x0e, 0x0f, 0x0b, 0xcd, 0x07, 0x59, 0x04, 0x69, 0x00, 
    0xe6, 0xfb, 0x08, 0xf7, 0x95, 0xf2, 0xae, 0xee, 0x81, 0xea, 0x50, 0xe6, 0x26, 0xe3, 0x90, 0xe0, 
    0x13, 0xde, 0xcb, 0xdb, 0xc7, 0xd8, 0xe4, 0xd5, 0xf1, 0xd3, 0x5f, 0xd1, 0x40, 0xce, 0x54, 0xcc, 
    0xfe, 0xcc, 0x60, 0xcf, 0xe1, 0xd2, 0x3f, 0xd8, 0x24, 0xdd, 0xff, 0xe0, 0x38, 0xe5, 0x1c, 0xe8, 
    0xc2, 0xea, 0x57, 0xee, 0x7b, 0xf1, 0xb1, 0xf4, 0x75, 0xf8, 0x94, 0xfc, 0xcc, 0x00, 0xdb, 0x04, 
    0x98, 0x08, 0x3f, 0x0b, 0xd5, 0x0d, 0xab, 0x10, 0x9b, 0x12, 0x81, 0x14, 0x63, 0x16, 0x65, 0x17, 
    0x28, 0x18, 0x3b, 0x19, 0xbb, 0x19, 0xd7, 0x19, 0x9f, 0x1a, 0xd9, 0x1a, 0x56, 0x1a, 0x06, 0x1b, 
    0x4b, 0x1c, 0x0d, 0x1d, 0x8a, 0x1d, 0x12, 0x1e, 0xf0, 0x1e, 0xb8, 0x1f, 0xa8, 0x1f, 0xc2, 0x1e, 
    0xd8, 0x1d, 0x23, 0x1d, 0x50, 0x1c, 0x77, 0x1b, 0x93, 0x1a, 0x6e, 0x19, 0x26, 0x18, 0xb3, 0x16, 
    0x7f, 0x14, 0x57, 0x11, 0x27, 0x0e, 0xac, 0x0a, 0x95, 0x06, 0x8c, 0x02, 0x33, 0xfe, 0x9a, 0xf9, 
    0x64, 0xf5, 0x63, 0xf1, 0x52, 0xed, 0x6d, 0xe9, 0x1c, 0xe6, 0x48, 0xe3, 0xbf, 0xe0, 0x1d, 0xde, 
    0x21, 0xdb, 0xc3, 0xd8, 0x87, 0xd6, 0x7f, 0xd3, 0x3e, 0xd0, 0xb3, 0xcd, 0xe5, 0xcc, 0x9c, 0xcd, 
    0x47, 0xcf, 0x40, 0xd2, 0x63, 0xd6, 0xbc, 0xdb, 0x14, 0xe1, 0x2d, 0xe5, 0x34, 0xe9, 0xf4, 0xec, 
    0xc7, 0xef, 0x5f, 0xf2, 0x8a, 0xf4, 0xab, 0xf6, 0x37, 0xfa, 0xa5, 0xfe, 0xa6, 0x02, 0x96, 0x06, 
    0x19, 0x0b, 0x38, 0x0f, 0x0a, 0x12, 0xc0, 0x13, 0xed, 0x14, 0xc4, 0x15, 0x8c, 0x16, 0x78, 0x17, 
    0xde, 0x17, 0x6f, 0x18, 0x3c, 0x1a, 0xc6, 0x1b, 0xa6, 0x1c, 0x96, 0x1d, 0xd3, 0x1d, 0xdb, 0x1d, 
    0x29, 0x1e, 0x59, 0x1e, 0x75, 0x1e, 0x8a, 0x1e, 0x0f, 0x1f, 0x93, 0x1f, 0x5f, 0x1f, 0x5f, 0x1f, 
    0x1a, 0x1f, 0x09, 0x1e, 0xe7, 0x1c, 0x5a, 0x1b, 0x6b, 0x19, 0xaf, 0x17, 0xc5, 0x15, 0x1e, 0x13, 
    0xf7, 0x0f, 0xd3, 0x0c, 0x7b, 0x09, 0xeb, 0x05, 0x6a, 0x02, 0x56, 0xfe, 0xd5, 0xf9, 0x7b, 0xf5, 
    0x26, 0xf1, 0xb1, 0xec, 0x01, 0x00, 0x80, 0x07, 0x87, 0xe8, 0x2b, 0xe5, 0x81, 0xe2, 0x0c, 0xe0, 
    0xa3, 0xdd, 0x03, 0xdb, 0x3d, 0xd8, 0xef, 0xd5, 0x39, 0xd3, 0xc8, 0xcf, 0x98, 0xcd, 0x2e, 0xcd, 
    0x27, 0xce, 0xc1, 0xd0, 0x3f, 0xd4, 0xb0, 0xd8, 0x38, 0xdd, 0x5f, 0xe1, 0x2d, 0xe6, 0x68, 0xea, 
    0xcb, 0xed, 0xd2, 0xf0, 0xbe, 0xf2, 0xcd, 0xf4, 0x50, 0xf7, 0x60, 0xfa, 0x52, 0xfe, 0xe6, 0x01, 
    0xf4, 0x05, 0x76, 0x0a, 0x2b, 0x0e, 0x6d, 0x11, 0xd4, 0x13, 0x4d, 0x15, 0x46, 0x16, 0xa4, 0x16, 
    0xd2, 0x16, 0x05, 0x17, 0xe9, 0x17, 0x3e, 0x19, 0x52, 0x1a, 0x87, 0x1b, 0x7d, 0x1c, 0xf8, 0x1c, 
    0xbc, 0x1d, 0xbd, 0x1e, 0x4d, 0x1f, 0x74, 0x1f, 0x95, 0x1f, 0x8d, 0x1f, 0x2f, 0x1f, 0xe4, 0x1e, 
    0x8d, 0x1e, 0xd7, 0x1d, 0x1d, 0x1d, 0x51, 0x1c, 0xfb, 0x1a, 0xa3, 0x19, 0x19, 0x18, 0xd9, 0x15, 
    0x38, 0x13, 0x13, 0x10, 0x57, 0x0c, 0x56, 0x08, 0x7b, 0x04, 0xf3, 0x00, 0x4c, 0xfd, 0xa5, 0xf9, 
    0xed, 0xf5, 0x9d, 0xf1, 0x4c, 0xed, 0x5c, 0xe9, 0xf9, 0xe5, 0x1b, 0xe3, 0x73, 0xe0, 0xc8, 0xdd, 
    0x0a, 0xdb, 0x40, 0xd8, 0x69, 0xd5, 0x62, 0xd2, 0x7e, 0xcf, 0xdd, 0xcd, 0x16, 0xce, 0x7b, 0xcf, 
    0xec, 0xd1, 0x6c, 0xd5, 0x59, 0xd9, 0x3d, 0xdd, 0x5e, 0xe1, 0x3c, 0xe6, 0x7f, 0xea, 0xd3, 0xed, 
    0x24, 0xf1, 0xa0, 0xf3, 0x7c, 0xf5, 0xcc, 0xf7, 0x89, 0xfa, 0x9c, 0xfd, 0xef, 0x00, 0x18, 0x05, 
    0x39, 0x09, 0xb8, 0x0c, 0xa2, 0x10, 0xb3, 0x13, 0x65, 0x15, 0xeb, 0x16, 0xc6, 0x17, 0xf6, 0x17, 
    0x4d, 0x18, 0xcd, 0x18, 0x0e, 0x19, 0x65, 0x19, 0x74, 0x1a, 0x4a, 0x1b, 0xda, 0x1b, 0x42, 0x1d, 
    0xf5, 0x1e, 0xd6, 0x1f, 0x47, 0x20, 0xc4, 0x20, 0xb8, 0x20, 0x36, 0x20, 0x9b, 0x1f, 0x93, 0x1e, 
    0x93, 0x1d, 0xb5, 0x1c, 0x9f, 0x1b, 0x6a, 0x1a, 0xf2, 0x18, 0x91, 0x17, 0xf5, 0x15, 0xb7, 0x13, 
    0xd9, 0x10, 0x32, 0x0d, 0x70, 0x09, 0x96, 0x05, 0x65, 0x01, 0x46, 0xfd, 0xc3, 0xf8, 0x80, 0xf4, 
    0x9b, 0xf0, 0xa0, 0xec, 0x77, 0xe9, 0xb6, 0xe6, 0xf8, 0xe3, 0x39, 0xe1, 0x2c, 0xde, 0x4b, 0xdb, 
    0x2b, 0xd8, 0xfd, 0xd4, 0x28, 0xd2, 0x55, 0xcf, 0x1b, 0xce, 0xb8, 0xce, 0x43, 0xd0, 0x23, 0xd3, 
    0xe4, 0xd6, 0xb8, 0xda, 0x85, 0xde, 0x90, 0xe2, 0xd8, 0xe6, 0x7c, 0xea, 0x96, 0xed, 0x92, 0xf0, 
    0xd9, 0xf2, 0x0a, 0xf5, 0xf6, 0xf7, 0xce, 0xfa, 0xcf, 0xfd, 0x88, 0x01, 0x42, 0x05, 0x23, 0x09, 
    0xee, 0x0c, 0x59, 0x10, 0x62, 0x13, 0x60, 0x15, 0xc9, 0x16, 0x92, 0x17, 0xaf, 0x17, 0x46, 0x18, 
    0x9c, 0x18, 0xa3, 0x18, 0x0d, 0x19, 0x60, 0x19, 0x13, 0x1a, 0x1f, 0x1b, 0x71, 0x1c, 0x26, 0x1e, 
    0x63, 0x1f, 0x5f, 0x20, 0x47, 0x21, 0x5a, 0x21, 0xf2, 0x20, 0x81, 0x20, 0xd8, 0x1f, 0xbf, 0x1e, 
    0x3b, 0x1d, 0xd4, 0x1b, 0x94, 0x1a, 0xfe, 0x18, 0x89, 0x17, 0xe1, 0x15, 0x70, 0x13, 0x9e, 0x10, 
    0x1e, 0x0d, 0x4e, 0x09, 0x77, 0x05, 0x14, 0x01, 0x99, 0xfc, 0x21, 0xf8, 0xbd, 0xf3, 0x96, 0xef, 
    0xb8, 0xeb, 0xaf, 0xe8, 0xf0, 0xe5, 0x7f, 0xe3, 0x22, 0xe1, 0x19, 0xde, 0xf1, 0xda, 0x8d, 0xd7, 
    0x0a, 0xd4, 0x10, 0xd1, 0x12, 0xcf, 0xba, 0xce, 0xa4, 0xcf, 0xbf, 0xd1, 0xd7, 0xd4, 0x25, 0xd8, 
    0xe9, 0xdb, 0xf3, 0xdf, 0x1b, 0xe4, 0x36, 0xe8, 0xf6, 0xeb, 0x06, 0xef, 0x2f, 0xf1, 0x30, 0xf3, 
    0x31, 0xf5, 0x54, 0xf7, 0x07, 0xfa, 0x14, 0xfd, 0xd6, 0x00, 0xca, 0x04, 0x95, 0x08, 0x81, 0x0c, 
    0xb2, 0x0f, 0x6b, 0x12, 0xb8, 0x14, 0xe8, 0x15, 0xa8, 0x16, 0x4e, 0x17, 0x95, 0x17, 0xa4, 0x17, 
    0xac, 0x17, 0x22, 0x18, 0x06, 0x19, 0x05, 0x1a, 0x61, 0x1b, 0xe2, 0x1c, 0x46, 0x1e, 0xba, 0x1f, 
    0xb0, 0x20, 0x3c, 0x21, 0x61, 0x21, 0xe1, 0x20, 0x6c, 0x20, 0x8d, 0x1f, 0x34, 0x1e, 0xd5, 0x1c, 
    0x66, 0x1b, 0x38, 0x1a, 0x97, 0x18, 0xa9, 0x16, 0xb1, 0x14, 0xf3, 0x11, 0x20, 0x0f, 0xce, 0x0b, 
    0xe6, 0x07, 0xfa, 0x03, 0x87, 0xff, 0xff, 0xfa, 0x63, 0xf6, 0xdc, 0xf1, 0xed, 0xed, 0x7f, 0xea, 
    0xe1, 0xe7, 0x5e, 0xe5, 0xa9, 0xe2, 0xe7, 0xdf, 0xc8, 0xdc, 0x88, 0xd9, 0x2d, 0xd6, 0x3e, 0xd3, 
    0xd7, 0xd0, 0xa3, 0xcf, 0x72, 0xd0, 0x24, 0xd2, 0xb3, 0xd4, 0xce, 0xd7, 0xd9, 0xda, 0x77, 0xde, 
    0x46, 0xe2, 0x99, 0xe6, 0xc3, 0xea, 0xc5, 0xed, 0x7a, 0xf0, 0x57, 0xf2, 0x02, 0xf4, 0x77, 0xf6, 
    0xbe, 0xf8, 0x75, 0xfb, 0xf3, 0xfe, 0x7c, 0x02, 0x39, 0x06, 0xfb, 0x09, 0x63, 0x0d, 0x5a, 0x10, 
    0xbb, 0x12, 0x92, 0x14, 0xe8, 0x15, 0x90, 0x16, 0x00, 0x17, 0x67, 0x17, 0x6a, 0x17, 0xc3, 0x17, 
    0x73, 0x18, 0x26, 0x19, 0x6e, 0x1a, 0x03, 0x1c, 0x9f, 0x1d, 0x1a, 0x1f, 0x09, 0x20, 0xbd, 0x20, 
    0x15, 0x21, 0xeb, 0x20, 0x93, 0x20, 0xda, 0x1f, 0xa8, 0x1e, 0x2b, 0x1d, 0xa6, 0x1b, 0x1f, 0x1a, 
    0x5d, 0x18, 0x81, 0x16, 0x66, 0x14, 0xde, 0x11, 0x1e, 0x0f, 0x0c, 0x0c, 0xd4, 0x08, 0x65, 0x05, 
    0x51, 0x01, 0xd5, 0xfc, 0x2e, 0xf8, 0xbb, 0xf3, 0xdc, 0xef, 0x61, 0xec, 0x60, 0xe9, 0x6d, 0xe6, 
    0x2f, 0xe3, 0x08, 0xe0, 0xfc, 0xdc, 0x08, 0xda, 0x0f, 0xd7, 0x4a, 0xd4, 0x78, 0xd2, 0xd5, 0xd1, 
    0x73, 0xd2, 0x0d, 0xd4, 0x1a, 0xd6, 0x66, 0xd8, 0x1c, 0xdb, 0x6a, 0xde, 0xf9, 0xe1, 0xb7, 0xe5, 
    0x35, 0xe9, 0xf9, 0xeb, 0x58, 0xee, 0x5c, 0xf0, 0x9e, 0xf2, 0x49, 0xf5, 0xe0, 0xf7, 0x08, 0xfb, 
    0x84, 0xfe, 0x1e, 0x02, 0x25, 0x06, 0xcf, 0x09, 0x2e, 0x0d, 0x2b, 0x10, 0x40, 0x12, 0x06, 0x14, 
    0x40, 0x15, 0xf1, 0x15, 0xb7, 0x16, 0x2c, 0x17, 0x99, 0x17, 0x55, 0x18, 0x1f, 0x19, 0x60, 0x1a, 
    0xf5, 0x1b, 0x66, 0x1d, 0xf9, 0x1e, 0x73, 0x20, 0x6a, 0x21, 0x2b, 0x22, 0x7c, 0x22, 0x08, 0x22, 
    0x36, 0x21, 0xe5, 0x1f, 0x4e, 0x1e, 0xc4, 0x1c, 0xf2, 0x1a, 0x50, 0x19, 0xb2, 0x17, 0xc3, 0x15, 
    0xcd, 0x13, 0x69, 0x11, 0xd8, 0x0e, 0xf5, 0x0b, 0x3d, 0x08, 0x67, 0x04, 0x2a, 0x00, 0x64, 0xfb, 
    0xda, 0xf6, 0x93, 0xf2, 0xcd, 0xee, 0x75, 0xeb, 0x20, 0xe8, 0xdc, 0xe4, 0x90, 0xe1, 0x4b, 0xde, 
    0x27, 0xdb, 0x01, 0xd8, 0x49, 0xd5, 0xa5, 0xd3, 0x02, 0xd3, 0x36, 0xd3, 0x4f, 0xd4, 0xdf, 0xd5, 
    0xc8, 0xd7, 0x1d, 0xda, 0xb9, 0xdc, 0x0b, 0xe0, 0x81, 0xe3, 0x91, 0xe6, 0x75, 0xe9, 0xda, 0xeb, 
    0x55, 0xee, 0xff, 0xf0, 0x8c, 0xf3, 0xbf, 0xf6, 0x4d, 0xfa, 0xfa, 0xfd, 0xea, 0x01, 0xab, 0x05, 
    0x37, 0x09, 0x51, 0x0c, 0xe7, 0x0e, 0xf0, 0x10, 0x59, 0x12, 0x9f, 0x13, 0xb8, 0x14, 0x91, 0x15, 
    0x70, 0x16, 0x64, 0x17, 0x7d, 0x18, 0xaa, 0x19, 0xec, 0x1a, 0x70, 0x1c, 0x02, 0x1e, 0x72, 0x1f, 
    0xc1, 0x20, 0xa5, 0x21, 0x1c, 0x22, 0x0a, 0x22, 0x64, 0x21, 0x64, 0x20, 0x07, 0x1f, 0xab, 0x1d, 
    0x69, 0x1c, 0x14, 0x1b, 0xc2, 0x19, 0x25, 0x18, 0x69, 0x16, 0x60, 0x14, 0xd4, 0x11, 0x3c, 0x0f, 
    0x33, 0x0c, 0xa7, 0x08, 0x85, 0x04, 0xdc, 0xff, 0x45, 0xfb, 0xa5, 0xf6, 0x59, 0xf2, 0xa9, 0xee, 
    0x38, 0xeb, 0x0d, 0xe8, 0xdd, 0xe4, 0x94, 0xe1, 0x4a, 0xde, 0xd7, 0xda, 0xab, 0xd7, 0x5f, 0xd5, 
    0x20, 0xd4, 0xb7, 0xd3, 0x38, 0xd4, 0x73, 0xd5, 0xfc, 0xd6, 0xd9, 0xd8, 0x3a, 0xdb, 0x10, 0xde, 
    0x33, 0xe1, 0x8f, 0xe4, 0xa8, 0xe7, 0x61, 0xea, 0xe3, 0xec, 0x42, 0xef, 0xda, 0xf1, 0xc5, 0xf4, 
    0x06, 0xf8, 0xa3, 0xfb, 0x48, 0xff, 0xfc, 0x02, 0x71, 0x06, 0x8d, 0x09, 0x85, 0x0c, 0x02, 0x0f, 
    0x03, 0x11, 0x87, 0x12, 0xbe, 0x13, 0xdd, 0x14, 0xbf, 0x15, 0xb1, 0x16, 0xbd, 0x17, 0xd3, 0x18, 
    0xff, 0x19, 0x2a, 0x1b, 0x96, 0x1c, 0xe5, 0x1d, 0x11, 0x1f, 0x2d, 0x20, 0xab, 0x20, 0xe1, 0x20, 
    0xc7, 0x20, 0x44, 0x20, 0x71, 0x1f, 0x1a, 0x1e, 0xf1, 0x1c, 0x9f, 0x1b, 0xf6, 0x19, 0x8c, 0x18, 
    0xbd, 0x16, 0xa6, 0x14, 0x3e, 0x12, 0x6a, 0x0f, 0x76, 0x0c, 0xda, 0x08, 0xff, 0x04, 0x01, 0x01, 
    0x90, 0xfc, 0x63, 0xf8, 0x8d, 0xf4, 0xe5, 0xf0, 0x68, 0xed, 0xd6, 0xe9, 0x3d, 0xe6, 0x04, 0xe3, 
    0xe0, 0xdf, 0x6e, 0xdc, 0x78, 0xd9, 0x60, 0xd7, 0x54, 0xd6, 0x48, 0xd6, 0x9a, 0xd6, 0x5f, 0xd7, 
    0x5f, 0xd8, 0xbc, 0xd9, 0x00, 0xdc, 0x96, 0xde, 0x8f, 0xe1, 0xc0, 0xe4, 0x80, 0xe7, 0x19, 0xea, 
    0x9f, 0xec, 0x3f, 0xef, 0x16, 0xf2, 0xed, 0xf4, 0xf9, 0xf7, 0x4e, 0xfb, 0x99, 0xfe, 0xe7, 0x01, 
    0x32, 0x05, 0x2d, 0x08, 0xca, 0x0a, 0x09, 0x0d, 0xeb, 0x0e, 0x81, 0x10, 0xdc, 0x11, 0x41, 0x13, 
    0x7c, 0x14, 0x62, 0x15, 0x7a, 0x16, 0xc2, 0x17, 0x22, 0x19, 0x9b, 0x1a, 0x0a, 0x1c, 0x5d, 0x1d, 
    0x7e, 0x1e, 0x6e, 0x1f, 0x09, 0x20, 0x4f, 0x20, 0x5e, 0x20, 0x22, 0x20, 0x7f, 0x1f, 0x5f, 0x1e, 
    0x2b, 0x1d, 0xaa, 0x1b, 0xce, 0x19, 0x17, 0x18, 0x03, 0x16, 0xc2, 0x13, 0x67, 0x11, 0x9c, 0x0e, 
    0x79, 0x0b, 0xb9, 0x07, 0xb2, 0x03, 0x6a, 0xff, 0x29, 0xfb, 0x99, 0xf7, 0x31, 0xf4, 0xe4, 0xf0, 
    0x67, 0xed, 0x9f, 0xe9, 0xd8, 0xe5, 0x20, 0xe2, 0xb1, 0xde, 0x72, 0xdb, 0x30, 0xd9, 0x26, 0xd8, 
    0xc1, 0xd7, 0xf6, 0xd7, 0x95, 0xd8, 0xb5, 0xd9, 0x32, 0xdb, 0x23, 0xdd, 0xa7, 0xdf, 0x2b, 0xe2, 
    0xda, 0xe4, 0x4e, 0xe7, 0x73, 0xe9, 0xb7, 0xeb, 0x23, 0xee, 0xd4, 0xf0, 0x78, 0xf3, 0x67, 0xf6, 
    0xa5, 0xf9, 0xf4, 0xfc, 0x42, 0x00, 0x64, 0x03, 0x75, 0x06, 0x26, 0x09, 0x74, 0x0b, 0x67, 0x0d, 
    0xcf, 0x0e, 0x2e, 0x10, 0x6c, 0x11, 0xaf, 0x12, 0x0a, 0x14, 0x1d, 0x15, 0x88, 0x16, 0x25, 0x18, 
    0x99, 0x19, 0xfb, 0x1a, 0x6f, 0x1c, 0xc1, 0x1d, 0x8e, 0x1e, 0x13, 0x1f, 0x88, 0x1f, 0x8a, 0x1f, 
    0x14, 0x1f, 0x61, 0x1e, 0x74, 0x1d, 0x4c, 0x1c, 0xfa, 0x1a, 0xa5, 0x19, 0xf7, 0x17, 0xff, 0x15, 
    0xcb, 0x13, 0x45, 0x11, 0x9d, 0x0e, 0x63, 0x0b, 0x73, 0x07, 0x5a, 0x03, 0x2b, 0xff, 0x18, 0xfb, 
    0x5c, 0xf7, 0x09, 0xf4, 0xca, 0xf0, 0x07, 0xed, 0x5b, 0xe9, 0xfe, 0xe5, 0x5c, 0xe2, 0xad, 0xde, 
    0xce, 0xdb, 0x16, 0xda, 0x3c, 0xd9, 0xf9, 0xd8, 0x3d, 0xd9, 0x04, 0xda, 0xd1, 0xda, 0x20, 0xdc, 
    0x43, 0xde, 0xc8, 0xe0, 0xa9, 0xe3, 0x45, 0xe6, 0xad, 0xe8, 0xf7, 0xea, 0x13, 0xed, 0xc0, 0xef, 
    0x59, 0xf2, 0xda, 0xf4, 0xc2, 0xf7, 0xc6, 0xfa, 0x27, 0xfe, 0x40, 0x01, 0x49, 0x04, 0x4c, 0x07, 
    0x99, 0x09, 0xaf, 0x0b, 0x4f, 0x0d, 0xb1, 0x0e, 0x0a, 0x10, 0x2e, 0x11, 0x4c, 0x12, 0x6b, 0x13, 
    0xa4, 0x14, 0xf1, 0x15, 0x3e, 0x17, 0xa9, 0x18, 0x2c, 0x1a, 0xb3, 0x1b, 0x00, 0x1d, 0xf7, 0x1d, 
    0xa0, 0x1e, 0xc0, 0x1e, 0x8e, 0x1e, 0x06, 0x1e, 0x27, 0x1d, 0x12, 0x1c, 0xa2, 0x1a, 0xf1, 0x18, 
    0x60, 0x17, 0x6e, 0x15, 0x68, 0x13, 0x46, 0x11, 0x6a, 0x0e, 0x68, 0x0b, 0xba, 0x07, 0xcb, 0x03, 
    0xf6, 0xff, 0xfb, 0xfb, 0x8e, 0xf8, 0x59, 0xf5, 0xdf, 0xf1, 0x44, 0xee, 0x70, 0xea, 0x8f, 0xe6, 
    0xa7, 0xe2, 0x05, 0xdf, 0x5a, 0xdc, 0x02, 0xdb, 0x77, 0xda, 0x7c, 0xda, 0x6e, 0xdb, 0x63, 0xdc, 
    0xdf, 0xdd, 0xc9, 0xdf, 0xdd, 0xe1, 0x66, 0xe4, 0x79, 0xe6, 0x88, 0xe8, 0x94, 0xea, 0x83, 0xec, 
    0xdc, 0xee, 0x52, 0xf1, 0xe8, 0xf3, 0xcb, 0xf6, 0xf0, 0xf9, 0x26, 0xfd, 0x36, 0x00, 0x41, 0x03, 
    0xd0, 0x05, 0x1e, 0x08, 0xd9, 0x09, 0x24, 0x0b, 0xa8, 0x0c, 0xa9, 0x0d, 0xa6, 0x0e, 0xca, 0x0f, 
    0xfa, 0x10, 0x63, 0x12, 0xaa, 0x13, 0x17, 0x15, 0xc4, 0x16, 0x2c, 0x18, 0x75, 0x19, 0xf1, 0x1a, 
    0x34, 0x1c, 0x2f, 0x1d, 0xc8, 0x1d, 0xb8, 0x1d, 0x4e, 0x1d, 0x7f, 0x1c, 0x14, 0x1b, 0x96, 0x19, 
    0x09, 0x18, 0xa2, 0x16, 0x2d, 0x15, 0x33, 0x13, 0x2a, 0x11, 0xd8, 0x0e, 0xe7, 0x0b, 0x56, 0x08, 
    0x62, 0x04, 0x5b, 0x00, 0x7a, 0xfc, 0x86, 0xf8, 0xc4, 0xf4, 0x32, 0xf1, 0x44, 0xed, 0x4e, 0xe9, 
    0x88, 0xe5, 0xba, 0xe1, 0x7c, 0xde, 0x9a, 0xdc, 0x9c, 0xdb, 0x4c, 0xdb, 0xae, 0xdb, 0xb9, 0xdc, 
    0x1f, 0xde, 0x7b, 0xdf, 0x21, 0xe1, 0x70, 0xe3, 0x07, 0xe6, 0x7e, 0xe8, 0xd2, 0xea, 0xeb, 0xec, 
    0xf0, 0xee, 0x00, 0xf1, 0x4d, 0xf3, 0xc4, 0xf5, 0x90, 0xf8, 0xaa, 0xfb, 0x0b, 0xff, 0xfd, 0x01, 
    0x9e, 0x04, 0x65, 0x07, 0x4d, 0x09, 0xe4, 0x0a, 0x5e, 0x0c, 0x28, 0x0d, 0xcb, 0x0d, 0x86, 0x0e, 
    0x54, 0x0f, 0x66, 0x10, 0x77, 0x11, 0xea, 0x12, 0x91, 0x14, 0x0c, 0x16, 0xbf, 0x17, 0x94, 0x19, 
    0x13, 0x1b, 0x2c, 0x1c, 0x07, 0x1d, 0x3f, 0x1d, 0xdd, 0x1c, 0xd2, 0x1b, 0x75, 0x1a, 0xf7, 0x18, 
    0xa3, 0x17, 0xa7, 0x16, 0x7b, 0x15, 0xfd, 0x13, 0x2c, 0x12, 0xac, 0x0f, 0x47, 0x0c, 0x91, 0x08, 
    0xf2, 0x04, 0x22, 0x01, 0x20, 0xfd, 0x8b, 0xf9, 0x0e, 0xf6, 0x3b, 0xf2, 0x4e, 0xee, 0x89, 0xea, 
    0x45, 0xe6, 0xda, 0xe1, 0xeb, 0xde, 0x8b, 0xdd, 0x8e, 0xdc, 0x16, 0xdc, 0x02, 0xdd, 0x22, 0xde, 
    0x36, 0xdf, 0x20, 0xe1, 0x79, 0xe3, 0xcd, 0xe5, 0x06, 0xe8, 0x30, 0xea, 0x44, 0xec, 0x18, 0xee, 
    0x44, 0xf0, 0xc7, 0xf2, 0x06, 0xf5, 0x75, 0xf7, 0x7f, 0xfa, 0xb1, 0xfd, 0xbd, 0x00, 0xaf, 0x03, 
    0x50, 0x06, 0x76, 0x08, 0xd4, 0x09, 0xdc, 0x0a, 0xd8, 0x0b, 0x3e, 0x0c, 0xac, 0x0c, 0x65, 0x0d, 
    0x2c, 0x0e, 0x42, 0x0f, 0x90, 0x10, 0x4d, 0x12, 0xd6, 0x13, 0x0a, 0x15, 0xda, 0x16, 0x85, 0x18, 
    0x40, 0x19, 0x0f, 0x1a, 0xe3, 0x1a, 0xab, 0x1a, 0xbf, 0x19, 0xf8, 0x18, 0x4b, 0x18, 0x33, 0x17, 
    0x31, 0x16, 0x78, 0x15, 0x01, 0x14, 0x08, 0x12, 0xe8, 0x0f, 0x9f, 0x0c, 0x10, 0x09, 0x8f, 0x05, 
    0xe1, 0x01, 0xf2, 0xfd, 0xb5, 0xf9, 0xfa, 0xf5, 0x99, 0xf1, 0xce, 0xec, 0x84, 0xe8, 0x9a, 0xe3, 
    0x59, 0xdf, 0x39, 0xdd, 0x10, 0xdc, 0xb8, 0xdb, 0x01, 0x00, 0x80, 0x07, 0x28, 0xdc, 0xd3, 0xdd, 
    0x9a, 0xdf, 0xff, 0xe0, 0xbb, 0xe3, 0xca, 0xe6, 0x47, 0xe9, 0xd8, 0xeb, 0xe3, 0xed, 0x59, 0xef, 
    0x47, 0xf1, 0x6c, 0xf3, 0xe4, 0xf5, 0x7a, 0xf8, 0x56, 0xfb, 0xcd, 0xfe, 0x2c, 0x02, 0xf5, 0x04, 
    0xad, 0x07, 0xd3, 0x09, 0x20, 0x0b, 0xfc, 0x0b, 0x26, 0x0c, 0x49, 0x0c, 0x65, 0x0c, 0x91, 0x0c, 
    0xfb, 0x0c, 0x6a, 0x0d, 0x28, 0x0e, 0xba, 0x0f, 0x22, 0x11, 0x8a, 0x12, 0x7e, 0x14, 0x51, 0x16, 
    0xbb, 0x17, 0xa5, 0x18, 0x5e, 0x19, 0xf0, 0x19, 0xb8, 0x19, 0x03, 0x19, 0xae, 0x18, 0xd5, 0x17, 
    0xef, 0x16, 0x04, 0x16, 0x54, 0x14, 0x39, 0x12, 0x62, 0x0f, 0xa9, 0x0b, 0xa6, 0x07, 0x65, 0x03, 
    0x85, 0xff, 0xa7, 0xfb, 0xd8, 0xf6, 0x54, 0xf2, 0x18, 0xee, 0x73, 0xe9, 0x12, 0xe4, 0xa6, 0xdf, 
    0xec, 0xdd, 0x81, 0xdc, 0xec, 0xda, 0x84, 0xdb, 0x39, 0xdd, 0xec, 0xde, 0xf8, 0xe0, 0xe0, 0xe3, 
    0x67, 0xe7, 0x44, 0xea, 0x27, 0xed, 0xbd, 0xef, 0x52, 0xf1, 0x4d, 0xf3, 0xd2, 0xf5, 0xd1, 0xf7, 
    0x82, 0xf9, 0x22, 0xfc, 0x7e, 0xff, 0x19, 0x02, 0x40, 0x04, 0xd1, 0x06, 0xf5, 0x08, 0x1b, 0x0a, 
    0xbd, 0x0a, 0xf3, 0x0a, 0x65, 0x0a, 0xd2, 0x09, 0x01, 0x0a, 0x4c, 0x0a, 0x77, 0x0a, 0x91, 0x0b, 
    0x8a, 0x0d, 0x23, 0x0f, 0x79, 0x10, 0x7e, 0x12, 0x11, 0x15, 0xa2, 0x16, 0x70, 0x17, 0xba, 0x18, 
    0x60, 0x19, 0xf0, 0x18, 0xb0, 0x18, 0x2c, 0x18, 0xec, 0x16, 0xdd, 0x15, 0xca, 0x14, 0xf3, 0x12, 
    0x68, 0x10, 0xc8, 0x0d, 0x0d, 0x0b, 0x22, 0x07, 0x87, 0x02, 0x7d, 0xfe, 0xdf, 0xf9, 0x5d, 0xf4, 
    0x9a, 0xef, 0x14, 0xeb, 0x52, 0xe5, 0x3b, 0xe0, 0xbe, 0xdd, 0x33, 0xdc, 0x41, 0xdb, 0x8a, 0xdc, 
    0x98, 0xdf, 0xe9, 0xe1, 0x49, 0xe4, 0x41, 0xe8, 0x68, 0xeb, 0x97, 0xed, 0x4a, 0xf0, 0x7d, 0xf2, 
    0x43, 0xf4, 0x4b, 0xf6, 0x1b, 0xf9, 0xf1, 0xfb, 0x34, 0xfe, 0xfe, 0x00, 0xea, 0x03, 0x3a, 0x06, 
    0xaa, 0x07, 0x4b, 0x09, 0x35, 0x0a, 0x62, 0x09, 0xfd, 0x08, 0xcc, 0x08, 0x6f, 0x08, 0x57, 0x08, 
    0x51, 0x08, 0x5e, 0x09, 0xc1, 0x09, 0x8f, 0x0a, 0x5f, 0x0c, 0xcf, 0x0c, 0x5a, 0x0e, 0x81, 0x10, 
    0xc5, 0x11, 0x14, 0x13, 0x3e, 0x14, 0xea, 0x15, 0x1f, 0x17, 0x19, 0x17, 0x79, 0x17, 0x80, 0x17, 
    0x14, 0x16, 0xe8, 0x13, 0xa7, 0x11, 0x98, 0x0e, 0x66, 0x0b, 0x42, 0x08, 0x66, 0x04, 0xd9, 0x00, 
    0x3b, 0xfd, 0xc2, 0xf9, 0x63, 0xf5, 0x14, 0xf0, 0x3d, 0xeb, 0xfa, 0xe4, 0x46, 0xde, 0xad, 0xda, 
    0xa9, 0xd9, 0x6a, 0xd9, 0x9a, 0xda, 0xc5, 0xde, 0x36, 0xe3, 0xf0, 0xe6, 0x2f, 0xeb, 0x79, 0xee, 
    0x4d, 0xf1, 0x53, 0xf3, 0x7d, 0xf5, 0x7c, 0xf7, 0xce, 0xf8, 0x35, 0xfc, 0xbc, 0xff, 0xf4, 0x01, 
    0xe9, 0x04, 0xff, 0x07, 0xf7, 0x0a, 0x4e, 0x0c, 0x27, 0x0c, 0x38, 0x0c, 0x76, 0x0b, 0x97, 0x0a, 
    0x13, 0x0a, 0x83, 0x09, 0xfa, 0x08, 0x7d, 0x09, 0x5c, 0x0a, 0x54, 0x0a, 0x9d, 0x0a, 0xe9, 0x0b, 
    0x15, 0x0d, 0xd2, 0x0d, 0xe1, 0x0e, 0xf7, 0x10, 0xe1, 0x12, 0x4e, 0x14, 0x1b, 0x16, 0x75, 0x17, 
    0xd5, 0x17, 0x4e, 0x17, 0x5d, 0x16, 0x5b, 0x14, 0x80, 0x11, 0x90, 0x0e, 0x53, 0x0b, 0x6a, 0x07, 
    0x71, 0x03, 0xe9, 0xff, 0x09, 0xfc, 0xdf, 0xf7, 0xeb, 0xf3, 0x95, 0xef, 0x43, 0xea, 0xcd, 0xe3, 
    0x42, 0xdd, 0xf1, 0xd8, 0xfe, 0xd6, 0xb5, 0xd6, 0xd3, 0xd8, 0x83, 0xdd, 0x4f, 0xe3, 0x7f, 0xe8, 
    0x79, 0xec, 0x18, 0xf1, 0x20, 0xf5, 0x1b, 0xf7, 0x8b, 0xf8, 0xe3, 0xf9, 0x99, 0xfc, 0xb2, 0xff, 
    0x92, 0x02, 0xc4, 0x05, 0x49, 0x08, 0xb6, 0x0a, 0x4c, 0x0c, 0x24, 0x0c, 0x1c, 0x0b, 0x59, 0x0a, 
    0xe9, 0x09, 0x7e, 0x08, 0xd1, 0x07, 0x84, 0x08, 0x58, 0x09, 0xff, 0x09, 0x53, 0x0a, 0xd6, 0x0a, 
    0x39, 0x0b, 0xa1, 0x0b, 0x14, 0x0c, 0x84, 0x0c, 0xdb, 0x0d, 0x8d, 0x10, 0x59, 0x13, 0x36, 0x15, 
    0x5c, 0x17, 0xae, 0x19, 0x59, 0x1a, 0xc3, 0x18, 0xd2, 0x15, 0x6b, 0x12, 0x8b, 0x0e, 0x14, 0x0a, 
    0xf7, 0x05, 0xed, 0x02, 0x05, 0x00, 0x81, 0xfd, 0x44, 0xfa, 0xf0, 0xf5, 0x85, 0xf0, 0xb2, 0xe9, 
    0x3c, 0xe3, 0xdb, 0xda, 0xf9, 0xd3, 0x0b, 0xd3, 0xf3, 0xd3, 0xca, 0xd6, 0x2b, 0xdc, 0x0d, 0xe4, 
    0x82, 0xeb, 0x08, 0xf0, 0x1e, 0xf4, 0x79, 0xf6, 0x4b, 0xf8, 0x52, 0xfa, 0xa8, 0xfc, 0xb5, 0xff, 
    0x8d, 0x03, 0x64, 0x08, 0x11, 0x0b, 0x58, 0x0c, 0x9c, 0x0c, 0xda, 0x0b, 0x24, 0x0a, 0xf7, 0x06, 
    0xdd, 0x05, 0x1e, 0x05, 0x39, 0x05, 0xac, 0x06, 0xcf, 0x07, 0xb7, 0x09, 0x66, 0x09, 0xa4, 0x08, 
    0xfd, 0x06, 0x3f, 0x05, 0xa8, 0x05, 0xc7, 0x05, 0xcf, 0x08, 0x6a, 0x0e, 0x45, 0x14, 0xf2, 0x18, 
    0xab, 0x1b, 0xf4, 0x1d, 0x6d, 0x1d, 0xdc, 0x1a, 0x71, 0x17, 0x31, 0x13, 0xa9, 0x0f, 0xa0, 0x0c, 
    0xf2, 0x09, 0x5c, 0x06, 0xd8, 0x03, 0x45, 0x01, 0x41, 0xfc, 0x32, 0xf6, 0x24, 0xf0, 0x43, 0xea, 
    0x3f, 0xe3, 0x01, 0xdd, 0xb6, 0xd6, 0x04, 0xd2, 0x48, 0xd3, 0x60, 0xd6, 0xd1, 0xda, 0x49, 0xe1, 
    0x54, 0xe8, 0xe0, 0xef, 0xac, 0xf4, 0x34, 0xf9, 0x54, 0xfd, 0xf8, 0xff, 0x09, 0x04, 0x4b, 0x07, 
    0x4a, 0x09, 0x4c, 0x0b, 0xe6, 0x0c, 0xdb, 0x0d, 0x6a, 0x0c, 0xca, 0x08, 0xb9, 0x05, 0x05, 0x03, 
    0x84, 0x00, 0xb8, 0xff, 0x2d, 0x00, 0xbc, 0x01, 0x7c, 0x04, 0x86, 0x05, 0xe5, 0x04, 0x3f, 0x03, 
    0xde, 0x01, 0xa9, 0x01, 0x69, 0x01, 0x02, 0x04, 0x6f, 0x09, 0xa1, 0x0e, 0x04, 0x15, 0x4d, 0x1b, 
    0x37, 0x1e, 0x1a, 0x1f, 0x24, 0x1e, 0xc3, 0x1a, 0xe9, 0x16, 0x9f, 0x13, 0x5b, 0x11, 0x58, 0x10, 
    0xf1, 0x0d, 0x42, 0x0a, 0x3b, 0x06, 0x94, 0x00, 0x6f, 0xf9, 0x7e, 0xf1, 0x1b, 0xeb, 0xf9, 0xe6, 
    0x67, 0xe2, 0xdc, 0xdd, 0x7f, 0xd9, 0xab, 0xd3, 0x99, 0xd1, 0xdc, 0xd4, 0xdc, 0xd7, 0x6a, 0xdc, 
    0x74, 0xe5, 0xe9, 0xef, 0xfa, 0xf7, 0xf1, 0xfc, 0xbf, 0x02, 0xf9, 0x06, 0x4d, 0x08, 0x2c, 0x0b, 
    0x99, 0x0d, 0x11, 0x0f, 0xcb, 0x10, 0xaa, 0x12, 0x7f, 0x11, 0xc5, 0x0b, 0x8c, 0x07, 0x1f, 0x04, 
    0xc3, 0xff, 0xf0, 0xfd, 0x9d, 0xff, 0x8d, 0x02, 0x4e, 0x03, 0xcb, 0x03, 0x25, 0x03, 0x11, 0x00, 
    0x76, 0xfd, 0xfe, 0xfc, 0x88, 0xfe, 0xb0, 0x01, 0x1a, 0x09, 0x63, 0x10, 0x77, 0x15, 0x48, 0x1a, 
    0xfb, 0x1b, 0x65, 0x1c, 0x7f, 0x19, 0x06, 0x16, 0x93, 0x15, 0x76, 0x13, 0xbd, 0x11, 0x3d, 0x10, 
    0xcf, 0x0d, 0x9a, 0x09, 0xcd, 0x03, 0xf6, 0xfd, 0x07, 0xf7, 0xff, 0xf0, 0x36, 0xec, 0x7f, 0xe7, 
    0x6a, 0xe2, 0xdb, 0xde, 0x09, 0xdb, 0x36, 0xd5, 0x4d, 0xd3, 0x67, 0xd4, 0x26, 0xd8, 0x9c, 0xde, 
    0x91, 0xe7, 0x87, 0xf2, 0x46, 0xfa, 0x94, 0x02, 0x44, 0x09, 0xe6, 0x0a, 0xb3, 0x0b, 0xbd, 0x0d, 
    0xbb, 0x0f, 0xb2, 0x0e, 0xd6, 0x0e, 0x66, 0x0f, 0x43, 0x0c, 0xec, 0x07, 0xf7, 0x04, 0x0b, 0x02, 
    0x1b, 0xfe, 0x2a, 0xff, 0x06, 0x01, 0x95, 0xff, 0xf6, 0xfe, 0x0c, 0xff, 0xaf, 0xff, 0x5c, 0xfd, 
    0x0f, 0xfe, 0xee, 0x02, 0x6a, 0x06, 0x43, 0x0b, 0x9e, 0x0f, 0x93, 0x13, 0x12, 0x17, 0x04, 0x1a, 
    0xa4, 0x1b, 0x1b, 0x1a, 0xe6, 0x19, 0xbc, 0x19, 0x85, 0x17, 0xf8, 0x13, 0x33, 0x10, 0xa6, 0x0c, 
    0x6d, 0x06, 0x6d, 0x00, 0x7c, 0xfb, 0xf6, 0xf5, 0xa7, 0xf0, 0xdb, 0xec, 0x51, 0xea, 0x08, 0xe6, 
    0xa8, 0xe0, 0xe3, 0xdb, 0x9c, 0xd4, 0xbc, 0xcd, 0x63, 0xcf, 0xc5, 0xd5, 0x15, 0xdd, 0xaa, 0xe7, 
    0xce, 0xf3, 0xa4, 0xfd, 0x46, 0x03, 0xd5, 0x07, 0xb7, 0x0b, 0x9f, 0x0d, 0xdb, 0x10, 0xb4, 0x14, 
    0x9c, 0x15, 0x0c, 0x14, 0x6a, 0x12, 0x5b, 0x0d, 0x70, 0x06, 0x65, 0x02, 0x25, 0x00, 0xc1, 0xfe, 
    0xe4, 0xfd, 0xe7, 0x00, 0x91, 0x01, 0xb9, 0xfd, 0x61, 0xfc, 0xd2, 0xfa, 0x73, 0xfa, 0x3d, 0xfc, 
    0xf9, 0x00, 0x81, 0x07, 0x60, 0x0b, 0xda, 0x10, 0x8a, 0x13, 0xc9, 0x12, 0xf5, 0x14, 0x82, 0x18, 
    0x44, 0x1a, 0x2c, 0x19, 0x94, 0x19, 0xee, 0x19, 0x39, 0x17, 0x80, 0x12, 0x2e, 0x0c, 0xef, 0x05, 
    0x46, 0xff, 0xbc, 0xf8, 0xcc, 0xf3, 0x2e, 0xf0, 0x83, 0xec, 0x5b, 0xe9, 0xe0, 0xe6, 0xc4, 0xe1, 
    0xe6, 0xdb, 0xf8, 0xd3, 0x6c, 0xcd, 0xd4, 0xd0, 0xc2, 0xd8, 0x02, 0xe2, 0x0e, 0xed, 0xdf, 0xf7, 
    0x91, 0x01, 0x60, 0x06, 0x75, 0x07, 0x55, 0x0a, 0x44, 0x0e, 0x21, 0x11, 0x16, 0x14, 0x8d, 0x15, 
    0xc0, 0x13, 0xe3, 0x10, 0x42, 0x0b, 0x46, 0x03, 0x4b, 0xfd, 0x72, 0xfb, 0x6d, 0xfd, 0x20, 0xff, 
    0x4c, 0x00, 0x0d, 0x03, 0x9c, 0x03, 0xee, 0xfe, 0xc8, 0xfa, 0x36, 0xfb, 0xbb, 0xfd, 0xb4, 0x03, 
    0x41, 0x0b, 0x50, 0x10, 0xb9, 0x14, 0x85, 0x17, 0xf4, 0x17, 0x8d, 0x16, 0x96, 0x16, 0xac, 0x18, 
    0xcc, 0x19, 0xe8, 0x19, 0x39, 0x18, 0xdd, 0x14, 0xc6, 0x0d, 0xbb, 0x04, 0xbb, 0xfb, 0x8a, 0xf3, 
    0xca, 0xef, 0x41, 0xee, 0x1c, 0xec, 0x4b, 0xe9, 0xab, 0xe7, 0x9e, 0xe4, 0x90, 0xde, 0x2b, 0xd9, 
    0x18, 0xd1, 0x67, 0xcd, 0x23, 0xd5, 0x8e, 0xdf, 0xaf, 0xe9, 0x6e, 0xf5, 0xe0, 0x00, 0x30, 0x07, 
    0x51, 0x08, 0x10, 0x0a, 0xc4, 0x0d, 0x9a, 0x11, 0x0b, 0x16, 0x18, 0x19, 0xac, 0x16, 0xdd, 0x11, 
    0xa5, 0x0d, 0x78, 0x05, 0xa8, 0xfc, 0x67, 0xf9, 0x07, 0xfa, 0x22, 0xfb, 0x44, 0xfd, 0x2c, 0xff, 
    0x87, 0xfe, 0x9a, 0xfc, 0x43, 0xf9, 0x5c, 0xf9, 0xda, 0xfc, 0x6f, 0x03, 0x4d, 0x0c, 0x57, 0x10, 
    0x4b, 0x14, 0x35, 0x17, 0xd5, 0x16, 0x89, 0x18, 0x58, 0x1b, 0x2e, 0x1f, 0xe0, 0x20, 0x97, 0x1f, 
    0xe1, 0x1b, 0xd1, 0x14, 0x44, 0x0c, 0x86, 0x02, 0x6c, 0xfa, 0xd9, 0xf4, 0x2f, 0xf1, 0x2c, 0xef, 
    0xd8, 0xec, 0x83, 0xe9, 0x7b, 0xe6, 0x91, 0xe2, 0x51, 0xdc, 0x8c, 0xd7, 0x52, 0xd1, 0x09, 0xce, 
    0x6d, 0xd7, 0x73, 0xe2, 0xbd, 0xed, 0x00, 0xf9, 0x1a, 0xff, 0x01, 0x05, 0x69, 0x07, 0xc9, 0x09, 
    0xa5, 0x0e, 0xe9, 0x13, 0x7a, 0x1a, 0x74, 0x1c, 0x3b, 0x17, 0x2a, 0x10, 0x5c, 0x09, 0xc3, 0xff, 
    0xb6, 0xf8, 0xa0, 0xf7, 0x75, 0xf8, 0x00, 0xfb, 0x0c, 0xfd, 0x2b, 0xfc, 0x39, 0xfa, 0x86, 0xf8, 
    0x57, 0xf7, 0xfa, 0xf9, 0x51, 0xff, 0xa0, 0x06, 0x38, 0x0e, 0x58, 0x10, 0xf3, 0x11, 0xe1, 0x13, 
    0x8f, 0x15, 0x93, 0x19, 0x7e, 0x1d, 0x25, 0x20, 0x4d, 0x20, 0x85, 0x1d, 0x31, 0x17, 0x92, 0x0f, 
    0xae, 0x07, 0x50, 0x00, 0xb1, 0xfc, 0x10, 0xf9, 0x4d, 0xf5, 0x75, 0xf0, 0x74, 0xea, 0xa6, 0xe5, 
    0x12, 0xe2, 0x3f, 0xe1, 0x6b, 0xde, 0xbb, 0xdb, 0xe8, 0xd4, 0x87, 0xcf, 0x0d, 0xd8, 0x12, 0xe4, 
    0x6f, 0xf1, 0x0f, 0xfb, 0x35, 0x02, 0x91, 0x0a, 0x7b, 0x0c, 0x6b, 0x0f, 0xf7, 0x14, 0x36, 0x19, 
    0xb4, 0x1c, 0x29, 0x1c, 0xfd, 0x15, 0x51, 0x0f, 0xd4, 0x07, 0x07, 0xfe, 0x83, 0xf8, 0x36, 0xf6, 
    0x91, 0xf6, 0xae, 0xf7, 0x4a, 0xf8, 0x3f, 0xf9, 0x1b, 0xf7, 0x81, 0xf5, 0x8d, 0xf7, 0x8a, 0xfb, 
    0xae, 0x01, 0xa9, 0x08, 0x18, 0x0e, 0xe7, 0x12, 0x06, 0x16, 0xad, 0x16, 0x7b, 0x17, 0x41, 0x1b, 
    0x00, 0x20, 0x7f, 0x21, 0x50, 0x1f, 0x4f, 0x19, 0xbe, 0x12, 0xe5, 0x0b, 0x28, 0x02, 0x03, 0xfc, 
    0xa7, 0xf9, 0x03, 0xf6, 0x68, 0xf0, 0x2a, 0xe9, 0xb3, 0xe5, 0x54, 0xe3, 0x0a, 0xe0, 0xfa, 0xde, 
    0x4b, 0xdd, 0x81, 0xda, 0xd7, 0xd4, 0x49, 0xd4, 0x8b, 0xdc, 0x3e, 0xe7, 0x14, 0xf3, 0xcc, 0xfc, 
    0x38, 0x05, 0x6f, 0x0a, 0x95, 0x0f, 0xd0, 0x13, 0xc1, 0x16, 0xba, 0x1b, 0x53, 0x1c, 0xe1, 0x19, 
    0x9d, 0x14, 0x6f, 0x0f, 0x92, 0x07, 0xb3, 0xfe, 0xad, 0xfb, 0x1a, 0xf9, 0x49, 0xf7, 0x98, 0xf5, 
    0x99, 0xf5, 0x12, 0xf3, 0xac, 0xf1, 0x1a, 0xf8, 0x17, 0xfb, 0xca, 0xff, 0x8f, 0x07, 0x90, 0x0b, 
    0xf0, 0x0e, 0x41, 0x13, 0x75, 0x18, 0x81, 0x1a, 0x49, 0x1c, 0x54, 0x21, 0x74, 0x24, 0x68, 0x21, 
    0x16, 0x1b, 0x41, 0x15, 0x37, 0x0e, 0x82, 0x08, 0x02, 0x04, 0x26, 0xfe, 0x23, 0xf9, 0xfc, 0xf2, 
    0x3a, 0xea, 0x36, 0xe4, 0x33, 0xe2, 0xcb, 0xdf, 0x00, 0xdf, 0xc8, 0xdd, 0x71, 0xdc, 0x5a, 0xd8, 
    0xab, 0xcf, 0x6c, 0xd4, 0xf7, 0xe1, 0x92, 0xee, 0x33, 0xfc, 0x58, 0x04, 0xc8, 0x08, 0xe8, 0x0d, 
    0xea, 0x10, 0xaa, 0x12, 0x1b, 0x17, 0xf9, 0x18, 0x57, 0x19, 0x1a, 0x15, 0xad, 0x0d, 0xb8, 0x09, 
    0x7e, 0x01, 0x4b, 0xfb, 0x82, 0xf8, 0x82, 0xf6, 0x5c, 0xf5, 0x57, 0xf4, 0xee, 0xf2, 0x75, 0xf0, 
    0x5e, 0xf7, 0x63, 0xfc, 0x07, 0xfe, 0x7e, 0x06, 0x31, 0x0c, 0x82, 0x0e, 0x12, 0x10, 0xbf, 0x15, 
    0x66, 0x1d, 0x81, 0x1f, 0xef, 0x21, 0xed, 0x24, 0xf3, 0x21, 0xa2, 0x1b, 0x42, 0x16, 0x76, 0x10, 
    0xeb, 0x0b, 0x22, 0x08, 0x24, 0x01, 0x49, 0xf9, 0xd0, 0xf2, 0xe8, 0xed, 0x84, 0xe7, 0xac, 0xe2, 
    0x59, 0xe2, 0x93, 0xe1, 0xc8, 0xdf, 0xa6, 0xdc, 0x38, 0xd9, 0x40, 0xd2, 0x92, 0xd2, 0xea, 0xe0, 
    0x40, 0xed, 0x7a, 0xf7, 0x3b, 0x00, 0x8c, 0x06, 0xd5, 0x09, 0x47, 0x0c, 0x61, 0x11, 0xa5, 0x15, 
    0xcd, 0x19, 0x69, 0x1a, 0x8e, 0x16, 0xe0, 0x0d, 0x29, 0x09, 0x65, 0x05, 0xf7, 0xfb, 0x54, 0xf8, 
    0x46, 0xf7, 0x63, 0xf6, 0xe0, 0xf3, 0xc5, 0xf0, 0xb4, 0xef, 0xdd, 0xf2, 0x24, 0xfa, 0xfd, 0xfd, 
    0xc3, 0x03, 0xd5, 0x0b, 0xdf, 0x10, 0x7a, 0x12, 0x25, 0x16, 0xa4, 0x1c, 0xb6, 0x20, 0x3e, 0x23, 
    0x20, 0x23, 0xee, 0x20, 0x27, 0x1d, 0x1d, 0x18, 0x27, 0x12, 0xb2, 0x0b, 0xb0, 0x05, 0x60, 0x00, 
    0x57, 0xfa, 0x42, 0xf2, 0xee, 0xea, 0xc2, 0xe5, 0xae, 0xe3, 0x77, 0xe1, 0x9f, 0xe0, 0x6b, 0xe0, 
    0xdb, 0xdd, 0x11, 0xda, 0xb8, 0xd1, 0xd2, 0xd1, 0x79, 0xdf, 0xa2, 0xf0, 0x23, 0xfe, 0x4c, 0x03, 
    0x2e, 0x07, 0x5b, 0x08, 0xa8, 0x09, 0x66, 0x10, 0x61, 0x17, 0xd9, 0x1c, 0x01, 0x00, 0x80, 0x07, 
    0x63, 0x1c, 0x50, 0x16, 0xa8, 0x0c, 0x07, 0x05, 0x72, 0x00, 0xac, 0xfb, 0x1a, 0xfa, 0xb4, 0xf9, 
    0x35, 0xf9, 0x85, 0xf5, 0x1e, 0xf1, 0xec, 0xef, 0x74, 0xf3, 0xf7, 0xfa, 0xce, 0x00, 0x80, 0x07, 
    0x64, 0x0d, 0x6f, 0x10, 0x94, 0x12, 0xb6, 0x16, 0x03, 0x1b, 0xac, 0x1e, 0xa3, 0x22, 0xd1, 0x21, 
    0xf2, 0x1d, 0x62, 0x19, 0xf6, 0x14, 0xb4, 0x0f, 0x0e, 0x0c, 0xdf, 0x05, 0x6f, 0xfc, 0xaf, 0xf5, 
    0x89, 0xef, 0xac, 0xeb, 0x3b, 0xe7, 0xa6, 0xe5, 0xc1, 0xe3, 0x36, 0xe1, 0xd7, 0xdf, 0x13, 0xdc, 
    0xe8, 0xd7, 0xa2, 0xd0, 0xff, 0xd5, 0x2c, 0xe5, 0xe4, 0xf3, 0x5a, 0xff, 0x78, 0x02, 0x86, 0x05, 
    0xc8, 0x06, 0xac, 0x0b, 0xa2, 0x14, 0xd1, 0x1b, 0xfa, 0x1e, 0x7a, 0x1a, 0x97, 0x10, 0xf2, 0x06, 
    0x22, 0x03, 0xab, 0xff, 0xdc, 0xfc, 0x9a, 0xfb, 0x0b, 0xf9, 0x39, 0xf5, 0xb0, 0xf0, 0x0e, 0xef, 
    0x46, 0xf1, 0xb6, 0xf7, 0xf3, 0xfe, 0xf4, 0x03, 0x64, 0x06, 0x88, 0x08, 0xa3, 0x0c, 0x2f, 0x12, 
    0x10, 0x1a, 0x80, 0x20, 0x2e, 0x22, 0xf4, 0x20, 0xec, 0x1e, 0x9a, 0x1c, 0x21, 0x1a, 0x2b, 0x16, 
    0x18, 0x11, 0xe2, 0x0c, 0x87, 0x04, 0x4d, 0xfa, 0x08, 0xf4, 0x68, 0xee, 0xef, 0xea, 0x7b, 0xe9, 
    0xe8, 0xe5, 0x27, 0xe3, 0xf0, 0xe2, 0xf3, 0xe0, 0x34, 0xde, 0x5a, 0xda, 0x7f, 0xd6, 0xb6, 0xdc, 
    0x04, 0xe9, 0x48, 0xf5, 0xb3, 0xfc, 0x0d, 0xff, 0x5e, 0x04, 0x7b, 0x06, 0xcf, 0x09, 0x2c, 0x12, 
    0x80, 0x17, 0xe8, 0x17, 0x1b, 0x13, 0x72, 0x0c, 0x4b, 0x06, 0xef, 0x03, 0x89, 0x02, 0x92, 0xfe, 
    0x20, 0xfb, 0x31, 0xf9, 0x35, 0xf6, 0x51, 0xf2, 0x70, 0xf2, 0x23, 0xf7, 0x7e, 0xfb, 0x20, 0xfd, 
    0x0f, 0x01, 0x6d, 0x03, 0xcc, 0x07, 0xab, 0x10, 0x64, 0x14, 0x7f, 0x18, 0xf2, 0x1c, 0x37, 0x1f, 
    0x3d, 0x1f, 0x98, 0x1c, 0x4a, 0x1b, 0x9a, 0x19, 0xeb, 0x15, 0x49, 0x11, 0x3f, 0x0a, 0xf2, 0x01, 
    0x6b, 0xfb, 0xa4, 0xf5, 0x4e, 0xf1, 0x2f, 0xed, 0xbe, 0xea, 0x8a, 0xe7, 0x35, 0xe5, 0x06, 0xe5, 
    0xa3, 0xdf, 0xd7, 0xdc, 0xba, 0xd7, 0xb9, 0xd4, 0xda, 0xdf, 0xc2, 0xec, 0x4b, 0xf8, 0x5d, 0xfe, 
    0x1e, 0x00, 0xc4, 0x01, 0xc5, 0x02, 0xb9, 0x0b, 0x8b, 0x15, 0xff, 0x17, 0xaf, 0x17, 0x89, 0x11, 
    0x18, 0x07, 0x2d, 0x02, 0xac, 0x01, 0x00, 0x02, 0xc7, 0x01, 0x21, 0xff, 0x95, 0xf9, 0xec, 0xf2, 
    0xd6, 0xf2, 0xc7, 0xf4, 0x91, 0xf7, 0xe4, 0xfd, 0xb1, 0x00, 0xa2, 0x02, 0xc6, 0x03, 0xc6, 0x06, 
    0xf2, 0x0c, 0xb6, 0x12, 0xc1, 0x19, 0x68, 0x1d, 0xac, 0x1d, 0x95, 0x1d, 0x3d, 0x1b, 0xa6, 0x17, 
    0x78, 0x16, 0xb6, 0x14, 0x73, 0x0e, 0x08, 0x07, 0xbf, 0xff, 0x80, 0xf9, 0x8e, 0xf5, 0xb7, 0xf2, 
    0x84, 0xf0, 0xec, 0xed, 0xf8, 0xea, 0x31, 0xe9, 0x57, 0xe5, 0xac, 0xe1, 0x3a, 0xde, 0xaf, 0xd7, 
    0xc1, 0xdb, 0x41, 0xe8, 0x44, 0xf3, 0x0e, 0xfa, 0x08, 0xfa, 0x32, 0xfc, 0x49, 0xff, 0xcc, 0x05, 
    0xf8, 0x0e, 0x7a, 0x13, 0x73, 0x15, 0x46, 0x12, 0xa0, 0x0a, 0x52, 0x04, 0xf8, 0x03, 0x8c, 0x04, 
    0xe4, 0x02, 0x10, 0x00, 0x69, 0xfc, 0x1e, 0xf8, 0xc0, 0xf5, 0x00, 0xf6, 0x79, 0xf7, 0x17, 0xfe, 
    0x47, 0x01, 0x2f, 0x00, 0xf4, 0x00, 0x6b, 0x05, 0x21, 0x0b, 0xcd, 0x0e, 0x8c, 0x13, 0xfb, 0x16, 
    0x2e, 0x1a, 0xec, 0x1a, 0x03, 0x1a, 0xd7, 0x17, 0x14, 0x16, 0xb2, 0x15, 0xbe, 0x10, 0x91, 0x0b, 
    0xd5, 0x04, 0x29, 0xfe, 0x15, 0xfa, 0x27, 0xf6, 0x2c, 0xf4, 0x73, 0xf2, 0x9c, 0xee, 0x84, 0xeb, 
    0x16, 0xe8, 0x38, 0xe3, 0x6f, 0xe0, 0xb3, 0xd9, 0x83, 0xda, 0x93, 0xe5, 0xb4, 0xee, 0xea, 0xf6, 
    0x8d, 0xf7, 0x5c, 0xf8, 0x78, 0xfb, 0x9d, 0xff, 0xd6, 0x08, 0x38, 0x0f, 0x31, 0x12, 0x19, 0x10, 
    0xd3, 0x0a, 0x60, 0x06, 0x21, 0x05, 0xda, 0x05, 0x76, 0x05, 0x07, 0x04, 0xb3, 0x00, 0x07, 0xfb, 
    0xde, 0xf6, 0x7b, 0xf8, 0x3a, 0xfa, 0xaf, 0xfd, 0x3a, 0x00, 0xf0, 0xff, 0x0b, 0x01, 0xa7, 0x02, 
    0x93, 0x07, 0x30, 0x0d, 0x1d, 0x13, 0x59, 0x17, 0x28, 0x18, 0x05, 0x18, 0x7b, 0x18, 0xdb, 0x18, 
    0x77, 0x17, 0x1c, 0x16, 0x02, 0x13, 0x77, 0x0e, 0x69, 0x07, 0xc7, 0xff, 0x09, 0xfc, 0xa9, 0xfa, 
    0xf6, 0xf8, 0x14, 0xf6, 0xef, 0xf2, 0x3f, 0xef, 0xdf, 0xec, 0x30, 0xe8, 0xf7, 0xe2, 0x24, 0xde, 
    0x18, 0xda, 0x8f, 0xe0, 0x70, 0xea, 0x95, 0xf2, 0xa3, 0xf4, 0xa1, 0xf3, 0x18, 0xf7, 0xf7, 0xf8, 
    0x77, 0x00, 0xd9, 0x09, 0x93, 0x0e, 0xda, 0x0f, 0xe2, 0x0a, 0x28, 0x05, 0xa1, 0x03, 0xb5, 0x05, 
    0x3c, 0x08, 0xfc, 0x06, 0x44, 0x03, 0x1d, 0x01, 0x73, 0xfb, 0x00, 0xf9, 0xad, 0xfa, 0x05, 0xfd, 
    0xd7, 0x02, 0x8d, 0x02, 0xb8, 0xff, 0x7b, 0xfe, 0xa0, 0x02, 0x2d, 0x0a, 0x32, 0x0d, 0x33, 0x11, 
    0xb2, 0x14, 0x55, 0x15, 0x13, 0x15, 0x5b, 0x14, 0x4d, 0x15, 0xc6, 0x17, 0xf5, 0x15, 0x2c, 0x10, 
    0x64, 0x09, 0x86, 0x04, 0xa7, 0x02, 0xb7, 0xfe, 0x7b, 0xfc, 0xe3, 0xfa, 0xa2, 0xf7, 0x72, 0xf3, 
    0x40, 0xef, 0xc2, 0xed, 0xb4, 0xe9, 0x89, 0xe3, 0x8e, 0xdc, 0x1d, 0xdc, 0x66, 0xe5, 0x5b, 0xee, 
    0x82, 0xf1, 0x52, 0xf0, 0x66, 0xf2, 0xf0, 0xf5, 0xf1, 0xfa, 0x32, 0x01, 0xab, 0x07, 0xcb, 0x0c, 
    0x17, 0x0a, 0x16, 0x06, 0x95, 0x04, 0x4a, 0x05, 0x11, 0x07, 0x9e, 0x06, 0x7f, 0x05, 0xc8, 0x04, 
    0xfd, 0x00, 0xd3, 0xfd, 0xf1, 0xfd, 0xdc, 0xfe, 0x21, 0x03, 0x2e, 0x04, 0x13, 0x02, 0x76, 0x01, 
    0xa8, 0x03, 0x7b, 0x07, 0x08, 0x0a, 0x1a, 0x0e, 0x3a, 0x10, 0x1a, 0x11, 0x17, 0x12, 0x80, 0x12, 
    0x29, 0x14, 0xdc, 0x14, 0x76, 0x13, 0x98, 0x10, 0xbb, 0x0c, 0x9f, 0x08, 0xb2, 0x04, 0x1e, 0x01, 
    0xd3, 0xff, 0x1d, 0xfe, 0x37, 0xfb, 0x1f, 0xf8, 0xc2, 0xf4, 0x12, 0xf2, 0x40, 0xec, 0xd7, 0xe6, 
    0x52, 0xe1, 0xa5, 0xdf, 0xdc, 0xe6, 0x8d, 0xec, 0xc3, 0xef, 0x16, 0xee, 0x19, 0xec, 0x96, 0xef, 
    0x00, 0xf5, 0x18, 0xfd, 0x77, 0x02, 0xf4, 0x03, 0x1e, 0x03, 0xc6, 0x00, 0x58, 0x00, 0xfa, 0x03, 
    0x66, 0x08, 0x92, 0x08, 0xa7, 0x05, 0x70, 0x03, 0xd9, 0x00, 0x1f, 0xff, 0x27, 0x01, 0x15, 0x02, 
    0x91, 0x03, 0xc4, 0x03, 0x6e, 0x01, 0x4f, 0x00, 0x1e, 0x01, 0xeb, 0x05, 0x49, 0x0a, 0xd5, 0x0c, 
    0x30, 0x0e, 0x95, 0x0e, 0xc3, 0x0f, 0x42, 0x12, 0xa3, 0x13, 0x28, 0x13, 0x22, 0x13, 0xbf, 0x10, 
    0x61, 0x0d, 0x2f, 0x0a, 0x15, 0x07, 0x54, 0x05, 0x45, 0x03, 0x39, 0x01, 0xfa, 0xfe, 0xda, 0xfc, 
    0x85, 0xfa, 0x78, 0xf7, 0x77, 0xf2, 0xf8, 0xec, 0x10, 0xe8, 0x7b, 0xe3, 0x76, 0xe6, 0xb7, 0xec, 
    0x89, 0xef, 0xfc, 0xed, 0x98, 0xea, 0x95, 0xec, 0x18, 0xf1, 0x30, 0xf7, 0x62, 0xfd, 0xf7, 0xff, 
    0x9c, 0xff, 0x94, 0xfd, 0x96, 0xfc, 0xf6, 0xff, 0x61, 0x05, 0x2c, 0x07, 0x10, 0x05, 0x0b, 0x02, 
    0x94, 0x01, 0x0f, 0x01, 0x9f, 0x01, 0xe1, 0x03, 0x5c, 0x05, 0xe8, 0x05, 0x16, 0x03, 0x03, 0x01, 
    0x3f, 0x02, 0x00, 0x06, 0x71, 0x09, 0x87, 0x0a, 0x31, 0x0b, 0x43, 0x0c, 0x98, 0x0d, 0x7e, 0x0f, 
    0xd5, 0x11, 0x13, 0x12, 0xe4, 0x11, 0xfd, 0x0f, 0x35, 0x0d, 0x3e, 0x0c, 0x96, 0x0a, 0x4c, 0x09, 
    0xf6, 0x05, 0x99, 0x02, 0x15, 0x01, 0x75, 0xff, 0x53, 0xfe, 0xc2, 0xfb, 0x78, 0xf8, 0x50, 0xf3, 
    0xaa, 0xed, 0x7e, 0xe8, 0x89, 0xe6, 0xad, 0xeb, 0xb6, 0xf0, 0xfd, 0xef, 0x47, 0xec, 0x62, 0xeb, 
    0x8a, 0xed, 0x0c, 0xf2, 0x57, 0xf7, 0x13, 0xfb, 0xd8, 0xfc, 0x3d, 0xfc, 0xd8, 0xfa, 0xa0, 0xfa, 
    0x39, 0xfe, 0x1c, 0x03, 0x00, 0x05, 0x18, 0x03, 0x1f, 0x01, 0x96, 0x00, 0x73, 0x01, 0x3f, 0x04, 
    0x42, 0x05, 0x5e, 0x05, 0xd0, 0x05, 0xd6, 0x04, 0xf3, 0x02, 0xcd, 0x03, 0x56, 0x07, 0xe0, 0x0a, 
    0x96, 0x0c, 0xd1, 0x0a, 0x81, 0x0a, 0x63, 0x0d, 0x78, 0x10, 0xde, 0x11, 0xf1, 0x10, 0x6f, 0x10, 
    0xaa, 0x0f, 0xd0, 0x0d, 0x83, 0x0b, 0x96, 0x09, 0x32, 0x09, 0x0c, 0x08, 0xdb, 0x04, 0x73, 0x01, 
    0xe3, 0x00, 0x69, 0x00, 0x21, 0xfe, 0xd0, 0xf9, 0x43, 0xf4, 0x98, 0xf0, 0x70, 0xec, 0x54, 0xeb, 
    0x6d, 0xed, 0x15, 0xef, 0xd8, 0xee, 0x00, 0xec, 0x15, 0xeb, 0x02, 0xed, 0x50, 0xf1, 0x90, 0xf5, 
    0x57, 0xf7, 0xa6, 0xf7, 0x22, 0xf8, 0xe8, 0xf8, 0xea, 0xf9, 0x41, 0xfc, 0xb2, 0xff, 0xdd, 0x01, 
    0x6e, 0x01, 0x41, 0x00, 0x14, 0xff, 0xe6, 0x00, 0x88, 0x04, 0x64, 0x06, 0x9a, 0x06, 0xde, 0x05, 
    0xa5, 0x05, 0xe4, 0x04, 0x9a, 0x05, 0x0e, 0x08, 0xa9, 0x0a, 0x7d, 0x0c, 0xd5, 0x0b, 0x82, 0x0b, 
    0xdc, 0x0c, 0x9d, 0x0f, 0x4b, 0x11, 0xdd, 0x10, 0x18, 0x10, 0xf2, 0x0e, 0x12, 0x0e, 0x55, 0x0c, 
    0x81, 0x0a, 0x78, 0x09, 0x0c, 0x08, 0x12, 0x06, 0xd1, 0x03, 0x34, 0x02, 0xe5, 0x01, 0x56, 0x00, 
    0x77, 0xfc, 0xf6, 0xf8, 0x5f, 0xf4, 0x3a, 0xf1, 0x2b, 0xf1, 0x56, 0xf1, 0x5f, 0xf1, 0x0f, 0xf0, 
    0x92, 0xee, 0xc9, 0xed, 0x21, 0xee, 0xe8, 0xef, 0x00, 0xf2, 0x5f, 0xf3, 0xdd, 0xf3, 0x82, 0xf4, 
    0xae, 0xf4, 0x89, 0xf5, 0xb1, 0xf7, 0xf2, 0xf8, 0x26, 0xfb, 0x0f, 0xfd, 0xd7, 0xfc, 0x92, 0xfd, 
    0xcb, 0xfe, 0x55, 0x01, 0x37, 0x04, 0x86, 0x05, 0x56, 0x06, 0xa1, 0x05, 0x6a, 0x05, 0xc1, 0x06, 
    0x6f, 0x08, 0xd3, 0x0a, 0x1b, 0x0c, 0x8f, 0x0c, 0x1b, 0x0d, 0xab, 0x0d, 0x28, 0x0f, 0xee, 0x0f, 
    0xd0, 0x10, 0xe7, 0x10, 0xac, 0x0f, 0x3e, 0x0e, 0x53, 0x0c, 0xe8, 0x0b, 0x18, 0x0b, 0xf6, 0x09, 
    0xe1, 0x08, 0x88, 0x07, 0x91, 0x06, 0x34, 0x05, 0x28, 0x04, 0x87, 0x02, 0x0b, 0x00, 0x04, 0xfd, 
    0x29, 0xfa, 0xe5, 0xf7, 0xfd, 0xf5, 0x81, 0xf4, 0x15, 0xf3, 0xfc, 0xf1, 0xb7, 0xf0, 0xd1, 0xee, 
    0xd0, 0xed, 0xc9, 0xed, 0xf1, 0xed, 0x16, 0xef, 0xa5, 0xef, 0x9e, 0xef, 0x89, 0xef, 0x50, 0xef, 
    0xa4, 0xf0, 0x0b, 0xf3, 0x7d, 0xf5, 0x12, 0xf7, 0x10, 0xf8, 0x49, 0xf9, 0xbf, 0xfa, 0xe8, 0xfc, 
    0xcd, 0xff, 0x86, 0x02, 0x50, 0x04, 0xa0, 0x05, 0xd1, 0x06, 0xc5, 0x07, 0x3e, 0x09, 0x4f, 0x0b, 
    0x9c, 0x0c, 0xeb, 0x0d, 0x64, 0x0f, 0x76, 0x10, 0x75, 0x11, 0xe2, 0x11, 0x29, 0x12, 0xf0, 0x11, 
    0xda, 0x11, 0xda, 0x11, 0x13, 0x11, 0x42, 0x10, 0xe2, 0x0e, 0x69, 0x0d, 0x54, 0x0c, 0x24, 0x0b, 
    0xf9, 0x09, 0x92, 0x08, 0x7d, 0x06, 0x09, 0x04, 0x32, 0x01, 0x62, 0xfe, 0x4f, 0xfb, 0x4d, 0xf8, 
    0x45, 0xf6, 0x37, 0xf4, 0x82, 0xf2, 0x8f, 0xf0, 0x69, 0xee, 0xdf, 0xec, 0x09, 0xec, 0x44, 0xeb, 
    0xb7, 0xea, 0x2f, 0xeb, 0xed, 0xea, 0xf1, 0xea, 0x6d, 0xeb, 0x1e, 0xec, 0x89, 0xed, 0x55, 0xef, 
    0xba, 0xf1, 0xcc, 0xf3, 0x88, 0xf5, 0x60, 0xf7, 0xab, 0xf9, 0x20, 0xfc, 0xcd, 0xfe, 0x78, 0x01, 
    0x12, 0x04, 0x78, 0x06, 0xf1, 0x07, 0x42, 0x09, 0xaa, 0x0a, 0x5e, 0x0c, 0x2a, 0x0e, 0xdf, 0x0f, 
    0x40, 0x11, 0xe6, 0x11, 0x7f, 0x12, 0x6d, 0x13, 0x00, 0x14, 0x94, 0x14, 0xcd, 0x14, 0x90, 0x13, 
    0x8a, 0x12, 0x88, 0x11, 0x51, 0x10, 0x53, 0x0f, 0x04, 0x0e, 0x01, 0x0d, 0x5f, 0x0b, 0x46, 0x09, 
    0x52, 0x07, 0x0e, 0x05, 0x17, 0x03, 0x7f, 0x00, 0xeb, 0xfc, 0x43, 0xf9, 0x26, 0xf6, 0x79, 0xf4, 
    0xc2, 0xf2, 0x20, 0xf1, 0xc7, 0xef, 0x69, 0xed, 0x79, 0xeb, 0x00, 0xea, 0x47, 0xe9, 0xda, 0xe9, 
    0x86, 0xea, 0xc6, 0xea, 0x7a, 0xea, 0x4a, 0xea, 0x1f, 0xeb, 0x16, 0xed, 0xb2, 0xef, 0x63, 0xf2, 
    0x9e, 0xf4, 0x3c, 0xf6, 0xae, 0xf7, 0xa4, 0xf9, 0x68, 0xfc, 0xf1, 0xff, 0xd8, 0x02, 0xf8, 0x04, 
    0xff, 0x06, 0x1a, 0x08, 0xb9, 0x09, 0xd7, 0x0b, 0xee, 0x0d, 0x43, 0x10, 0xc9, 0x11, 0xa9, 0x12, 
    0x55, 0x13, 0x44, 0x14, 0x2b, 0x15, 0xc6, 0x15, 0xd8, 0x15, 0x5d, 0x15, 0xa5, 0x14, 0x56, 0x13, 
    0x35, 0x12, 0x58, 0x11, 0xfd, 0x0f, 0xaf, 0x0e, 0x07, 0x0d, 0x16, 0x0b, 0xa0, 0x09, 0x87, 0x07, 
    0x0b, 0x05, 0x24, 0x02, 0xc2, 0xfe, 0x74, 0xfb, 0x1d, 0xf8, 0xef, 0xf5, 0x09, 0xf4, 0xfd, 0xf1, 
    0x0d, 0xf0, 0x62, 0xed, 0x69, 0xeb, 0x3f, 0xea, 0x42, 0xe9, 0x41, 0xe9, 0x16, 0xe9, 0x91, 0xe8, 
    0x65, 0xe8, 0x19, 0xe8, 0xf3, 0xe8, 0xd9, 0xea, 0x16, 0xed, 0x80, 0xef, 0x54, 0xf1, 0xe7, 0xf2, 
    0xbd, 0xf4, 0x52, 0xf7, 0x6b, 0xfa, 0xa5, 0xfd, 0x64, 0x00, 0x70, 0x02, 0x9c, 0x04, 0xc1, 0x06, 
    0xad, 0x08, 0x0f, 0x0b, 0x78, 0x0d, 0x2e, 0x0f, 0xe9, 0x10, 0x22, 0x12, 0x50, 0x13, 0x18, 0x15, 
    0x30, 0x16, 0xcf, 0x16, 0xd5, 0x16, 0x4c, 0x16, 0xdb, 0x15, 0x2f, 0x15, 0xa8, 0x14, 0x06, 0x14, 
    0x6c, 0x12, 0xce, 0x10, 0x18, 0x0f, 0x38, 0x0d, 0x06, 0x0c, 0x46, 0x0a, 0x39, 0x08, 0xc3, 0x05, 
    0x24, 0x02, 0xa0, 0xfe, 0x42, 0xfb, 0x7c, 0xf8, 0x90, 0xf6, 0x7e, 0xf4, 0x1b, 0xf2, 0x5c, 0xef, 
    0xe4, 0xec, 0x4a, 0xeb, 0x49, 0xea, 0xb6, 0xe9, 0x2a, 0xe9, 0x4a, 0xe8, 0x4a, 0xe7, 0xdd, 0xe6, 
    0x78, 0xe7, 0x87, 0xe8, 0x44, 0xea, 0xb8, 0xec, 0x57, 0xee, 0xbd, 0xef, 0x93, 0xf1, 0x95, 0xf3, 
    0x8c, 0xf6, 0xca, 0xf9, 0xbb, 0xfc, 0x3b, 0xff, 0x38, 0x01, 0x4e, 0x03, 0x7a, 0x05, 0xe6, 0x07, 
    0x90, 0x0a, 0xba, 0x0c, 0x93, 0x0e, 0x66, 0x10, 0xd1, 0x11, 0x4e, 0x13, 0xb1, 0x14, 0xe5, 0x15, 
    0xc9, 0x16, 0xec, 0x16, 0x01, 0x17, 0x7c, 0x16, 0xe5, 0x15, 0x88, 0x15, 0x6d, 0x14, 0x36, 0x13, 
    0xd6, 0x11, 0x23, 0x10, 0xb1, 0x0e, 0x6b, 0x0d, 0xcf, 0x0b, 0xb9, 0x09, 0x17, 0x07, 0x29, 0x04, 
    0xb7, 0x00, 0x2d, 0xfd, 0x4b, 0xfa, 0x25, 0xf7, 0x96, 0xf4, 0xa6, 0xf2, 0xf8, 0xef, 0x67, 0xed, 
    0x6e, 0xeb, 0xa0, 0xe9, 0x32, 0xe8, 0x80, 0xe7, 0xed, 0xe6, 0x21, 0xe6, 0x9c, 0xe5, 0xb1, 0xe5, 
    0x01, 0x00, 0x80, 0x07, 0x36, 0xe6, 0xb3, 0xe7, 0xf6, 0xe9, 0xf9, 0xeb, 0x20, 0xee, 0x01, 0xf0, 
    0xfc, 0xf1, 0x99, 0xf4, 0xae, 0xf7, 0x4e, 0xfb, 0x30, 0xfe, 0xae, 0x00, 0x05, 0x03, 0xfb, 0x04, 
    0x56, 0x07, 0xe0, 0x09, 0x6b, 0x0c, 0xc5, 0x0e, 0xb1, 0x10, 0x4e, 0x12, 0x9b, 0x13, 0xdf, 0x14, 
    0x68, 0x16, 0x86, 0x17, 0x44, 0x18, 0x74, 0x18, 0xbc, 0x17, 0x55, 0x17, 0xb0, 0x16, 0xe8, 0x15, 
    0x63, 0x15, 0x14, 0x14, 0x75, 0x12, 0xb0, 0x10, 0xb1, 0x0e, 0xd4, 0x0c, 0xf9, 0x0a, 0xc7, 0x08, 
    0xf8, 0x05, 0x87, 0x02, 0xdb, 0xfe, 0x5e, 0xfb, 0x57, 0xf8, 0xa9, 0xf5, 0x4e, 0xf3, 0x26, 0xf1, 
    0x3f, 0xee, 0xbb, 0xeb, 0xd6, 0xe9, 0x38, 0xe8, 0x9d, 0xe7, 0x87, 0xe6, 0x67, 0xe5, 0xd1, 0xe4, 
    0x37, 0xe4, 0xc7, 0xe4, 0xf3, 0xe5, 0x73, 0xe7, 0xca, 0xe9, 0xe6, 0xeb, 0xbf, 0xed, 0xe2, 0xef, 
    0x5f, 0xf2, 0x5a, 0xf5, 0xd5, 0xf8, 0x3c, 0xfc, 0xc4, 0xfe, 0x25, 0x01, 0xa0, 0x03, 0xf8, 0x05, 
    0xd1, 0x08, 0x7a, 0x0b, 0xb1, 0x0d, 0x12, 0x10, 0xd1, 0x11, 0x53, 0x13, 0x1b, 0x15, 0x42, 0x16, 
    0xb7, 0x17, 0xd6, 0x18, 0xaf, 0x18, 0xdc, 0x18, 0x99, 0x18, 0xd2, 0x17, 0xba, 0x17, 0xf4, 0x16, 
    0x93, 0x15, 0x65, 0x14, 0x9a, 0x12, 0xc1, 0x10, 0x0e, 0x0f, 0xfa, 0x0c, 0xbc, 0x0a, 0x44, 0x08, 
    0x7b, 0x05, 0x18, 0x02, 0x7b, 0xfe, 0xd3, 0xfa, 0x70, 0xf7, 0xc6, 0xf4, 0x68, 0xf2, 0x11, 0xf0, 
    0x60, 0xed, 0xbf, 0xea, 0xba, 0xe8, 0x26, 0xe7, 0x07, 0xe6, 0x2d, 0xe5, 0x23, 0xe4, 0x58, 0xe3, 
    0x8f, 0xe3, 0x16, 0xe4, 0xe4, 0xe4, 0xb2, 0xe6, 0xaf, 0xe8, 0xaf, 0xea, 0x0f, 0xed, 0x63, 0xef, 
    0x32, 0xf2, 0x6b, 0xf5, 0x94, 0xf8, 0xb7, 0xfb, 0x78, 0xfe, 0xff, 0x00, 0x90, 0x03, 0x2d, 0x06, 
    0xaa, 0x08, 0x53, 0x0b, 0xe7, 0x0d, 0x03, 0x10, 0x24, 0x12, 0x0c, 0x14, 0xb6, 0x15, 0x57, 0x17, 
    0xbd, 0x18, 0xaf, 0x19, 0x35, 0x1a, 0x43, 0x1a, 0xee, 0x19, 0x94, 0x19, 0x05, 0x19, 0x33, 0x18, 
    0x37, 0x17, 0xcb, 0x15, 0xfe, 0x13, 0x2d, 0x12, 0x19, 0x10, 0x2e, 0x0e, 0x1b, 0x0c, 0x5c, 0x09, 
    0x74, 0x06, 0xb8, 0x02, 0xca, 0xfe, 0x0a, 0xfb, 0x45, 0xf7, 0x5c, 0xf4, 0xec, 0xf1, 0x3b, 0xef, 
    0x45, 0xec, 0x8a, 0xe9, 0x2a, 0xe7, 0x9c, 0xe5, 0xb8, 0xe4, 0xbd, 0xe3, 0xd8, 0xe2, 0x17, 0xe2, 
    0x13, 0xe2, 0xb2, 0xe2, 0xb3, 0xe3, 0xa6, 0xe5, 0xd7, 0xe7, 0xe8, 0xe9, 0x51, 0xec, 0xcc, 0xee, 
    0xa3, 0xf1, 0x0d, 0xf5, 0x6c, 0xf8, 0xa0, 0xfb, 0x58, 0xfe, 0xdd, 0x00, 0x7a, 0x03, 0x15, 0x06, 
    0xdf, 0x08, 0x73, 0x0b, 0x03, 0x0e, 0x58, 0x10, 0x56, 0x12, 0x92, 0x14, 0x65, 0x16, 0xe1, 0x17, 
    0x46, 0x19, 0x27, 0x1a, 0xbf, 0x1a, 0xf3, 0x1a, 0xce, 0x1a, 0x6b, 0x1a, 0xbc, 0x19, 0xf5, 0x18, 
    0xdd, 0x17, 0x87, 0x16, 0xfa, 0x14, 0x1a, 0x13, 0x3b, 0x11, 0x2c, 0x0f, 0xc6, 0x0c, 0x46, 0x0a, 
    0x4e, 0x07, 0xba, 0x03, 0xd6, 0xff, 0xce, 0xfb, 0x07, 0xf8, 0x85, 0xf4, 0xe4, 0xf1, 0x6b, 0xef, 
    0x28, 0xec, 0x82, 0xe9, 0x1c, 0xe7, 0xdc, 0xe4, 0xc3, 0xe3, 0xbd, 0xe2, 0x82, 0xe1, 0xe2, 0xe0, 
    0x96, 0xe0, 0x08, 0xe1, 0x35, 0xe2, 0xa2, 0xe3, 0x09, 0xe6, 0x1a, 0xe8, 0x1f, 0xea, 0x20, 0xed, 
    0xd7, 0xef, 0x2a, 0xf3, 0x03, 0xf7, 0x2d, 0xfa, 0x2c, 0xfd, 0x01, 0x00, 0x85, 0x02, 0x6e, 0x05, 
    0x83, 0x08, 0x4f, 0x0b, 0x09, 0x0e, 0x74, 0x10, 0xbc, 0x12, 0xf6, 0x14, 0x3c, 0x17, 0x46, 0x19, 
    0x88, 0x1a, 0x87, 0x1b, 0x23, 0x1c, 0x1a, 0x1c, 0x19, 0x1c, 0x27, 0x1c, 0xc3, 0x1b, 0xfa, 0x1a, 
    0xfd, 0x19, 0xb7, 0x18, 0xe4, 0x16, 0x3f, 0x15, 0xb1, 0x13, 0x49, 0x11, 0x09, 0x0f, 0x7c, 0x0c, 
    0x14, 0x09, 0xca, 0x05, 0x23, 0x02, 0xf5, 0xfd, 0xf3, 0xf9, 0x3d, 0xf6, 0xcc, 0xf2, 0xd9, 0xef, 
    0xf5, 0xec, 0x0a, 0xea, 0x77, 0xe7, 0x1f, 0xe5, 0x7e, 0xe3, 0x2a, 0xe2, 0x99, 0xe0, 0xfb, 0xdf, 
    0x93, 0xdf, 0x47, 0xdf, 0x8c, 0xe0, 0xc1, 0xe1, 0x3a, 0xe3, 0xdf, 0xe5, 0x23, 0xe8, 0x98, 0xea, 
    0xb9, 0xed, 0xe0, 0xf0, 0x4c, 0xf4, 0xf2, 0xf7, 0x2c, 0xfb, 0x1b, 0xfe, 0x19, 0x01, 0x23, 0x04, 
    0x20, 0x07, 0xde, 0x09, 0x7a, 0x0c, 0xe3, 0x0e, 0x45, 0x11, 0xdf, 0x13, 0x5c, 0x16, 0x5d, 0x18, 
    0xe3, 0x19, 0x13, 0x1b, 0xb9, 0x1b, 0x1e, 0x1c, 0x83, 0x1c, 0x99, 0x1c, 0x46, 0x1c, 0xbf, 0x1b, 
    0xcd, 0x1a, 0x77, 0x19, 0x1f, 0x18, 0xbd, 0x16, 0x14, 0x15, 0xed, 0x12, 0xd0, 0x10, 0x4c, 0x0e, 
    0x74, 0x0b, 0xe9, 0x08, 0xa3, 0x05, 0xf4, 0x01, 0xf4, 0xfd, 0xcb, 0xf9, 0x12, 0xf6, 0x77, 0xf2, 
    0xaa, 0xef, 0xf0, 0xec, 0x9a, 0xe9, 0xe6, 0xe6, 0x9d, 0xe4, 0x86, 0xe2, 0x5a, 0xe1, 0x87, 0xe0, 
    0x84, 0xdf, 0xf8, 0xde, 0x21, 0xdf, 0xfb, 0xdf, 0x3b, 0xe1, 0x0d, 0xe3, 0x8a, 0xe5, 0xb6, 0xe7, 
    0x2e, 0xea, 0x41, 0xed, 0x8a, 0xf0, 0x3d, 0xf4, 0xdd, 0xf7, 0x57, 0xfb, 0x6b, 0xfe, 0x55, 0x01, 
    0xae, 0x04, 0x98, 0x07, 0x35, 0x0a, 0xf0, 0x0c, 0x4c, 0x0f, 0x01, 0x12, 0x97, 0x14, 0xc3, 0x16, 
    0xfe, 0x18, 0x4e, 0x1a, 0x53, 0x1b, 0x2c, 0x1c, 0x80, 0x1c, 0xeb, 0x1c, 0xe3, 0x1c, 0x84, 0x1c, 
    0xf3, 0x1b, 0xe3, 0x1a, 0xb0, 0x19, 0x71, 0x18, 0xee, 0x16, 0x11, 0x15, 0x1d, 0x13, 0xf2, 0x10, 
    0x69, 0x0e, 0xca, 0x0b, 0x1a, 0x09, 0xe9, 0x05, 0x3f, 0x02, 0x84, 0xfe, 0x79, 0xfa, 0x37, 0xf6, 
    0xa2, 0xf2, 0xe6, 0xef, 0xdc, 0xec, 0xc7, 0xe9, 0x4d, 0xe7, 0xc4, 0xe4, 0xf2, 0xe2, 0xdb, 0xe1, 
    0x8b, 0xe0, 0x77, 0xdf, 0xe4, 0xde, 0x07, 0xdf, 0xbc, 0xdf, 0xb3, 0xe0, 0x8a, 0xe2, 0xa8, 0xe4, 
    0xcb, 0xe6, 0x94, 0xe9, 0x5d, 0xec, 0x7d, 0xef, 0x35, 0xf3, 0xc7, 0xf6, 0x55, 0xfa, 0x83, 0xfd, 
    0x5a, 0x00, 0x59, 0x03, 0x36, 0x06, 0x11, 0x09, 0xa3, 0x0b, 0x1c, 0x0e, 0xa9, 0x10, 0xf7, 0x12, 
    0xa4, 0x15, 0x11, 0x18, 0x90, 0x19, 0xd2, 0x1a, 0xcd, 0x1b, 0x49, 0x1c, 0xac, 0x1c, 0xe9, 0x1c, 
    0xdc, 0x1c, 0x55, 0x1c, 0x94, 0x1b, 0xa5, 0x1a, 0x00, 0x19, 0x99, 0x17, 0x61, 0x16, 0x6a, 0x14, 
    0x51, 0x12, 0x0d, 0x10, 0x7e, 0x0d, 0xc2, 0x0a, 0xd6, 0x07, 0xb8, 0x04, 0xba, 0x00, 0x99, 0xfc, 
    0xb3, 0xf8, 0x6f, 0xf4, 0x01, 0xf1, 0x71, 0xee, 0x89, 0xeb, 0xb9, 0xe8, 0x17, 0xe6, 0x86, 0xe3, 
    0xb7, 0xe1, 0x9b, 0xe0, 0xc4, 0xdf, 0xf0, 0xde, 0x72, 0xde, 0x93, 0xde, 0x58, 0xdf, 0xc0, 0xe0, 
    0xdd, 0xe2, 0x59, 0xe5, 0x9a, 0xe7, 0x59, 0xea, 0x66, 0xed, 0x8b, 0xf0, 0x5a, 0xf4, 0x10, 0xf8, 
    0x71, 0xfb, 0xa9, 0xfe, 0xa2, 0x01, 0x74, 0x04, 0x38, 0x07, 0x0a, 0x0a, 0xa5, 0x0c, 0x28, 0x0f, 
    0xb4, 0x11, 0x16, 0x14, 0x52, 0x16, 0x62, 0x18, 0x14, 0x1a, 0x49, 0x1b, 0x16, 0x1c, 0x5a, 0x1c, 
    0x8b, 0x1c, 0x89, 0x1c, 0x51, 0x1c, 0x0b, 0x1c, 0x2d, 0x1b, 0x17, 0x1a, 0xbf, 0x18, 0x58, 0x17, 
    0x11, 0x16, 0x45, 0x14, 0x21, 0x12, 0xc7, 0x0f, 0x2a, 0x0d, 0x7a, 0x0a, 0x86, 0x07, 0x5b, 0x04, 
    0xc9, 0x00, 0xd2, 0xfc, 0xe4, 0xf8, 0xd8, 0xf4, 0x46, 0xf1, 0x80, 0xee, 0xce, 0xeb, 0xf5, 0xe8, 
    0x15, 0xe6, 0xcd, 0xe3, 0x03, 0xe2, 0x7c, 0xe0, 0x97, 0xdf, 0xcb, 0xde, 0x28, 0xde, 0x5f, 0xde, 
    0x45, 0xdf, 0x8c, 0xe0, 0x65, 0xe2, 0xd3, 0xe4, 0x47, 0xe7, 0xcb, 0xe9, 0xb5, 0xec, 0x0b, 0xf0, 
    0xa4, 0xf3, 0x5e, 0xf7, 0xd7, 0xfa, 0xf1, 0xfd, 0xde, 0x00, 0xd9, 0x03, 0xeb, 0x06, 0x97, 0x09, 
    0x1f, 0x0c, 0x91, 0x0e, 0x03, 0x11, 0x86, 0x13, 0xd4, 0x15, 0xf9, 0x17, 0xa7, 0x19, 0xe3, 0x1a, 
    0xd7, 0x1b, 0x51, 0x1c, 0x74, 0x1c, 0x7b, 0x1c, 0x67, 0x1c, 0x15, 0x1c, 0x5f, 0x1b, 0x63, 0x1a, 
    0x49, 0x19, 0xe5, 0x17, 0xb1, 0x16, 0x5f, 0x15, 0x30, 0x13, 0x28, 0x11, 0xc5, 0x0e, 0x04, 0x0c, 
    0x79, 0x09, 0x40, 0x06, 0xec, 0x02, 0x43, 0xff, 0x4b, 0xfb, 0x6c, 0xf7, 0x56, 0xf3, 0x0b, 0xf0, 
    0x58, 0xed, 0x63, 0xea, 0x8c, 0xe7, 0x0a, 0xe5, 0xb1, 0xe2, 0x07, 0xe1, 0xe6, 0xdf, 0xc0, 0xde, 
    0x13, 0xde, 0xe0, 0xdd, 0x29, 0xde, 0x1b, 0xdf, 0x7b, 0xe0, 0x90, 0xe2, 0xfd, 0xe4, 0x84, 0xe7, 
    0x45, 0xea, 0x43, 0xed, 0xb1, 0xf0, 0x65, 0xf4, 0x39, 0xf8, 0xcf, 0xfb, 0xf7, 0xfe, 0xf2, 0x01, 
    0xf1, 0x04, 0xf5, 0x07, 0xdb, 0x0a, 0x7f, 0x0d, 0x06, 0x10, 0x56, 0x12, 0x70, 0x14, 0xcf, 0x16, 
    0x10, 0x19, 0xae, 0x1a, 0xf0, 0x1b, 0xaa, 0x1c, 0xae, 0x1c, 0xbb, 0x1c, 0xb3, 0x1c, 0x93, 0x1c, 
    0x4f, 0x1c, 0x82, 0x1b, 0x79, 0x1a, 0x22, 0x19, 0xca, 0x17, 0x80, 0x16, 0x0d, 0x15, 0x30, 0x13, 
    0xc6, 0x10, 0x4c, 0x0e, 0x82, 0x0b, 0x85, 0x08, 0xa9, 0x05, 0x59, 0x02, 0xbd, 0xfe, 0x07, 0xfb, 
    0xe3, 0xf6, 0xfd, 0xf2, 0xa0, 0xef, 0xa5, 0xec, 0x50, 0xea, 0x87, 0xe7, 0x8b, 0xe4, 0x6a, 0xe2, 
    0x8c, 0xe0, 0x6f, 0xdf, 0xba, 0xde, 0x0a, 0xde, 0x9b, 0xdd, 0x96, 0xdd, 0x6e, 0xde, 0xc3, 0xdf, 
    0xe7, 0xe1, 0x8d, 0xe4, 0x52, 0xe7, 0x19, 0xea, 0xea, 0xec, 0x37, 0xf0, 0xb9, 0xf3, 0x82, 0xf7, 
    0x74, 0xfb, 0xfd, 0xfe, 0xf5, 0x01, 0x10, 0x05, 0x21, 0x08, 0xb7, 0x0a, 0xa8, 0x0d, 0x2c, 0x10, 
    0x6d, 0x12, 0xc0, 0x14, 0x92, 0x16, 0x6a, 0x18, 0xf6, 0x19, 0x6c, 0x1b, 0x90, 0x1c, 0x20, 0x1d, 
    0x19, 0x1d, 0xd5, 0x1c, 0xa5, 0x1c, 0x12, 0x1c, 0xcb, 0x1b, 0x26, 0x1b, 0xb9, 0x19, 0x48, 0x18, 
    0xcf, 0x16, 0x49, 0x15, 0x93, 0x13, 0xd2, 0x11, 0x9f, 0x0f, 0xc5, 0x0c, 0x0d, 0x0a, 0x39, 0x07, 
    0x29, 0x04, 0xef, 0x00, 0x73, 0xfd, 0x90, 0xf9, 0x74, 0xf5, 0xa2, 0xf1, 0x72, 0xee, 0xaa, 0xeb, 
    0xc2, 0xe8, 0x29, 0xe6, 0x6a, 0xe3, 0x08, 0xe1, 0x95, 0xdf, 0x39, 0xde, 0x5f, 0xdd, 0x18, 0xdd, 
    0xce, 0xdc, 0x25, 0xdd, 0x28, 0xde, 0x66, 0xdf, 0x96, 0xe1, 0x4b, 0xe4, 0xfd, 0xe6, 0xeb, 0xe9, 
    0xcf, 0xec, 0x11, 0xf0, 0xa3, 0xf3, 0x3d, 0xf7, 0x53, 0xfb, 0xff, 0xfe, 0x23, 0x02, 0x7c, 0x05, 
    0x6c, 0x08, 0x08, 0x0b, 0xf3, 0x0d, 0xbd, 0x10, 0x2d, 0x13, 0x96, 0x15, 0xd9, 0x17, 0xb5, 0x19, 
    0x13, 0x1b, 0x86, 0x1c, 0x8d, 0x1d, 0xe2, 0x1d, 0x67, 0x1e, 0x62, 0x1e, 0xfe, 0x1d, 0xba, 0x1d, 
    0x30, 0x1d, 0x77, 0x1c, 0x5a, 0x1b, 0x10, 0x1a, 0x9f, 0x18, 0xf0, 0x16, 0x62, 0x15, 0x86, 0x13, 
    0xe0, 0x10, 0xff, 0x0d, 0x29, 0x0b, 0x1d, 0x08, 0x28, 0x05, 0xff, 0x01, 0x4d, 0xfe, 0x3e, 0xfa, 
    0xf2, 0xf5, 0xe5, 0xf1, 0x53, 0xee, 0x43, 0xeb, 0xab, 0xe8, 0x1e, 0xe6, 0x18, 0xe3, 0x3a, 0xe0, 
    0x48, 0xde, 0xd6, 0xdc, 0xf7, 0xdb, 0x82, 0xdb, 0x2a, 0xdb, 0x21, 0xdb, 0x7e, 0xdb, 0xcb, 0xdc, 
    0xd1, 0xde, 0x16, 0xe1, 0x16, 0xe4, 0x7c, 0xe7, 0x26, 0xea, 0x0f, 0xed, 0xd9, 0xf0, 0x9d, 0xf4, 
    0xae, 0xf8, 0xf1, 0xfc, 0xb9, 0x00, 0xde, 0x03, 0xfb, 0x06, 0x3c, 0x0a, 0xda, 0x0c, 0xb9, 0x0f, 
    0xe5, 0x12, 0x60, 0x15, 0x9f, 0x17, 0xcb, 0x19, 0xab, 0x1b, 0x31, 0x1d, 0xad, 0x1e, 0xaf, 0x1f, 
    0xd4, 0x1f, 0xdd, 0x1f, 0xc1, 0x1f, 0x5e, 0x1f, 0xf3, 0x1e, 0x4b, 0x1e, 0x55, 0x1d, 0x08, 0x1c, 
    0x88, 0x1a, 0xe4, 0x18, 0x21, 0x17, 0x45, 0x15, 0xca, 0x12, 0x26, 0x10, 0x67, 0x0d, 0x9b, 0x0a, 
    0x2e, 0x08, 0x2a, 0x05, 0x80, 0x01, 0xa5, 0xfd, 0x76, 0xf9, 0xe2, 0xf4, 0xfc, 0xf0, 0xa4, 0xed, 
    0x09, 0xea, 0x11, 0xe7, 0x61, 0xe4, 0x86, 0xe1, 0xea, 0xde, 0xf5, 0xdc, 0x90, 0xdb, 0x5a, 0xda, 
    0xee, 0xd9, 0x95, 0xd9, 0x78, 0xd9, 0x0b, 0xda, 0x38, 0xdb, 0x74, 0xdd, 0xa5, 0xdf, 0x8c, 0xe2, 
    0x7a, 0xe5, 0x0f, 0xe8, 0xd7, 0xeb, 0xb9, 0xef, 0xe5, 0xf3, 0x76, 0xf8, 0x71, 0xfc, 0x24, 0x00, 
    0xd0, 0x03, 0x3a, 0x07, 0x89, 0x0a, 0xad, 0x0d, 0x8b, 0x10, 0x63, 0x13, 0xc7, 0x15, 0x2e, 0x18, 
    0x9d, 0x1a, 0x71, 0x1c, 0x34, 0x1e, 0x8e, 0x1f, 0x96, 0x20, 0x52, 0x21, 0xc4, 0x21, 0xd7, 0x21, 
    0x4f, 0x21, 0xc0, 0x20, 0x0e, 0x20, 0x5c, 0x1f, 0x31, 0x1e, 0x04, 0x1d, 0x85, 0x1b, 0xf8, 0x18, 
    0xd7, 0x16, 0xd1, 0x14, 0x6a, 0x12, 0xbb, 0x0f, 0xc0, 0x0c, 0xc2, 0x09, 0x1e, 0x06, 0xe0, 0x02, 
    0xbd, 0xff, 0x70, 0xfb, 0x08, 0xf7, 0x84, 0xf2, 0xc2, 0xed, 0x9a, 0xe9, 0xc3, 0xe6, 0x63, 0xe3, 
    0xd7, 0xdf, 0x51, 0xdd, 0x44, 0xdb, 0xb4, 0xd9, 0x65, 0xd8, 0xb1, 0xd7, 0x83, 0xd6, 0x6b, 0xd6, 
    0xe0, 0xd7, 0x80, 0xd8, 0xf7, 0xd9, 0x45, 0xdc, 0xcc, 0xde, 0xdc, 0xe1, 0x3b, 0xe5, 0x44, 0xe9, 
    0x9e, 0xec, 0xf7, 0xf0, 0xe8, 0xf5, 0x02, 0xfa, 0x03, 0xfe, 0x0c, 0x02, 0x30, 0x06, 0xaf, 0x09, 
    0x8e, 0x0d, 0x69, 0x10, 0xa3, 0x12, 0x84, 0x15, 0x08, 0x18, 0x74, 0x1a, 0x58, 0x1c, 0xaf, 0x1e, 
    0xc0, 0x20, 0x04, 0x22, 0xf3, 0x22, 0x28, 0x23, 0x78, 0x23, 0xe1, 0x23, 0x61, 0x24, 0xdd, 0x22, 
    0xeb, 0x20, 0x7d, 0x20, 0xf5, 0x1f, 0x08, 0x1f, 0xea, 0x1c, 0xa0, 0x1a, 0x22, 0x18, 0x40, 0x16, 
    0xe0, 0x13, 0xf4, 0x0f, 0xe3, 0x0c, 0x99, 0x09, 0x1d, 0x06, 0x82, 0x02, 0x8f, 0xfe, 0x5e, 0xfa, 
    0x84, 0xf5, 0xce, 0xf0, 0x69, 0xeb, 0xa9, 0xe6, 0x37, 0xe3, 0x16, 0xe0, 0xb3, 0xdc, 0x87, 0xd9, 
    0x58, 0xd7, 0x59, 0xd5, 0x71, 0xd5, 0x44, 0xd5, 0x52, 0xd4, 0x62, 0xd3, 0xf3, 0xd3, 0x56, 0xd7, 
    0x33, 0xd9, 0x9a, 0xdb, 0x1c, 0xde, 0x49, 0xe0, 0xf2, 0xe4, 0xa9, 0xe9, 0x7d, 0xed, 0x2b, 0xf1, 
    0x20, 0xf6, 0x63, 0xfb, 0xd5, 0xfe, 0x4f, 0x03, 0x2c, 0x08, 0x1b, 0x0c, 0x2e, 0x0f, 0x83, 0x11, 
    0x15, 0x14, 0xaf, 0x16, 0xee, 0x19, 0x8b, 0x1b, 0xcd, 0x1b, 0x85, 0x1e, 0x32, 0x22, 0x3d, 0x23, 
    0x0b, 0x23, 0x8f, 0x23, 0x01, 0x00, 0x80, 0x07, 0xa3, 0x24, 0x31, 0x25, 0xa9, 0x24, 0x79, 0x23, 
    0x6b, 0x22, 0x0e, 0x22, 0x3e, 0x21, 0xf1, 0x1e, 0x44, 0x1d, 0xf0, 0x1c, 0xef, 0x1a, 0x5c, 0x17, 
    0x13, 0x14, 0xfd, 0x11, 0xec, 0x0f, 0xaf, 0x0c, 0x63, 0x08, 0x8a, 0x03, 0x04, 0x00, 0x35, 0xfd, 
    0xc1, 0xf8, 0x05, 0xf3, 0xa4, 0xed, 0x90, 0xe8, 0x77, 0xe3, 0x56, 0xe0, 0x50, 0xde, 0xab, 0xda, 
    0x34, 0xd6, 0xe4, 0xd3, 0x97, 0xd4, 0xc4, 0xd4, 0x5b, 0xd3, 0x6c, 0xd0, 0x49, 0xd0, 0xbf, 0xd4, 
    0xe8, 0xd7, 0xa3, 0xd8, 0x53, 0xd9, 0xd1, 0xdc, 0xcd, 0xe1, 0x17, 0xe6, 0xcd, 0xe9, 0xb4, 0xed, 
    0x77, 0xf2, 0x41, 0xf7, 0x8f, 0xfb, 0x04, 0x00, 0x6b, 0x05, 0x44, 0x0a, 0x68, 0x0c, 0x86, 0x0e, 
    0x8b, 0x12, 0x6e, 0x16, 0x72, 0x18, 0x4a, 0x19, 0xb0, 0x1a, 0xdc, 0x1d, 0x9d, 0x21, 0x5e, 0x22, 
    0xd6, 0x21, 0x2d, 0x22, 0xa2, 0x24, 0xff, 0x25, 0xd8, 0x24, 0xee, 0x23, 0xdd, 0x22, 0xbf, 0x22, 
    0x99, 0x22, 0x99, 0x21, 0x9f, 0x1f, 0xb7, 0x1d, 0xfe, 0x1c, 0x9c, 0x1b, 0x6b, 0x19, 0x28, 0x17, 
    0x49, 0x14, 0xa4, 0x10, 0x36, 0x0d, 0x57, 0x0a, 0x43, 0x06, 0x5e, 0x01, 0x08, 0xfd, 0x27, 0xf9, 
    0x6c, 0xf4, 0x1f, 0xef, 0x21, 0xea, 0x15, 0xe4, 0x84, 0xdf, 0xaf, 0xdd, 0x92, 0xdb, 0x23, 0xd6, 
    0xa7, 0xd1, 0x4f, 0xd2, 0xe3, 0xd2, 0xf8, 0xd1, 0x05, 0xd0, 0x7f, 0xce, 0xa8, 0xd0, 0xe8, 0xd4, 
    0x45, 0xd7, 0x79, 0xd7, 0xe0, 0xd9, 0x56, 0xdf, 0xe2, 0xe3, 0x32, 0xe7, 0x22, 0xec, 0x09, 0xf1, 
    0xec, 0xf4, 0x91, 0xf9, 0xe3, 0xfe, 0xe8, 0x03, 0x6c, 0x08, 0x5f, 0x0c, 0x10, 0x0f, 0x3a, 0x12, 
    0xcf, 0x16, 0xfa, 0x18, 0xb4, 0x19, 0x70, 0x1b, 0x80, 0x1e, 0xea, 0x21, 0xb8, 0x22, 0x20, 0x23, 
    0xb5, 0x23, 0x1f, 0x25, 0x47, 0x27, 0x80, 0x26, 0x26, 0x25, 0xfd, 0x24, 0xe3, 0x24, 0x34, 0x24, 
    0x90, 0x22, 0xb6, 0x21, 0x50, 0x20, 0xa7, 0x1e, 0x64, 0x1d, 0x89, 0x1b, 0xca, 0x19, 0xdd, 0x16, 
    0xd8, 0x12, 0x94, 0x0f, 0xd7, 0x0c, 0x89, 0x09, 0xa2, 0x04, 0xc9, 0xfe, 0xe5, 0xfa, 0x00, 0xf7, 
    0xe3, 0xf1, 0x30, 0xec, 0x3e, 0xe6, 0x04, 0xe1, 0x99, 0xdc, 0x48, 0xda, 0xbe, 0xd7, 0x5b, 0xd3, 
    0xba, 0xcf, 0xc7, 0xce, 0x62, 0xd0, 0x2f, 0xd0, 0xca, 0xcd, 0x89, 0xcd, 0xe5, 0xce, 0xd3, 0xd2, 
    0x81, 0xd6, 0x95, 0xd7, 0x4c, 0xd9, 0x1b, 0xdd, 0xbf, 0xe3, 0x41, 0xe9, 0xf9, 0xeb, 0x85, 0xef, 
    0x1e, 0xf5, 0xed, 0xfa, 0x2f, 0x00, 0x07, 0x05, 0x25, 0x09, 0x50, 0x0c, 0x25, 0x10, 0x67, 0x14, 
    0x79, 0x17, 0x79, 0x1a, 0xbb, 0x1b, 0x7d, 0x1c, 0x66, 0x1f, 0xf0, 0x22, 0x54, 0x25, 0x82, 0x24, 
    0x5b, 0x24, 0xb1, 0x26, 0x58, 0x28, 0xcc, 0x28, 0x6e, 0x26, 0xc9, 0x24, 0xb4, 0x25, 0xf8, 0x25, 
    0x5b, 0x24, 0x78, 0x21, 0x68, 0x20, 0xdc, 0x1f, 0x2e, 0x1e, 0x5c, 0x1c, 0x8a, 0x19, 0xe9, 0x16, 
    0xd4, 0x13, 0x41, 0x10, 0x11, 0x0d, 0xa4, 0x09, 0x67, 0x05, 0xa6, 0xff, 0x1d, 0xfb, 0xd7, 0xf7, 
    0x0e, 0xf3, 0x11, 0xed, 0xa0, 0xe7, 0xf7, 0xe1, 0xfc, 0xdc, 0x9c, 0xda, 0xbf, 0xd8, 0xa7, 0xd4, 
    0x05, 0xd0, 0xe9, 0xce, 0xf7, 0xcf, 0x22, 0xd0, 0xf4, 0xce, 0x2c, 0xcd, 0x24, 0xce, 0xf5, 0xd1, 
    0x50, 0xd5, 0x50, 0xd7, 0x0a, 0xd9, 0xb5, 0xdc, 0x74, 0xe1, 0xc3, 0xe6, 0xc7, 0xeb, 0xea, 0xee, 
    0x21, 0xf3, 0x2e, 0xf9, 0xf1, 0xfe, 0x82, 0x03, 0xe8, 0x07, 0x19, 0x0c, 0x21, 0x0f, 0x05, 0x13, 
    0x49, 0x17, 0x8d, 0x19, 0x07, 0x1b, 0x54, 0x1d, 0xbb, 0x1f, 0xd1, 0x21, 0xf1, 0x23, 0xf5, 0x24, 
    0x06, 0x25, 0xc2, 0x25, 0xf0, 0x26, 0xcc, 0x26, 0x96, 0x25, 0xa3, 0x25, 0x00, 0x25, 0x82, 0x23, 
    0xc8, 0x22, 0x5b, 0x21, 0xbb, 0x1f, 0x6b, 0x1e, 0xcf, 0x1c, 0xf0, 0x1a, 0x2e, 0x19, 0xc5, 0x16, 
    0xae, 0x13, 0xae, 0x10, 0x74, 0x0d, 0xf5, 0x09, 0x1f, 0x06, 0xb8, 0x01, 0xcd, 0xfc, 0xaa, 0xf8, 
    0x01, 0xf5, 0xbe, 0xef, 0xea, 0xe9, 0x6f, 0xe5, 0x64, 0xe0, 0xd1, 0xda, 0x04, 0xd9, 0x42, 0xd8, 
    0x9a, 0xd3, 0x60, 0xcf, 0x0f, 0xcf, 0x28, 0xd0, 0xa2, 0xd0, 0xe6, 0xcf, 0xff, 0xce, 0xfa, 0xce, 
    0xba, 0xd2, 0xbe, 0xd7, 0x42, 0xd9, 0x03, 0xdb, 0x2b, 0xdf, 0x0e, 0xe4, 0xbd, 0xe8, 0x56, 0xee, 
    0xde, 0xf2, 0xab, 0xf5, 0xc6, 0xfa, 0xb5, 0x01, 0xd1, 0x06, 0x20, 0x0a, 0x64, 0x0d, 0x10, 0x11, 
    0x28, 0x15, 0x25, 0x19, 0xc8, 0x1b, 0xe9, 0x1b, 0x76, 0x1d, 0x50, 0x21, 0xe2, 0x22, 0x63, 0x23, 
    0xce, 0x24, 0xa0, 0x25, 0xf3, 0x25, 0x0e, 0x26, 0x4f, 0x26, 0x35, 0x26, 0x09, 0x25, 0x8e, 0x24, 
    0x56, 0x23, 0x3e, 0x22, 0x92, 0x21, 0x8d, 0x1f, 0x30, 0x1e, 0x1f, 0x1d, 0xdd, 0x1b, 0x2f, 0x19, 
    0x89, 0x16, 0x1a, 0x15, 0x53, 0x12, 0x36, 0x0e, 0x6e, 0x0a, 0x83, 0x07, 0xde, 0x03, 0xe9, 0xfe, 
    0x7c, 0xf9, 0xf1, 0xf4, 0x8c, 0xf0, 0xb6, 0xeb, 0x9c, 0xe6, 0x51, 0xe1, 0x90, 0xdb, 0xc4, 0xd7, 
    0x71, 0xd7, 0xa2, 0xd4, 0x6e, 0xcf, 0x5d, 0xcd, 0x63, 0xce, 0xe0, 0xcf, 0x27, 0xcf, 0x93, 0xcd, 
    0x78, 0xce, 0x78, 0xd0, 0x14, 0xd5, 0x24, 0xd9, 0xd8, 0xd9, 0x46, 0xdc, 0xf1, 0xe0, 0x42, 0xe7, 
    0x8e, 0xec, 0x3e, 0xf0, 0x69, 0xf3, 0xc1, 0xf7, 0xcf, 0xfe, 0x44, 0x05, 0xfb, 0x08, 0x54, 0x0b, 
    0x98, 0x0e, 0x8d, 0x13, 0x0b, 0x18, 0xf1, 0x19, 0x35, 0x1b, 0x88, 0x1c, 0x16, 0x1f, 0xed, 0x21, 
    0x5e, 0x23, 0xa0, 0x24, 0x8c, 0x24, 0x93, 0x24, 0x64, 0x26, 0x6b, 0x27, 0x85, 0x26, 0x95, 0x24, 
    0x58, 0x24, 0x4a, 0x25, 0xf7, 0x23, 0x63, 0x22, 0xe0, 0x20, 0x5c, 0x1f, 0x61, 0x1e, 0x28, 0x1d, 
    0xb3, 0x1b, 0xb3, 0x18, 0xee, 0x15, 0xa0, 0x13, 0xac, 0x10, 0x74, 0x0d, 0x8c, 0x09, 0x7c, 0x05, 
    0x56, 0x00, 0x3e, 0xfb, 0x8b, 0xf7, 0x0c, 0xf3, 0x47, 0xed, 0x9e, 0xe7, 0x5c, 0xe2, 0x44, 0xdd, 
    0xdf, 0xd7, 0x60, 0xd5, 0x56, 0xd5, 0xb7, 0xd1, 0xdb, 0xcc, 0x86, 0xcb, 0xcf, 0xcd, 0x67, 0xd0, 
    0x03, 0xcf, 0xd2, 0xcc, 0x10, 0xce, 0x3f, 0xd2, 0x5e, 0xd7, 0xce, 0xd9, 0x8b, 0xdb, 0xdb, 0xde, 
    0xd6, 0xe3, 0x9e, 0xea, 0x77, 0xf0, 0x77, 0xf3, 0x5c, 0xf6, 0x87, 0xfc, 0x4f, 0x03, 0x91, 0x08, 
    0x74, 0x0c, 0x85, 0x0e, 0x85, 0x11, 0x88, 0x16, 0xc4, 0x1a, 0xc0, 0x1c, 0xed, 0x1c, 0x7a, 0x1e, 
    0xfc, 0x20, 0x3d, 0x23, 0xc2, 0x25, 0x97, 0x25, 0x33, 0x24, 0xb4, 0x25, 0x8c, 0x27, 0x0b, 0x27, 
    0xcf, 0x25, 0x03, 0x25, 0x5a, 0x24, 0x41, 0x23, 0xe6, 0x22, 0xe4, 0x21, 0x99, 0x1f, 0x61, 0x1e, 
    0x09, 0x1d, 0x12, 0x1b, 0x26, 0x19, 0x44, 0x17, 0x8c, 0x14, 0xa3, 0x10, 0xef, 0x0d, 0x31, 0x0b, 
    0x1f, 0x07, 0x50, 0x02, 0x01, 0xfd, 0x69, 0xf8, 0x32, 0xf4, 0xb4, 0xef, 0x47, 0xea, 0x30, 0xe4, 
    0x36, 0xdf, 0x4c, 0xda, 0x22, 0xd5, 0x3a, 0xd3, 0x7f, 0xd2, 0x43, 0xcf, 0x38, 0xcb, 0xaf, 0xca, 
    0x57, 0xcd, 0x30, 0xcf, 0xb8, 0xce, 0xd4, 0xcd, 0x50, 0xcf, 0xce, 0xd3, 0x7e, 0xd9, 0x71, 0xdc, 
    0xaf, 0xdd, 0x83, 0xe1, 0x6a, 0xe8, 0x4a, 0xee, 0x75, 0xf3, 0x8a, 0xf7, 0xb0, 0xfa, 0x7c, 0x00, 
    0x47, 0x07, 0x57, 0x0d, 0x8c, 0x10, 0x07, 0x12, 0x7a, 0x15, 0x10, 0x1a, 0xca, 0x1d, 0x95, 0x1f, 
    0x1d, 0x1f, 0x23, 0x20, 0xf0, 0x22, 0x1b, 0x25, 0x8e, 0x25, 0x81, 0x24, 0x48, 0x25, 0x27, 0x26, 
    0x19, 0x25, 0x62, 0x24, 0x75, 0x24, 0xe3, 0x23, 0xef, 0x21, 0x5f, 0x20, 0x5e, 0x20, 0xb2, 0x1f, 
    0x7c, 0x1d, 0x63, 0x1b, 0x00, 0x1a, 0x62, 0x18, 0x4c, 0x16, 0x6e, 0x14, 0xdc, 0x11, 0xb2, 0x0e, 
    0x92, 0x0b, 0x89, 0x07, 0x22, 0x04, 0xc7, 0x00, 0x58, 0xfc, 0xc0, 0xf6, 0xfb, 0xf0, 0x5b, 0xed, 
    0xc7, 0xe9, 0x3b, 0xe4, 0xf8, 0xdd, 0xdf, 0xd8, 0xf8, 0xd3, 0xbe, 0xd0, 0x84, 0xd1, 0x36, 0xd0, 
    0x8b, 0xca, 0x2e, 0xc9, 0x95, 0xcc, 0x30, 0xcf, 0xf5, 0xcf, 0x6a, 0xcf, 0x56, 0xd0, 0x71, 0xd3, 
    0x61, 0xd9, 0xaa, 0xdf, 0x9d, 0xe0, 0xbb, 0xe1, 0xe3, 0xe8, 0xea, 0xef, 0xcd, 0xf4, 0x17, 0xfa, 
    0x47, 0xfd, 0x35, 0x00, 0xba, 0x07, 0x48, 0x10, 0xff, 0x12, 0xd3, 0x12, 0x51, 0x16, 0xbd, 0x1b, 
    0x51, 0x1f, 0xbe, 0x20, 0x5f, 0x21, 0xc7, 0x20, 0xfd, 0x21, 0xae, 0x26, 0xf7, 0x27, 0xbd, 0x24, 
    0x21, 0x24, 0xf0, 0x25, 0x6a, 0x26, 0xfa, 0x25, 0x71, 0x24, 0xa2, 0x22, 0xd8, 0x21, 0x33, 0x22, 
    0x24, 0x21, 0xac, 0x1e, 0x2a, 0x1d, 0x2d, 0x1c, 0x17, 0x1b, 0x81, 0x19, 0x2d, 0x17, 0xe0, 0x13, 
    0x6e, 0x11, 0x76, 0x10, 0x7e, 0x0d, 0x69, 0x08, 0xfd, 0x03, 0xa1, 0x00, 0xf3, 0xfd, 0xa7, 0xf9, 
    0x03, 0xf3, 0x49, 0xed, 0x4b, 0xe9, 0xf5, 0xe5, 0xbf, 0xe0, 0x3f, 0xda, 0x7e, 0xd4, 0x52, 0xcf, 
    0x84, 0xcf, 0x5a, 0xd1, 0x42, 0xcc, 0x1a, 0xc7, 0xe8, 0xc8, 0x01, 0xcd, 0xcb, 0xcf, 0x07, 0xd0, 
    0x1e, 0xcf, 0x4e, 0xd0, 0x73, 0xd5, 0xbd, 0xdd, 0xb4, 0xe1, 0x59, 0xe1, 0xee, 0xe4, 0x53, 0xec, 
    0x3f, 0xf3, 0x8f, 0xf9, 0x46, 0xfd, 0xde, 0xfe, 0x38, 0x04, 0x4e, 0x0d, 0x98, 0x13, 0xea, 0x14, 
    0xbc, 0x15, 0x7a, 0x18, 0x70, 0x1d, 0xa7, 0x21, 0x43, 0x22, 0xae, 0x20, 0x34, 0x20, 0xec, 0x23, 
    0x6a, 0x27, 0x73, 0x26, 0x7a, 0x24, 0x24, 0x24, 0x13, 0x25, 0xd8, 0x25, 0x1e, 0x25, 0x26, 0x23, 
    0x3f, 0x21, 0x2d, 0x21, 0x49, 0x21, 0x9c, 0x1f, 0xc6, 0x1d, 0x34, 0x1c, 0x97, 0x1b, 0xa9, 0x1a, 
    0x5c, 0x18, 0xaf, 0x15, 0xe7, 0x12, 0x92, 0x11, 0x93, 0x0f, 0x44, 0x0b, 0xbf, 0x06, 0xe2, 0x02, 
    0xf2, 0xff, 0x71, 0xfc, 0x6d, 0xf6, 0x57, 0xf0, 0x78, 0xeb, 0x55, 0xe7, 0xf8, 0xe2, 0xf9, 0xdc, 
    0xbf, 0xd6, 0x6e, 0xd0, 0xfd, 0xcd, 0x9b, 0xd0, 0x20, 0xcf, 0x66, 0xc8, 0x5e, 0xc6, 0xd5, 0xca, 
    0x3d, 0xcf, 0x6e, 0xd0, 0x3c, 0xcf, 0xf5, 0xce, 0x2f, 0xd3, 0x4f, 0xdb, 0x65, 0xe1, 0xfe, 0xe1, 
    0x80, 0xe3, 0x08, 0xea, 0x75, 0xf1, 0x07, 0xf8, 0x5a, 0xfd, 0x86, 0xff, 0x47, 0x02, 0x5e, 0x0a, 
    0x9e, 0x12, 0x7f, 0x15, 0x28, 0x16, 0x22, 0x18, 0x7c, 0x1b, 0x61, 0x20, 0x16, 0x23, 0xc1, 0x21, 
    0x99, 0x1f, 0x81, 0x21, 0x2f, 0x26, 0xde, 0x26, 0x79, 0x24, 0x12, 0x23, 0x78, 0x23, 0xe9, 0x24, 
    0x89, 0x25, 0xd9, 0x22, 0xda, 0x1f, 0x02, 0x20, 0x1d, 0x21, 0xaa, 0x1f, 0x76, 0x1d, 0x6c, 0x1c, 
    0x59, 0x1b, 0xca, 0x1a, 0x8b, 0x19, 0xc3, 0x16, 0xe3, 0x13, 0x22, 0x12, 0x92, 0x10, 0x02, 0x0d, 
    0xa6, 0x08, 0x44, 0x05, 0x38, 0x01, 0x06, 0xfd, 0x28, 0xf9, 0xa3, 0xf3, 0xce, 0xed, 0xb6, 0xe8, 
    0xfc, 0xe3, 0x3d, 0xdf, 0xc9, 0xd9, 0x69, 0xd3, 0x54, 0xcd, 0x0d, 0xcd, 0x60, 0xcf, 0xc7, 0xcb, 
    0x6a, 0xc6, 0x98, 0xc6, 0xb8, 0xcb, 0xd2, 0xcf, 0x4c, 0xcf, 0x55, 0xce, 0x7f, 0xd0, 0x98, 0xd6, 
    0xc0, 0xde, 0x2a, 0xe2, 0x02, 0xe3, 0xe5, 0xe6, 0xd7, 0xed, 0xaa, 0xf5, 0x59, 0xfb, 0xd3, 0xfe, 
    0xa0, 0x01, 0x48, 0x07, 0xca, 0x0e, 0xa7, 0x14, 0x00, 0x18, 0x8b, 0x18, 0xdb, 0x19, 0xa6, 0x1e, 
    0xea, 0x22, 0xa4, 0x23, 0x2b, 0x21, 0x7b, 0x20, 0x30, 0x24, 0x6e, 0x26, 0x76, 0x26, 0x21, 0x24, 
    0xf7, 0x21, 0xec, 0x23, 0x8d, 0x25, 0x81, 0x23, 0x86, 0x20, 0xd2, 0x1f, 0x59, 0x20, 0x47, 0x1f, 
    0xcd, 0x1d, 0x03, 0x1d, 0x6b, 0x1b, 0xec, 0x19, 0x4d, 0x19, 0xdf, 0x17, 0x90, 0x14, 0x30, 0x12, 
    0x47, 0x11, 0xa9, 0x0e, 0x16, 0x0b, 0x35, 0x07, 0x75, 0x02, 0xdc, 0xfe, 0x55, 0xfc, 0xfa, 0xf7, 
    0x6b, 0xf0, 0x53, 0xea, 0x40, 0xe7, 0x7e, 0xe3, 0xb9, 0xdd, 0x2d, 0xd7, 0x2c, 0xd0, 0xe1, 0xcb, 
    0x03, 0xce, 0xe5, 0xcf, 0x46, 0xca, 0x92, 0xc4, 0xfa, 0xc7, 0x42, 0xce, 0x55, 0xd1, 0xdb, 0xd0, 
    0x3c, 0xcf, 0x88, 0xd1, 0xdb, 0xd9, 0x5e, 0xe2, 0x6d, 0xe4, 0x1b, 0xe4, 0x19, 0xe9, 0x51, 0xf1, 
    0xca, 0xf7, 0xcd, 0xfd, 0xcc, 0x01, 0xa3, 0x03, 0x91, 0x08, 0x21, 0x11, 0x72, 0x17, 0x33, 0x19, 
    0x2c, 0x19, 0x52, 0x1a, 0x16, 0x1f, 0x56, 0x24, 0x43, 0x24, 0x91, 0x20, 0xde, 0x1f, 0x02, 0x24, 
    0x64, 0x27, 0x48, 0x26, 0x2b, 0x23, 0xe1, 0x21, 0xa1, 0x23, 0x90, 0x25, 0xf8, 0x23, 0xd9, 0x20, 
    0xad, 0x1f, 0xcb, 0x1f, 0xbf, 0x1f, 0x30, 0x1f, 0x83, 0x1d, 0x76, 0x1a, 0xbd, 0x19, 0x73, 0x1a, 
    0x5e, 0x18, 0x10, 0x14, 0x56, 0x11, 0xc2, 0x10, 0x3c, 0x0e, 0x00, 0x0a, 0x99, 0x05, 0x7c, 0x00, 
    0xb1, 0xfc, 0x63, 0xfa, 0x41, 0xf5, 0x9f, 0xed, 0x6b, 0xe7, 0x08, 0xe4, 0x74, 0xe0, 0x8f, 0xda, 
    0x25, 0xd4, 0xf1, 0xcc, 0x7c, 0xc9, 0x35, 0xcd, 0x5a, 0xce, 0x29, 0xc7, 0xb6, 0xc3, 0x18, 0xc9, 
    0xdb, 0xce, 0x59, 0xd1, 0x01, 0xd1, 0xae, 0xd0, 0x23, 0xd4, 0xc3, 0xdc, 0x3d, 0xe5, 0xe7, 0xe6, 
    0x03, 0xe7, 0xdf, 0xec, 0xc4, 0xf4, 0x0a, 0xfc, 0x38, 0x02, 0x66, 0x04, 0x20, 0x06, 0xf6, 0x0c, 
    0xbe, 0x15, 0x1a, 0x1a, 0xcd, 0x1a, 0xc3, 0x1a, 0x90, 0x1c, 0xd1, 0x21, 0x5e, 0x25, 0x3e, 0x24, 
    0xc0, 0x20, 0x6f, 0x20, 0xac, 0x24, 0xf7, 0x26, 0x3f, 0x25, 0x2c, 0x22, 0x8e, 0x20, 0x2d, 0x22, 
    0x50, 0x24, 0xf8, 0x22, 0x5a, 0x1f, 0xee, 0x1c, 0x9c, 0x1d, 0x74, 0x1e, 0x81, 0x1d, 0xbd, 0x1a, 
    0xf7, 0x17, 0xce, 0x17, 0xfc, 0x17, 0x3c, 0x16, 0x4b, 0x12, 0x49, 0x0f, 0xdd, 0x0d, 0x4a, 0x0b, 
    0xbe, 0x07, 0x60, 0x03, 0x3d, 0xfe, 0x74, 0xfa, 0x08, 0xf7, 0xf1, 0xf1, 0xc9, 0xeb, 0x19, 0xe6, 
    0xcf, 0xe1, 0x06, 0xdd, 0x6e, 0xd7, 0xcc, 0xd0, 0xeb, 0xca, 0x8f, 0xcb, 0x62, 0xce, 0x09, 0xcb, 
    0x86, 0xc5, 0x55, 0xc6, 0xba, 0xcc, 0x3a, 0xd2, 0xf6, 0xd2, 0x21, 0xd1, 0x6b, 0xd2, 0x0e, 0xda, 
    0xd8, 0xe3, 0xc9, 0xe7, 0xe0, 0xe7, 0x23, 0xeb, 0x01, 0x00, 0x80, 0x07, 0x8e, 0xf2, 0x66, 0xfa, 
    0x2a, 0x00, 0xa2, 0x03, 0x4e, 0x06, 0xe1, 0x0a, 0x0f, 0x11, 0x26, 0x17, 0x23, 0x1b, 0x3e, 0x1c, 
    0x0e, 0x1c, 0x33, 0x1e, 0x77, 0x22, 0xcf, 0x24, 0x07, 0x23, 0x4b, 0x20, 0xa7, 0x20, 0x61, 0x23, 
    0xd0, 0x25, 0xf3, 0x23, 0x6a, 0x20, 0x11, 0x20, 0xe5, 0x21, 0x6f, 0x22, 0x9d, 0x20, 0x4f, 0x1e, 
    0x07, 0x1d, 0xb4, 0x1c, 0xfb, 0x1c, 0xec, 0x1b, 0xf3, 0x18, 0xa8, 0x17, 0xdb, 0x17, 0x52, 0x16, 
    0xb9, 0x12, 0x1d, 0x10, 0xfc, 0x0e, 0x1c, 0x0c, 0x4c, 0x08, 0x58, 0x04, 0xef, 0xff, 0x3b, 0xfc, 
    0x5a, 0xf8, 0x51, 0xf3, 0x63, 0xed, 0x81, 0xe8, 0xc4, 0xe4, 0x43, 0xdf, 0x19, 0xd8, 0x81, 0xd2, 
    0xbd, 0xcd, 0x9b, 0xcb, 0xb3, 0xcd, 0x2c, 0xce, 0x8e, 0xc8, 0x73, 0xc4, 0x7c, 0xca, 0x06, 0xd3, 
    0x3c, 0xd5, 0xb5, 0xd2, 0x01, 0xd2, 0x83, 0xd7, 0x03, 0xe2, 0xce, 0xe9, 0x16, 0xea, 0x22, 0xe9, 
    0x99, 0xef, 0xe9, 0xf9, 0x7d, 0x00, 0xc9, 0x03, 0x62, 0x05, 0x6b, 0x08, 0x64, 0x0f, 0x03, 0x17, 
    0x92, 0x1a, 0x35, 0x1b, 0xd1, 0x1b, 0x7c, 0x1c, 0xc0, 0x1f, 0x23, 0x24, 0xc3, 0x23, 0xcd, 0x1f, 
    0xf5, 0x1d, 0x76, 0x20, 0xe5, 0x23, 0x26, 0x24, 0x4f, 0x21, 0xb6, 0x1d, 0x70, 0x1d, 0x2c, 0x21, 
    0xa7, 0x21, 0x16, 0x1e, 0x26, 0x1b, 0x6e, 0x1a, 0x2a, 0x1b, 0x57, 0x1b, 0x12, 0x1a, 0x1f, 0x17, 
    0x20, 0x15, 0xe8, 0x14, 0x37, 0x14, 0xc4, 0x11, 0xfa, 0x0e, 0x34, 0x0c, 0xd6, 0x08, 0x92, 0x05, 
    0x69, 0x02, 0x4a, 0xfe, 0x4f, 0xf9, 0x09, 0xf4, 0xeb, 0xee, 0xb3, 0xeb, 0xa3, 0xe7, 0xe9, 0xe0, 
    0x83, 0xd9, 0x20, 0xd4, 0x63, 0xd0, 0x55, 0xcd, 0x61, 0xce, 0x56, 0xcf, 0x51, 0xca, 0x48, 0xc6, 
    0x39, 0xca, 0x9d, 0xd1, 0xbf, 0xd5, 0x1a, 0xd5, 0x63, 0xd3, 0x84, 0xd6, 0xa5, 0xe0, 0x28, 0xea, 
    0xe4, 0xea, 0xf9, 0xe9, 0xc5, 0xef, 0xf2, 0xf8, 0x00, 0x00, 0x78, 0x03, 0x5c, 0x05, 0xbd, 0x08, 
    0xfb, 0x0e, 0xf0, 0x14, 0xb5, 0x18, 0x0d, 0x1b, 0x2a, 0x1c, 0x4f, 0x1c, 0x63, 0x1e, 0x2b, 0x22, 
    0x77, 0x22, 0x5b, 0x1f, 0x5d, 0x1d, 0x09, 0x1f, 0xf0, 0x21, 0x8b, 0x22, 0x69, 0x1f, 0xeb, 0x1c, 
    0x51, 0x1e, 0x10, 0x20, 0x85, 0x1e, 0xb0, 0x1b, 0x6e, 0x1b, 0x6e, 0x1c, 0xe5, 0x1b, 0x89, 0x19, 
    0x8e, 0x17, 0xdf, 0x16, 0x3a, 0x17, 0x87, 0x16, 0x58, 0x13, 0x9d, 0x0f, 0xbe, 0x0d, 0xfa, 0x0c, 
    0x7f, 0x0a, 0x5c, 0x06, 0x20, 0x01, 0x7c, 0xfc, 0x7c, 0xf9, 0x7a, 0xf5, 0x07, 0xf0, 0xa7, 0xea, 
    0x14, 0xe6, 0xa4, 0xe1, 0xc5, 0xdb, 0x26, 0xd5, 0x53, 0xcf, 0x98, 0xcc, 0x71, 0xcf, 0x38, 0xd0, 
    0x97, 0xca, 0x4d, 0xc7, 0xe3, 0xc9, 0xdc, 0xd0, 0xef, 0xd6, 0x3d, 0xd7, 0x4b, 0xd4, 0xe2, 0xd5, 
    0x49, 0xe0, 0xd4, 0xea, 0xee, 0xec, 0x67, 0xec, 0x3a, 0xef, 0x0c, 0xf6, 0x0d, 0x00, 0x76, 0x06, 
    0x90, 0x07, 0x4d, 0x08, 0x9f, 0x0c, 0x13, 0x13, 0xa9, 0x19, 0x2f, 0x1e, 0x7b, 0x1c, 0x6f, 0x19, 
    0x7b, 0x1c, 0x8f, 0x22, 0x40, 0x24, 0x38, 0x21, 0xce, 0x1d, 0x02, 0x1d, 0xc4, 0x1f, 0x77, 0x23, 
    0x9c, 0x22, 0xa8, 0x1e, 0xc5, 0x1c, 0xac, 0x1c, 0x70, 0x1e, 0xcb, 0x20, 0x0b, 0x20, 0x05, 0x1b, 
    0x13, 0x17, 0x2f, 0x19, 0xc3, 0x1c, 0x1e, 0x1c, 0xcb, 0x16, 0xcd, 0x11, 0x9c, 0x11, 0xb9, 0x13, 
    0x32, 0x12, 0x53, 0x0c, 0x03, 0x07, 0x50, 0x04, 0x67, 0x01, 0x5e, 0xfd, 0xd6, 0xf8, 0x3b, 0xf3, 
    0x44, 0xee, 0x5d, 0xe9, 0x69, 0xe4, 0x8a, 0xdf, 0xc3, 0xd9, 0x40, 0xd3, 0xf0, 0xcd, 0x37, 0xce, 
    0x8a, 0xd0, 0xce, 0xcd, 0xb5, 0xc8, 0x0e, 0xc9, 0x6c, 0xce, 0x4b, 0xd3, 0xaf, 0xd4, 0x1b, 0xd5, 
    0x50, 0xd7, 0x24, 0xdc, 0x2f, 0xe3, 0xce, 0xe8, 0x29, 0xec, 0x7c, 0xef, 0x60, 0xf4, 0x2b, 0xf9, 
    0x91, 0xfe, 0x14, 0x05, 0xcf, 0x09, 0x86, 0x0b, 0x74, 0x0d, 0x7f, 0x12, 0xae, 0x18, 0x29, 0x1d, 
    0x4e, 0x1d, 0xe9, 0x1a, 0x95, 0x1b, 0x1f, 0x20, 0x79, 0x23, 0x8c, 0x21, 0xf8, 0x1d, 0xec, 0x1d, 
    0x7c, 0x20, 0xd0, 0x22, 0x65, 0x22, 0x93, 0x1f, 0x54, 0x1e, 0x6a, 0x1e, 0xe2, 0x1e, 0x4b, 0x1f, 
    0x44, 0x1e, 0x82, 0x1c, 0x42, 0x1a, 0xa2, 0x19, 0x67, 0x19, 0x7a, 0x18, 0x70, 0x17, 0xc9, 0x14, 
    0x43, 0x11, 0x71, 0x0e, 0x6b, 0x0c, 0x3d, 0x0a, 0x0c, 0x07, 0x9f, 0x02, 0xfb, 0xfc, 0x8a, 0xf7, 
    0xf2, 0xf4, 0x3f, 0xf2, 0xc4, 0xec, 0xc2, 0xe5, 0x4d, 0xdf, 0xc9, 0xda, 0x73, 0xd6, 0x37, 0xd1, 
    0x22, 0xce, 0x38, 0xcf, 0x16, 0xcf, 0xb1, 0xcb, 0x86, 0xc9, 0x32, 0xcc, 0x19, 0xd2, 0xc2, 0xd5, 
    0xac, 0xd5, 0x99, 0xd5, 0xab, 0xda, 0x85, 0xe3, 0xc9, 0xe8, 0x2c, 0xea, 0x64, 0xed, 0x9b, 0xf2, 
    0x30, 0xf9, 0xb6, 0xff, 0x0b, 0x03, 0x8b, 0x05, 0x26, 0x0a, 0xb0, 0x0f, 0xf5, 0x13, 0x4e, 0x17, 
    0xad, 0x19, 0x93, 0x1a, 0x07, 0x1c, 0x89, 0x1e, 0xbe, 0x1f, 0x36, 0x1f, 0x11, 0x1f, 0x42, 0x1f, 
    0x2a, 0x1f, 0x66, 0x1f, 0x4c, 0x20, 0xbf, 0x20, 0x89, 0x1f, 0xd8, 0x1d, 0x83, 0x1d, 0x54, 0x1e, 
    0x10, 0x1e, 0xa1, 0x1c, 0x90, 0x1b, 0x3a, 0x1b, 0x58, 0x1a, 0xb3, 0x18, 0xf4, 0x16, 0x0f, 0x16, 
    0xf3, 0x15, 0xa8, 0x13, 0x88, 0x0f, 0x11, 0x0c, 0xd6, 0x09, 0xb2, 0x07, 0xf4, 0x03, 0x40, 0xfe, 
    0xa2, 0xf8, 0x71, 0xf4, 0xdf, 0xf0, 0xdc, 0xec, 0x2f, 0xe7, 0xed, 0xdf, 0x95, 0xd8, 0x56, 0xd3, 
    0x72, 0xd0, 0xaa, 0xd0, 0x5f, 0xd1, 0x5e, 0xcd, 0x9e, 0xc8, 0x89, 0xc9, 0x29, 0xcf, 0x27, 0xd4, 
    0xd1, 0xd4, 0xc1, 0xd3, 0x9b, 0xd5, 0xc6, 0xdb, 0x28, 0xe5, 0x30, 0xea, 0x97, 0xe9, 0x61, 0xec, 
    0xda, 0xf3, 0x20, 0xfc, 0xb5, 0x01, 0x8b, 0x03, 0xf5, 0x05, 0x17, 0x0b, 0x90, 0x10, 0x54, 0x15, 
    0x08, 0x19, 0xb0, 0x1a, 0x19, 0x1b, 0x42, 0x1b, 0xd1, 0x1c, 0xd9, 0x1f, 0x03, 0x21, 0xc5, 0x1e, 
    0x3f, 0x1c, 0xbf, 0x1c, 0xee, 0x1f, 0xfb, 0x21, 0x79, 0x20, 0x9d, 0x1d, 0xf8, 0x1b, 0x43, 0x1d, 
    0x11, 0x1f, 0x7c, 0x1e, 0xce, 0x1b, 0xdd, 0x19, 0xcd, 0x19, 0x64, 0x19, 0xf8, 0x18, 0x08, 0x18, 
    0x41, 0x16, 0xa6, 0x14, 0xff, 0x11, 0xb9, 0x0e, 0xb4, 0x0c, 0x3c, 0x0a, 0x6b, 0x06, 0x6c, 0x01, 
    0x58, 0xfc, 0x6c, 0xf8, 0x8a, 0xf4, 0x56, 0xf0, 0x57, 0xea, 0x2e, 0xe3, 0x49, 0xdd, 0x7b, 0xd8, 
    0xd9, 0xd2, 0xac, 0xcf, 0x67, 0xd1, 0x26, 0xd1, 0xeb, 0xcc, 0x50, 0xca, 0xf1, 0xcb, 0x4b, 0xd0, 
    0x8d, 0xd4, 0x57, 0xd6, 0xdc, 0xd5, 0xfb, 0xd7, 0x0d, 0xe0, 0xd7, 0xe6, 0x60, 0xe9, 0x99, 0xec, 
    0x62, 0xf1, 0x9c, 0xf6, 0xb3, 0xfb, 0x1c, 0x01, 0x50, 0x05, 0xf0, 0x08, 0x6d, 0x0d, 0x40, 0x11, 
    0x3f, 0x15, 0xcb, 0x18, 0x4d, 0x1a, 0x6c, 0x1a, 0x19, 0x1b, 0xc2, 0x1d, 0x7a, 0x1f, 0xa9, 0x1e, 
    0x5d, 0x1d, 0x07, 0x1d, 0xb7, 0x1e, 0xff, 0x20, 0xb1, 0x21, 0x26, 0x20, 0xf9, 0x1d, 0x7f, 0x1d, 
    0x28, 0x1e, 0xbf, 0x1f, 0x48, 0x1f, 0x79, 0x1c, 0x71, 0x1a, 0x51, 0x19, 0xe3, 0x19, 0x8d, 0x1a, 
    0x39, 0x19, 0x4f, 0x15, 0x20, 0x11, 0xbf, 0x0f, 0xcd, 0x0e, 0x69, 0x0b, 0xc2, 0x06, 0x29, 0x02, 
    0x2a, 0xfe, 0x91, 0xfa, 0x70, 0xf6, 0xe4, 0xf0, 0x29, 0xeb, 0x91, 0xe5, 0x10, 0xdf, 0x63, 0xd9, 
    0xdf, 0xd3, 0x5c, 0xd1, 0xdc, 0xd2, 0x40, 0xd2, 0xc3, 0xcd, 0x5a, 0xca, 0x8e, 0xcc, 0xcd, 0xd1, 
    0x5c, 0xd5, 0x28, 0xd6, 0xc1, 0xd5, 0x88, 0xd8, 0xfd, 0xdf, 0x52, 0xe6, 0x4d, 0xe9, 0xdb, 0xeb, 
    0x2b, 0xf0, 0x4f, 0xf5, 0xe0, 0xf9, 0xc0, 0xfe, 0x0f, 0x04, 0xec, 0x07, 0x71, 0x0a, 0xa7, 0x0d, 
    0xd4, 0x11, 0xa2, 0x16, 0xbb, 0x19, 0x7e, 0x19, 0x66, 0x18, 0xdd, 0x19, 0x8f, 0x1d, 0x16, 0x1f, 
    0x9c, 0x1d, 0x2a, 0x1c, 0xaf, 0x1c, 0xca, 0x1e, 0xd1, 0x20, 0xe5, 0x20, 0x03, 0x1f, 0xa2, 0x1d, 
    0x90, 0x1d, 0x68, 0x1e, 0xe6, 0x1e, 0x1c, 0x1e, 0x3f, 0x1c, 0xfe, 0x19, 0xea, 0x18, 0x2f, 0x19, 
    0x46, 0x19, 0xe0, 0x17, 0xb6, 0x13, 0x31, 0x0f, 0xed, 0x0c, 0x2c, 0x0b, 0xf1, 0x08, 0x3a, 0x04, 
    0x89, 0xfe, 0x44, 0xfa, 0x25, 0xf6, 0xf9, 0xf1, 0xad, 0xec, 0xbe, 0xe5, 0x33, 0xdf, 0x39, 0xd9, 
    0xea, 0xd3, 0x02, 0xd4, 0x70, 0xd6, 0x0d, 0xd3, 0xa7, 0xcc, 0xfe, 0xca, 0x7b, 0xcf, 0x64, 0xd5, 
    0xde, 0xd6, 0xee, 0xd4, 0x28, 0xd5, 0xc7, 0xda, 0xeb, 0xe2, 0x51, 0xe6, 0x14, 0xe7, 0x3d, 0xeb, 
    0x83, 0xf1, 0x63, 0xf6, 0x23, 0xfa, 0x32, 0xfe, 0x0c, 0x03, 0x5a, 0x08, 0xeb, 0x0b, 0x10, 0x0e, 
    0xaf, 0x11, 0xa4, 0x16, 0x80, 0x19, 0x24, 0x19, 0xf7, 0x18, 0x0f, 0x1b, 0x3e, 0x1d, 0xe6, 0x1d, 
    0x80, 0x1d, 0xe6, 0x1c, 0x57, 0x1d, 0x7b, 0x1f, 0xa2, 0x20, 0xa0, 0x1f, 0x70, 0x1e, 0x5a, 0x1d, 
    0x6d, 0x1d, 0x70, 0x1e, 0xec, 0x1d, 0x0e, 0x1c, 0x73, 0x1a, 0x57, 0x19, 0x4c, 0x18, 0xc2, 0x17, 
    0x08, 0x17, 0xb5, 0x14, 0x18, 0x11, 0xb6, 0x0d, 0x8e, 0x0b, 0x27, 0x09, 0x9a, 0x05, 0x42, 0x01, 
    0xc4, 0xfc, 0x4e, 0xf8, 0xa3, 0xf3, 0x08, 0xef, 0x95, 0xe9, 0x61, 0xe3, 0x7d, 0xdd, 0x28, 0xd7, 
    0xa8, 0xd3, 0x78, 0xd5, 0x52, 0xd6, 0x15, 0xd2, 0x10, 0xcd, 0x94, 0xcd, 0x9b, 0xd2, 0xab, 0xd7, 
    0xc4, 0xd8, 0x40, 0xd6, 0xf9, 0xd7, 0xc6, 0xdf, 0xcc, 0xe6, 0x87, 0xe8, 0xbd, 0xe9, 0x9a, 0xee, 
    0x0b, 0xf4, 0x01, 0xf9, 0xf2, 0xfc, 0x21, 0x00, 0xd0, 0x04, 0x34, 0x0a, 0x79, 0x0d, 0xc4, 0x0e, 
    0x55, 0x12, 0xef, 0x16, 0xc3, 0x18, 0x92, 0x18, 0xc7, 0x18, 0x22, 0x1b, 0xa3, 0x1d, 0x58, 0x1d, 
    0xe5, 0x1b, 0x10, 0x1c, 0x3c, 0x1e, 0x7e, 0x20, 0x0d, 0x20, 0xa2, 0x1d, 0x28, 0x1c, 0xdf, 0x1c, 
    0xc5, 0x1e, 0xed, 0x1e, 0x07, 0x1c, 0xa1, 0x19, 0x7f, 0x19, 0xab, 0x19, 0x95, 0x18, 0x67, 0x16, 
    0xa5, 0x13, 0xf2, 0x10, 0xc7, 0x0e, 0xbe, 0x0b, 0x92, 0x08, 0x6d, 0x05, 0x8b, 0x01, 0x50, 0xfd, 
    0x33, 0xf9, 0x61, 0xf5, 0x4d, 0xf0, 0x06, 0xeb, 0xce, 0xe5, 0xb0, 0xdf, 0xcd, 0xd9, 0x7d, 0xd7, 
    0xd2, 0xd8, 0xb8, 0xd7, 0x88, 0xd3, 0x3c, 0xd0, 0x90, 0xd0, 0x6f, 0xd4, 0x95, 0xd8, 0xfc, 0xd8, 
    0x57, 0xd7, 0xbf, 0xd9, 0x2d, 0xe0, 0x92, 0xe5, 0x4d, 0xe8, 0x4f, 0xea, 0xc2, 0xed, 0x39, 0xf2, 
    0xb3, 0xf6, 0x9e, 0xfb, 0x7c, 0xff, 0x96, 0x03, 0x83, 0x07, 0xf0, 0x09, 0x15, 0x0d, 0xf9, 0x10, 
    0x47, 0x15, 0x57, 0x17, 0xf3, 0x16, 0xfa, 0x16, 0xa3, 0x18, 0xd0, 0x1b, 0x13, 0x1d, 0x23, 0x1c, 
    0x6b, 0x1b, 0x35, 0x1c, 0x46, 0x1e, 0x75, 0x1f, 0xf8, 0x1e, 0x5e, 0x1d, 0xc8, 0x1c, 0xda, 0x1d, 
    0xea, 0x1d, 0xc0, 0x1c, 0x19, 0x1b, 0xaf, 0x19, 0xf7, 0x18, 0xc1, 0x17, 0x63, 0x16, 0x37, 0x14, 
    0xb6, 0x10, 0xc5, 0x0d, 0x39, 0x0b, 0x20, 0x08, 0xd3, 0x04, 0x77, 0x01, 0x7d, 0xfd, 0xdb, 0xf8, 
    0x13, 0xf5, 0x07, 0xf1, 0x49, 0xec, 0x70, 0xe6, 0xc0, 0xdf, 0x87, 0xdb, 0xb0, 0xda, 0x24, 0xdc, 
    0xa3, 0xd9, 0xc1, 0xd3, 0x26, 0xd2, 0xe1, 0xd4, 0xbc, 0xd8, 0xbf, 0xda, 0x56, 0xda, 0x2c, 0xd9, 
    0x00, 0xdc, 0xb9, 0xe2, 0x5c, 0xe7, 0x2d, 0xe9, 0xc8, 0xea, 0x5b, 0xee, 0x41, 0xf2, 0xe3, 0xf6, 
    0x0a, 0xfd, 0x10, 0x00, 0x08, 0x02, 0x7d, 0x05, 0x17, 0x09, 0x43, 0x0d, 0xe6, 0x10, 0xde, 0x13, 
    0x9c, 0x14, 0xec, 0x14, 0x68, 0x16, 0x9a, 0x18, 0xd5, 0x1a, 0x92, 0x1a, 0x31, 0x1a, 0x93, 0x1a, 
    0x1c, 0x1c, 0xb9, 0x1d, 0x09, 0x1e, 0xd2, 0x1d, 0xb5, 0x1c, 0x08, 0x1c, 0x41, 0x1c, 0x2f, 0x1d, 
    0x82, 0x1c, 0x63, 0x1a, 0xdf, 0x18, 0x24, 0x17, 0xe5, 0x15, 0xb7, 0x15, 0xc1, 0x13, 0x4b, 0x0f, 
    0x1f, 0x0c, 0x8f, 0x09, 0x6a, 0x06, 0xbe, 0x03, 0x6c, 0x00, 0x0e, 0xfc, 0x13, 0xf8, 0x0a, 0xf4, 
    0x22, 0xef, 0xab, 0xea, 0x33, 0xe6, 0x83, 0xe0, 0x1b, 0xdd, 0xb8, 0xde, 0x97, 0xde, 0x1a, 0xd9, 
    0x4d, 0xd4, 0x6a, 0xd6, 0xf2, 0xdb, 0x50, 0xdd, 0x98, 0xdb, 0x9c, 0xd9, 0x36, 0xdc, 0xdc, 0xe2, 
    0x14, 0xe6, 0x43, 0xe7, 0xcf, 0xe9, 0x7a, 0xed, 0xc8, 0xf0, 0x8b, 0xf3, 0xac, 0xf7, 0x3b, 0xfd, 
    0xfd, 0x01, 0xea, 0x03, 0xc6, 0x04, 0x50, 0x08, 0x3d, 0x0e, 0x76, 0x12, 0xfc, 0x12, 0x5e, 0x12, 
    0xc4, 0x13, 0x3b, 0x16, 0xfe, 0x17, 0xa2, 0x18, 0x6c, 0x19, 0xf1, 0x1a, 0x48, 0x1a, 0x5f, 0x19, 
    0x08, 0x1b, 0xe6, 0x1d, 0xbe, 0x1e, 0x3e, 0x1b, 0xa2, 0x18, 0x3e, 0x1a, 0xf3, 0x1b, 0x3a, 0x1a, 
    0x9c, 0x17, 0xcc, 0x16, 0x3b, 0x16, 0xad, 0x14, 0x21, 0x11, 0x12, 0x0e, 0x17, 0x0c, 0x79, 0x09, 
    0x52, 0x07, 0x8d, 0x03, 0xda, 0xff, 0x0f, 0xfd, 0xc0, 0xf8, 0x82, 0xf5, 0xd0, 0xf2, 0x5d, 0xee, 
    0xfb, 0xe7, 0xee, 0xe2, 0x95, 0xe1, 0x89, 0xe3, 0xf1, 0xe3, 0x66, 0xdd, 0xfd, 0xd8, 0xde, 0xda, 
    0x73, 0xdf, 0xfa, 0xe1, 0x08, 0xde, 0x62, 0xdc, 0x28, 0xe0, 0x40, 0xe4, 0x0b, 0xe6, 0x23, 0xe7, 
    0xdd, 0xe9, 0xcf, 0xee, 0x10, 0xf3, 0x83, 0xf2, 0xe9, 0xf3, 0x4c, 0xfa, 0x24, 0x01, 0x16, 0x04, 
    0x01, 0x03, 0xa7, 0x04, 0x82, 0x0a, 0x85, 0x0f, 0x2b, 0x10, 0x11, 0x10, 0xfe, 0x11, 0x77, 0x14, 
    0x98, 0x15, 0x9b, 0x15, 0x93, 0x17, 0x3d, 0x19, 0xd6, 0x19, 0x2a, 0x1a, 0x20, 0x19, 0xf6, 0x19, 
    0x9c, 0x1c, 0x64, 0x1c, 0x02, 0x1a, 0xe0, 0x17, 0x6e, 0x17, 0xb5, 0x18, 0x0a, 0x18, 0x6e, 0x15, 
    0xe0, 0x13, 0xe8, 0x11, 0x41, 0x0e, 0x28, 0x0c, 0x31, 0x0b, 0x71, 0x09, 0xa7, 0x05, 0x70, 0x01, 
    0x19, 0xff, 0xb9, 0xfb, 0x55, 0xf9, 0xee, 0xf6, 0xac, 0xf2, 0x14, 0xee, 0x50, 0xe8, 0xf6, 0xe4, 
    0x58, 0xe5, 0x11, 0xe8, 0x71, 0xe6, 0x1a, 0xdf, 0xab, 0xdb, 0x74, 0xde, 0x19, 0xe4, 0xfb, 0xe5, 
    0x39, 0xe2, 0x0d, 0xdf, 0x45, 0xe1, 0x63, 0xe7, 0x83, 0xea, 0xf4, 0xea, 0x01, 0x00, 0x80, 0x07, 
    0xa6, 0xec, 0x5d, 0xef, 0xdc, 0xf2, 0xee, 0xf5, 0x51, 0xf8, 0xaf, 0xfb, 0x39, 0x00, 0xb4, 0x02, 
    0x74, 0x03, 0x63, 0x06, 0xff, 0x09, 0x69, 0x0d, 0xc8, 0x0f, 0xce, 0x0f, 0x81, 0x10, 0x27, 0x13, 
    0xe9, 0x14, 0x8d, 0x14, 0xd9, 0x15, 0x3a, 0x18, 0xc8, 0x18, 0x4d, 0x17, 0x00, 0x17, 0x46, 0x19, 
    0x18, 0x1a, 0x5b, 0x18, 0x78, 0x16, 0x9d, 0x16, 0x84, 0x16, 0x40, 0x15, 0x68, 0x13, 0x36, 0x11, 
    0x05, 0x11, 0x52, 0x10, 0x3b, 0x0c, 0xa6, 0x09, 0xdb, 0x08, 0x76, 0x05, 0x25, 0x02, 0x0c, 0x01, 
    0x49, 0xff, 0x76, 0xfb, 0xe2, 0xf6, 0xd0, 0xf3, 0xfe, 0xf1, 0xa0, 0xee, 0x26, 0xea, 0x51, 0xe8, 
    0x52, 0xe9, 0xe8, 0xe8, 0x29, 0xe5, 0x08, 0xe1, 0x75, 0xe1, 0x41, 0xe5, 0x95, 0xe7, 0x98, 0xe5, 
    0xc9, 0xe2, 0xae, 0xe3, 0xd1, 0xe7, 0xca, 0xec, 0x81, 0xec, 0x53, 0xeb, 0xe8, 0xed, 0x96, 0xf2, 
    0xd0, 0xf6, 0x8f, 0xf7, 0xb0, 0xf9, 0xd7, 0xfc, 0xd7, 0xff, 0x2b, 0x03, 0x01, 0x06, 0xf9, 0x07, 
    0x4b, 0x08, 0xed, 0x0a, 0x23, 0x0f, 0xee, 0x10, 0x12, 0x11, 0x6f, 0x10, 0xfd, 0x11, 0x3b, 0x15, 
    0xd7, 0x15, 0xa6, 0x15, 0xd6, 0x15, 0x39, 0x16, 0xcc, 0x16, 0xe0, 0x16, 0xc2, 0x15, 0x97, 0x15, 
    0x34, 0x16, 0x6e, 0x14, 0x4c, 0x12, 0x86, 0x11, 0x96, 0x11, 0x5c, 0x10, 0x28, 0x0e, 0x27, 0x0c, 
    0xe4, 0x0a, 0xfe, 0x08, 0xbe, 0x05, 0x68, 0x04, 0xd4, 0x02, 0x85, 0xff, 0x8e, 0xfd, 0x52, 0xfb, 
    0x8c, 0xf6, 0x3b, 0xf3, 0x42, 0xf2, 0xcf, 0xf1, 0xdc, 0xee, 0x76, 0xe9, 0x23, 0xe9, 0xaa, 0xeb, 
    0xe4, 0xea, 0x41, 0xe6, 0x91, 0xe4, 0x0e, 0xe8, 0xd3, 0xea, 0x04, 0xe9, 0x6d, 0xe4, 0x5e, 0xe6, 
    0x35, 0xea, 0x8e, 0xec, 0xa5, 0xec, 0x62, 0xeb, 0x79, 0xef, 0x88, 0xf2, 0xcf, 0xf3, 0x4c, 0xf6, 
    0x93, 0xfa, 0xca, 0xfd, 0xbd, 0xfe, 0x9a, 0x01, 0xb4, 0x03, 0xf7, 0x04, 0xd5, 0x08, 0xa2, 0x0c, 
    0xb8, 0x0d, 0x27, 0x0d, 0xcd, 0x0d, 0xa1, 0x11, 0x6f, 0x12, 0xec, 0x12, 0xe8, 0x14, 0x79, 0x14, 
    0xb6, 0x15, 0x43, 0x15, 0x65, 0x15, 0x5e, 0x15, 0x20, 0x15, 0x9d, 0x15, 0xd7, 0x13, 0x07, 0x14, 
    0xd1, 0x10, 0x59, 0x0e, 0xe5, 0x0f, 0x77, 0x11, 0x98, 0x0e, 0xfc, 0x08, 0xfa, 0x08, 0xc4, 0x09, 
    0xe1, 0x07, 0x8e, 0x02, 0xb9, 0x00, 0xd8, 0x03, 0x6d, 0x04, 0x08, 0xfd, 0x6e, 0xf7, 0xb3, 0xf4, 
    0x84, 0xf3, 0x52, 0xfe, 0xf6, 0xf5, 0xff, 0xe7, 0x8a, 0xe9, 0x63, 0xed, 0xc8, 0xf4, 0x15, 0xef, 
    0x43, 0xe8, 0x7b, 0xe6, 0x84, 0xe7, 0xd8, 0xea, 0xfb, 0xeb, 0xb9, 0xed, 0xe9, 0xec, 0x12, 0xec, 
    0x15, 0xeb, 0xa1, 0xee, 0xdb, 0xf0, 0xb2, 0xf2, 0xbc, 0xf5, 0xa8, 0xf6, 0x21, 0xf8, 0xef, 0xf8, 
    0xb1, 0xfa, 0x7f, 0xfd, 0xdd, 0x04, 0x5a, 0x08, 0x5b, 0x01, 0x47, 0xfe, 0x28, 0x07, 0x84, 0x11, 
    0xf3, 0x11, 0xa7, 0x0a, 0xe6, 0x07, 0x92, 0x0c, 0x90, 0x13, 0xd3, 0x14, 0xce, 0x10, 0x0b, 0x10, 
    0x08, 0x0f, 0x6e, 0x0f, 0x02, 0x12, 0x52, 0x14, 0x39, 0x12, 0xee, 0x0d, 0x3d, 0x0f, 0x09, 0x0e, 
    0xdf, 0x0c, 0xb8, 0x0c, 0x40, 0x0b, 0xfe, 0x0c, 0x83, 0x0a, 0xe9, 0x06, 0x67, 0x07, 0xd9, 0x07, 
    0x43, 0x03, 0xa4, 0x00, 0x32, 0x01, 0xf3, 0xfb, 0x76, 0xfe, 0xdc, 0xfe, 0x80, 0xf7, 0x1e, 0xf7, 
    0xf8, 0xf4, 0xcf, 0xf2, 0x11, 0xf5, 0x14, 0xf5, 0x9d, 0xf2, 0x8d, 0xf0, 0x3c, 0xf0, 0xba, 0xf1, 
    0x71, 0xee, 0xf8, 0xed, 0xff, 0xf2, 0x12, 0xf0, 0xa4, 0xed, 0xd0, 0xec, 0xcc, 0xef, 0xfd, 0xf7, 
    0x75, 0xf8, 0x9c, 0xf2, 0xda, 0xef, 0x55, 0xf5, 0x3e, 0xfa, 0xc8, 0xfd, 0xf7, 0xff, 0x27, 0xf9, 
    0xf3, 0xf5, 0xb2, 0xfe, 0xa6, 0x06, 0x3c, 0x06, 0xbc, 0xff, 0xd4, 0x00, 0x2d, 0x08, 0x4b, 0x0a, 
    0x4e, 0x0b, 0x46, 0x09, 0x02, 0x07, 0x63, 0x07, 0xd0, 0x0a, 0xef, 0x0f, 0x45, 0x11, 0xba, 0x0d, 
    0x9f, 0x08, 0x6f, 0x09, 0x0a, 0x0e, 0x65, 0x11, 0xd0, 0x0d, 0xb4, 0x08, 0x5c, 0x0b, 0x99, 0x0d, 
    0xd2, 0x0d, 0xd6, 0x0a, 0x15, 0x04, 0x1a, 0x03, 0xa8, 0x0b, 0xe8, 0x11, 0xed, 0x06, 0xcb, 0xf8, 
    0xdf, 0xfe, 0x39, 0x0a, 0xdb, 0x06, 0x54, 0xfa, 0xd8, 0xf1, 0x40, 0xf9, 0x96, 0x06, 0x59, 0x05, 
    0xd7, 0xf2, 0x89, 0xea, 0x93, 0xf4, 0x62, 0xfe, 0x85, 0xfe, 0xaa, 0xf1, 0xd9, 0xee, 0xbe, 0xfc, 
    0xbd, 0xfb, 0x05, 0xec, 0xc7, 0xeb, 0x32, 0xf4, 0x1b, 0xfc, 0x30, 0x00, 0xd5, 0xf0, 0x60, 0xe9, 
    0xa4, 0xf8, 0x57, 0x01, 0xc6, 0xfa, 0x5a, 0xf5, 0x50, 0xf6, 0xee, 0xf8, 0x6d, 0xff, 0x93, 0x00, 
    0x4f, 0xfd, 0x07, 0xfd, 0x73, 0xfb, 0x2b, 0x02, 0xca, 0x0a, 0x6b, 0x07, 0x23, 0xff, 0x1d, 0xfe, 
    0x8b, 0x04, 0x57, 0x0c, 0x2c, 0x12, 0xea, 0x0a, 0x79, 0xfd, 0xe7, 0xfd, 0x79, 0x0a, 0x23, 0x12, 
    0x6f, 0x0d, 0x1a, 0x05, 0xf8, 0x06, 0x7a, 0x07, 0xd8, 0x08, 0x64, 0x0b, 0x17, 0x02, 0x6d, 0x06, 
    0x71, 0x0d, 0xb3, 0x09, 0xf0, 0x01, 0xad, 0xfd, 0x87, 0x03, 0x85, 0x06, 0x99, 0x0a, 0xf1, 0x09, 
    0x19, 0xfd, 0x36, 0xf5, 0xa8, 0xf8, 0xa8, 0x02, 0xa0, 0x08, 0x3d, 0xfd, 0xe4, 0xfa, 0x60, 0xfd, 
    0x34, 0xf5, 0x8e, 0xf6, 0xf2, 0xf6, 0x50, 0xf7, 0x65, 0x01, 0x4f, 0xff, 0x90, 0xf1, 0x52, 0xf2, 
    0x56, 0xf4, 0x62, 0xf8, 0x12, 0x02, 0xe4, 0xfc, 0x08, 0xf8, 0x28, 0xf4, 0xcd, 0xf2, 0x3a, 0xfe, 
    0x20, 0x00, 0x68, 0xfd, 0x3d, 0xfc, 0x8a, 0xf5, 0x3b, 0xf5, 0xfc, 0x00, 0x06, 0x03, 0xf3, 0xf7, 
    0xc9, 0xfe, 0xd3, 0x02, 0x47, 0x01, 0x5d, 0x00, 0x2c, 0xfd, 0xeb, 0x09, 0x68, 0x03, 0xc1, 0xf9, 
    0x45, 0x03, 0x5c, 0x05, 0xbf, 0x0d, 0x9d, 0x0d, 0x78, 0xfb, 0x7a, 0xf8, 0x00, 0x0a, 0x4d, 0x11, 
    0x5e, 0x09, 0xbf, 0x03, 0x80, 0x00, 0xe0, 0x09, 0xd9, 0x10, 0xed, 0x02, 0x9f, 0xf5, 0x6e, 0x01, 
    0x8f, 0x12, 0x89, 0x07, 0x36, 0xfa, 0xa7, 0x03, 0x2c, 0x03, 0xf6, 0xfa, 0x38, 0x08, 0x44, 0x00, 
    0x0d, 0xf3, 0x3f, 0x06, 0x5f, 0x08, 0x4c, 0xfb, 0x23, 0xf7, 0xa9, 0xf6, 0xd6, 0x00, 0xf1, 0x08, 
    0x73, 0xfd, 0x25, 0xf2, 0xb2, 0xf1, 0xd3, 0xfb, 0xc6, 0x0d, 0xbf, 0x04, 0xd2, 0xf2, 0x87, 0xf8, 
    0xa5, 0xf6, 0x57, 0xf6, 0x6a, 0x02, 0xaf, 0x02, 0xe3, 0xf6, 0xa3, 0xf2, 0x25, 0xf7, 0xf9, 0xf9, 
    0x17, 0x09, 0x07, 0x09, 0x05, 0xf6, 0xe6, 0xf0, 0x0b, 0xfa, 0xe2, 0x03, 0x9e, 0x02, 0x1b, 0x01, 
    0x63, 0xfb, 0x50, 0xf9, 0x3d, 0x00, 0x1e, 0xff, 0x81, 0xfe, 0xe7, 0x01, 0xa2, 0x03, 0x5d, 0x02, 
    0x47, 0xff, 0x48, 0xfd, 0x1d, 0x08, 0x02, 0x0e, 0xf7, 0xfb, 0x5b, 0xff, 0xf5, 0x07, 0x25, 0x01, 
    0x8a, 0x08, 0xc2, 0x08, 0x0b, 0x04, 0x20, 0xfd, 0x01, 0xfa, 0x3c, 0x0d, 0xf0, 0x13, 0x97, 0x06, 
    0xa6, 0xf8, 0xbb, 0xf0, 0x7e, 0xff, 0x83, 0x15, 0x38, 0x0f, 0xa7, 0xf7, 0x3f, 0xef, 0xd2, 0x00, 
    0x40, 0x0d, 0xb8, 0x06, 0xd6, 0xfd, 0xf7, 0xf6, 0xe4, 0xfe, 0x71, 0x08, 0x1d, 0x04, 0x58, 0xf5, 
    0x75, 0xf5, 0xbc, 0x0c, 0xea, 0x09, 0x02, 0xf6, 0x0c, 0xf1, 0x26, 0xf7, 0xa0, 0x07, 0x2b, 0x0c, 
    0x13, 0xfa, 0x2e, 0xe9, 0x6d, 0xf4, 0x1f, 0x0a, 0xb9, 0x0a, 0xa1, 0xfd, 0x47, 0xf4, 0x36, 0xf4, 
    0x53, 0xff, 0xef, 0x0c, 0xc0, 0x02, 0xe4, 0xf1, 0x37, 0xf5, 0xdd, 0xfa, 0x2d, 0x01, 0x97, 0x09, 
    0x7e, 0x03, 0x66, 0xf2, 0x25, 0xed, 0x63, 0x05, 0x81, 0x16, 0x7c, 0x01, 0x3f, 0xed, 0x67, 0xf3, 
    0xc4, 0x08, 0x1f, 0x10, 0x1b, 0x03, 0xd6, 0xf7, 0x6f, 0xf8, 0x8e, 0x0c, 0xb6, 0x0d, 0xea, 0xf5, 
    0x3a, 0xf3, 0x45, 0x05, 0x17, 0x18, 0xde, 0x07, 0x16, 0xec, 0x3e, 0xf1, 0xac, 0x07, 0xb3, 0x16, 
    0x1a, 0x0b, 0x9c, 0xf4, 0xed, 0xfe, 0x26, 0x0a, 0x8e, 0xff, 0x0c, 0x00, 0x20, 0x01, 0x82, 0x04, 
    0xcd, 0xf9, 0x79, 0xfd, 0x1e, 0x09, 0xcb, 0xff, 0x0b, 0x02, 0x5f, 0xfd, 0x14, 0x08, 0xdd, 0x08, 
    0x2e, 0xf7, 0x76, 0xf9, 0x63, 0xfd, 0xdc, 0x09, 0xf1, 0x02, 0xe8, 0xf7, 0xf0, 0x06, 0x03, 0x04, 
    0x7d, 0xf6, 0xcf, 0xf7, 0xbc, 0x01, 0xfa, 0x08, 0x4a, 0x07, 0xf7, 0xf6, 0xbd, 0xef, 0x4d, 0x01, 
    0x6f, 0x05, 0x52, 0xfb, 0xf6, 0xfa, 0x30, 0xfe, 0x16, 0xf9, 0x9b, 0xf9, 0x96, 0x07, 0xb2, 0x08, 
    0xa3, 0xf7, 0x75, 0xf0, 0x2e, 0x02, 0x93, 0x07, 0x06, 0xfb, 0x8e, 0xff, 0xc0, 0xfd, 0xba, 0xfe, 
    0x6d, 0x02, 0x7f, 0xf7, 0xc4, 0xfa, 0xf8, 0x01, 0x40, 0x09, 0x5a, 0x07, 0x69, 0xfa, 0x75, 0xf4, 
    0xd9, 0xfb, 0xd6, 0x02, 0xd4, 0x05, 0xe4, 0x18, 0x11, 0x01, 0xf0, 0xd9, 0x73, 0xfb, 0x11, 0x18, 
    0xf7, 0x0a, 0xac, 0x0b, 0x26, 0xf6, 0x35, 0xe5, 0x3a, 0x0a, 0x48, 0x1f, 0x37, 0x02, 0x1f, 0xec, 
    0x09, 0xfc, 0x20, 0x0a, 0xbf, 0x17, 0x39, 0x08, 0x37, 0xe6, 0x71, 0xf4, 0xdf, 0x0a, 0xac, 0x10, 
    0x4a, 0x04, 0xfd, 0xf4, 0x5a, 0x01, 0xac, 0x05, 0x84, 0x05, 0x8c, 0xf4, 0x19, 0xf1, 0xaa, 0x0e, 
    0x8b, 0x0b, 0x9a, 0xfe, 0xce, 0xf4, 0x3d, 0xfe, 0x82, 0xfc, 0x03, 0xf5, 0x2d, 0x0d, 0x63, 0x0a, 
    0xfe, 0xf5, 0x8c, 0xef, 0xe5, 0xfa, 0x1c, 0x0c, 0x1e, 0x0c, 0x51, 0xfb, 0x14, 0xec, 0xa6, 0xf6, 
    0xbd, 0x0e, 0xa6, 0x0a, 0xb4, 0xf6, 0x45, 0xf3, 0xf4, 0xfe, 0xcd, 0x08, 0xec, 0xf8, 0x10, 0xff, 
    0x6f, 0x05, 0x37, 0xf3, 0xe8, 0xfe, 0x9c, 0x07, 0x08, 0xfb, 0x0e, 0xfa, 0xda, 0x0c, 0x79, 0xfb, 
    0xb6, 0xf0, 0x42, 0x0b, 0x04, 0x04, 0x2b, 0xfc, 0xc0, 0x04, 0x3e, 0xf9, 0x55, 0x00, 0xa9, 0x07, 
    0x33, 0xf2, 0xa4, 0x05, 0x03, 0x12, 0xe4, 0x06, 0x3a, 0xfa, 0x7c, 0xe9, 0x56, 0xfa, 0x3c, 0x1b, 
    0x49, 0x1e, 0x87, 0xed, 0xdc, 0xdc, 0x71, 0x06, 0x43, 0x18, 0x80, 0x0f, 0xf6, 0x00, 0x5e, 0xee, 
    0xe9, 0xf8, 0x32, 0x07, 0x2e, 0x04, 0x9f, 0x07, 0xf6, 0x03, 0x17, 0xfa, 0x9d, 0xf9, 0x7f, 0x02, 
    0x7c, 0x05, 0xd5, 0xfd, 0xf4, 0xfa, 0xa3, 0x08, 0xd8, 0x07, 0x91, 0xf5, 0xa9, 0xf6, 0x00, 0x03, 
    0x53, 0x00, 0x6e, 0x03, 0xf0, 0x08, 0xb7, 0xf3, 0x9d, 0xf7, 0x57, 0x05, 0x15, 0x04, 0x75, 0x04, 
    0xb7, 0xf4, 0x06, 0xee, 0xfc, 0x01, 0x44, 0x1d, 0xf0, 0x0c, 0x36, 0xe0, 0x55, 0xe6, 0xe1, 0x04, 
    0xec, 0x13, 0xbc, 0x0c, 0x04, 0xf8, 0x90, 0xf8, 0xdc, 0xf9, 0x31, 0xf2, 0xdc, 0xff, 0xa1, 0x15, 
    0x43, 0x09, 0x2a, 0xf3, 0x93, 0xf2, 0x27, 0xf9, 0xad, 0x03, 0x03, 0x11, 0x29, 0x02, 0xb4, 0xf1, 
    0x9b, 0x01, 0x0a, 0xfe, 0x27, 0xfb, 0x14, 0x07, 0xdd, 0x08, 0x15, 0x04, 0x30, 0xf6, 0x70, 0xfa, 
    0xb9, 0x08, 0x08, 0x0b, 0x11, 0xfe, 0xbf, 0xed, 0x21, 0x00, 0xa8, 0x0e, 0x08, 0xfb, 0xf5, 0xfb, 
    0x8a, 0x0d, 0x27, 0xff, 0x4b, 0xf5, 0x90, 0xf9, 0x0c, 0x03, 0xfd, 0x11, 0xb8, 0x02, 0x81, 0xfa, 
    0xfe, 0xf2, 0x33, 0xf4, 0x46, 0x0f, 0xd1, 0x0d, 0x93, 0xfd, 0x07, 0x02, 0x93, 0xfb, 0x5f, 0xf2, 
    0x1b, 0x09, 0x4f, 0x08, 0x93, 0x03, 0x6d, 0x03, 0xd0, 0xef, 0xe3, 0xfc, 0x71, 0x06, 0x7c, 0x04, 
    0x07, 0x0b, 0x50, 0xf8, 0x56, 0xf4, 0xf0, 0x03, 0xc1, 0x03, 0x84, 0x05, 0xfe, 0x0f, 0x6e, 0xf4, 
    0xd0, 0xe3, 0xf4, 0x02, 0x4e, 0x0c, 0xf7, 0x18, 0xc0, 0xff, 0x44, 0xdb, 0xe6, 0xfb, 0x5b, 0x11, 
    0x9d, 0x07, 0x10, 0x06, 0xd0, 0xf3, 0x7b, 0xf8, 0xb4, 0x11, 0xb0, 0xf6, 0xe8, 0xf9, 0x5e, 0x03, 
    0x10, 0xf7, 0xbf, 0x0c, 0xa7, 0x0e, 0xcc, 0xee, 0x10, 0xeb, 0xad, 0x0a, 0x55, 0x11, 0x8c, 0x03, 
    0x73, 0xf2, 0xbe, 0xee, 0xf1, 0x04, 0xb4, 0x0f, 0xf5, 0x05, 0x59, 0xf9, 0x72, 0xf8, 0xb0, 0xfb, 
    0x58, 0x00, 0x16, 0x0c, 0xd7, 0x07, 0x42, 0xf5, 0x65, 0xf3, 0x5b, 0x03, 0x8a, 0x0c, 0x7b, 0x06, 
    0x5c, 0x00, 0x25, 0xfb, 0xf7, 0xef, 0x7d, 0x01, 0xc0, 0x11, 0x0e, 0xfe, 0x7f, 0x03, 0x9a, 0xff, 
    0xcc, 0xee, 0xb4, 0x08, 0x93, 0x0b, 0x2b, 0xff, 0xf2, 0xfa, 0xdd, 0xf4, 0x51, 0x02, 0x8c, 0x0c, 
    0x6c, 0x05, 0x51, 0xf9, 0x31, 0xff, 0x0b, 0xfc, 0xeb, 0xfb, 0x7e, 0x08, 0xc8, 0x01, 0xa7, 0x06, 
    0xad, 0xfa, 0x8e, 0xf4, 0x1e, 0x13, 0xe0, 0x04, 0xc2, 0xeb, 0xea, 0xf0, 0x78, 0x0c, 0x6e, 0x20, 
    0x8c, 0x02, 0x99, 0xe2, 0x76, 0xe9, 0x09, 0x11, 0xf2, 0x1f, 0x4d, 0x05, 0x9e, 0xde, 0x03, 0xeb, 
    0xfc, 0x1a, 0xb6, 0x0f, 0x82, 0xf5, 0xdf, 0xf7, 0xb4, 0xf9, 0x5a, 0xfb, 0x3d, 0x0a, 0xb2, 0x0d, 
    0x93, 0xfc, 0x65, 0xea, 0x9e, 0xfa, 0x5a, 0x16, 0xa3, 0x0e, 0x16, 0xf7, 0x79, 0xec, 0x1f, 0xf4, 
    0xc3, 0x05, 0x42, 0x1b, 0x29, 0x03, 0xf0, 0xec, 0xca, 0x01, 0x79, 0x00, 0xf1, 0xf6, 0x2c, 0x01, 
    0xeb, 0x04, 0x0b, 0x00, 0x71, 0x07, 0x7e, 0x02, 0x5c, 0xf0, 0x06, 0x04, 0x0e, 0x08, 0xc1, 0xee, 
    0x95, 0x05, 0x12, 0x0e, 0x7c, 0x06, 0xe5, 0xf8, 0x53, 0xec, 0xda, 0xfb, 0xab, 0x12, 0xd6, 0x10, 
    0x79, 0xf0, 0xcf, 0xf4, 0x14, 0xfd, 0xa4, 0x0f, 0xf2, 0x11, 0x0f, 0xf0, 0x9d, 0xeb, 0x50, 0x07, 
    0xe1, 0x0b, 0xff, 0x03, 0x8c, 0x00, 0xe3, 0xfa, 0x2c, 0xf7, 0xd5, 0xf7, 0xe3, 0x18, 0x5d, 0x05, 
    0x46, 0xec, 0x5a, 0xfe, 0x5a, 0x08, 0xe7, 0x02, 0xcb, 0x01, 0x58, 0xf5, 0xdf, 0xf5, 0x7c, 0x19, 
    0x11, 0x07, 0xa2, 0xe3, 0xfa, 0xf8, 0xe9, 0x15, 0x70, 0x03, 0xb4, 0xfd, 0xa1, 0xf9, 0x9a, 0xf7, 
    0x30, 0x01, 0xa2, 0x09, 0x73, 0x08, 0x37, 0xf1, 0x1f, 0xfd, 0x3f, 0x08, 0xd2, 0xfd, 0xa6, 0xf8, 
    0xfa, 0x04, 0x9d, 0x09, 0xaa, 0xf8, 0xda, 0xfc, 0x44, 0xff, 0x32, 0xfb, 0xc7, 0x0b, 0xef, 0x02, 
    0x6f, 0xf5, 0xc8, 0xff, 0xc6, 0xfd, 0x54, 0xf4, 0xcd, 0x05, 0xa7, 0x1c, 0x8f, 0x05, 0xab, 0xe2, 
    0xc8, 0xea, 0xfa, 0x07, 0x4b, 0x15, 0x64, 0x19, 0xe3, 0xf3, 0xcf, 0xdc, 0x62, 0xf9, 0x11, 0x15, 
    0x01, 0x00, 0x80, 0x07, 0x3d, 0x10, 0x60, 0xf7, 0x6c, 0xf9, 0x76, 0xf6, 0xcf, 0x06, 0x20, 0x0e, 
    0x3a, 0xf4, 0xde, 0x02, 0x1c, 0x04, 0x72, 0xfa, 0xd0, 0x00, 0xd5, 0xf4, 0xac, 0x05, 0xdd, 0x11, 
    0x0b, 0xfd, 0x8c, 0xfd, 0xe5, 0xf3, 0x19, 0xf2, 0xd6, 0x10, 0x25, 0x11, 0x84, 0x04, 0xa2, 0xee, 
    0x5a, 0xf0, 0x77, 0x0e, 0x81, 0x02, 0xc2, 0xfc, 0x23, 0xff, 0x8b, 0x04, 0x1b, 0x05, 0x5c, 0xf1, 
    0x7e, 0xf6, 0xa5, 0x08, 0x33, 0x15, 0x14, 0x04, 0x91, 0xe8, 0xa5, 0xec, 0x31, 0x10, 0x19, 0x1f, 
    0x08, 0xfb, 0x80, 0xe5, 0x57, 0xf3, 0x3c, 0x0e, 0xdd, 0x12, 0x86, 0xfd, 0x78, 0xf1, 0x80, 0xfc, 
    0x27, 0x0b, 0xba, 0xfc, 0x6e, 0xf8, 0xe9, 0x05, 0xde, 0x07, 0x40, 0x04, 0x48, 0xf1, 0x4b, 0xee, 
    0xdd, 0x06, 0x69, 0x15, 0x78, 0x02, 0xdc, 0xf7, 0xaf, 0xfc, 0xbc, 0xf1, 0xba, 0x02, 0x18, 0x0c, 
    0x9a, 0x02, 0xf9, 0x05, 0x9d, 0xf9, 0x05, 0xf2, 0x36, 0x04, 0xac, 0x04, 0x2a, 0xf8, 0x2c, 0x0e, 
    0x85, 0x10, 0x0c, 0xe9, 0x51, 0xe7, 0x28, 0x10, 0x8f, 0x10, 0xc9, 0xfe, 0x28, 0x04, 0x4c, 0xf5, 
    0xa3, 0xf8, 0x81, 0x05, 0xd5, 0xff, 0x89, 0x00, 0xa8, 0x09, 0x6f, 0x04, 0x22, 0xe9, 0x08, 0xff, 
    0x25, 0x0c, 0x79, 0x09, 0x9e, 0xff, 0x3e, 0xe5, 0x6a, 0x0d, 0xa6, 0x12, 0x43, 0xf9, 0xf7, 0xf6, 
    0x28, 0xf7, 0x02, 0x03, 0x22, 0x0e, 0xf5, 0x01, 0x92, 0xf6, 0x8a, 0x03, 0x5f, 0xf7, 0xa2, 0x01, 
    0x19, 0x02, 0x40, 0xf9, 0x10, 0x05, 0x4a, 0x0b, 0xd4, 0x05, 0x93, 0xf0, 0xea, 0xf3, 0x27, 0x01, 
    0x7c, 0x0f, 0xc5, 0x09, 0xff, 0x00, 0x11, 0xef, 0x1c, 0xf9, 0x77, 0x0f, 0x0b, 0xf9, 0x47, 0x02, 
    0xb0, 0x0a, 0x32, 0xfb, 0xb1, 0xfb, 0xdf, 0x02, 0xbc, 0xf6, 0xb3, 0xfd, 0x8b, 0x12, 0x94, 0x05, 
    0x1b, 0xef, 0xa2, 0xf7, 0x0c, 0x07, 0xe7, 0x01, 0x19, 0x06, 0x4c, 0x05, 0x57, 0xfa, 0xc4, 0xf9, 
    0x4d, 0x02, 0x9f, 0xfa, 0x4d, 0xfb, 0x73, 0x0a, 0xa4, 0x0b, 0xd6, 0xf5, 0xec, 0xf3, 0xde, 0x08, 
    0x79, 0x00, 0x5d, 0xff, 0xa3, 0xfd, 0xf3, 0xff, 0x72, 0x04, 0x17, 0x01, 0xa9, 0x05, 0x53, 0xf9, 
    0xed, 0xf1, 0x6c, 0x02, 0xd4, 0x0a, 0x05, 0x07, 0xf1, 0x02, 0x1c, 0xf4, 0x6b, 0xf9, 0x18, 0x0b, 
    0x2e, 0xfe, 0x9b, 0xfa, 0xdc, 0x08, 0x7f, 0x03, 0x15, 0xf6, 0x4b, 0xff, 0x65, 0x08, 0xb4, 0xfd, 
    0x66, 0xfe, 0x1a, 0xf8, 0xf7, 0x05, 0xd5, 0x16, 0x24, 0xf0, 0xae, 0xe9, 0xc7, 0x08, 0x3c, 0x0d, 
    0xcb, 0x07, 0xac, 0xfe, 0x6a, 0xed, 0xe6, 0xf5, 0x9b, 0x0d, 0xcc, 0x0e, 0x6c, 0xff, 0x05, 0xf1, 
    0xe3, 0x01, 0x75, 0x0a, 0x0f, 0xfc, 0x9c, 0xfa, 0x17, 0x04, 0x3c, 0x04, 0x32, 0xfd, 0xb1, 0x0a, 
    0xa3, 0xf2, 0x66, 0xf6, 0xf4, 0x0e, 0x96, 0xff, 0x8a, 0x0b, 0xc4, 0xfa, 0xf0, 0xed, 0x59, 0x00, 
    0xee, 0x10, 0x00, 0x0a, 0x20, 0xef, 0x9e, 0xef, 0x06, 0x04, 0xff, 0x15, 0x49, 0x09, 0x02, 0xf1, 
    0x62, 0xea, 0x54, 0x06, 0xd6, 0x0d, 0x8f, 0x00, 0xb6, 0x04, 0x74, 0xf6, 0xaa, 0xf9, 0x0a, 0x07, 
    0xb6, 0x02, 0xa9, 0xfc, 0x5b, 0xfe, 0x4b, 0x01, 0x9f, 0x05, 0xd6, 0xff, 0xef, 0xf8, 0x55, 0x07, 
    0x8f, 0xf8, 0xea, 0xf7, 0x6f, 0x0d, 0xb7, 0x09, 0xba, 0x02, 0x48, 0xf9, 0x54, 0xf0, 0x7d, 0xfa, 
    0x01, 0x1a, 0x73, 0x06, 0x88, 0xee, 0x22, 0xf8, 0x33, 0xfd, 0x14, 0x13, 0x20, 0x06, 0x5e, 0xf6, 
    0xe9, 0xfc, 0x58, 0xfa, 0x7f, 0x04, 0xcf, 0x00, 0xea, 0xfd, 0x12, 0x08, 0x06, 0xff, 0xb0, 0xfd, 
    0x67, 0xfc, 0xca, 0xf8, 0x47, 0x08, 0x66, 0x0c, 0x00, 0xfe, 0xb1, 0xf1, 0x79, 0xfa, 0x17, 0x0b, 
    0xc2, 0x05, 0x13, 0xfb, 0x87, 0xfe, 0x42, 0x06, 0xf3, 0xfe, 0xb7, 0xf6, 0xc2, 0x03, 0x3a, 0x0b, 
    0x60, 0x00, 0xd7, 0xf4, 0xd4, 0xff, 0x29, 0x02, 0x04, 0xfa, 0xb8, 0x03, 0xf6, 0x06, 0x57, 0x07, 
    0xa0, 0xf9, 0x81, 0xec, 0x8b, 0xff, 0x62, 0x12, 0x64, 0x0d, 0xc0, 0xf9, 0x79, 0xe6, 0xc3, 0xf6, 
    0xc7, 0x11, 0x5b, 0x0e, 0x5a, 0xfd, 0xdc, 0xf4, 0x86, 0xfb, 0xa6, 0x00, 0x77, 0x04, 0xf5, 0xff, 
    0xbd, 0x00, 0xde, 0x07, 0x39, 0xff, 0x01, 0xf8, 0x1c, 0xfc, 0x50, 0x00, 0x87, 0x08, 0xab, 0x09, 
    0xd2, 0xf5, 0xb5, 0xf4, 0x5c, 0x02, 0x43, 0x04, 0x44, 0x07, 0x72, 0x04, 0xa8, 0xfa, 0x5c, 0xf5, 
    0x0f, 0xf3, 0x8c, 0x09, 0x36, 0x17, 0xd2, 0xff, 0xec, 0xf1, 0x01, 0xf6, 0x32, 0x02, 0x24, 0x07, 
    0x31, 0x0d, 0xfa, 0x01, 0x80, 0xee, 0x30, 0xfe, 0xde, 0x06, 0x70, 0xf9, 0x92, 0x01, 0x30, 0x0b, 
    0x03, 0xfa, 0xf8, 0xff, 0x5a, 0x00, 0x41, 0xf5, 0x43, 0x05, 0x95, 0x05, 0x6a, 0x01, 0x31, 0x02, 
    0xfe, 0xf8, 0xb6, 0xf3, 0xc6, 0x04, 0x60, 0x0e, 0x2d, 0xfe, 0x15, 0xf8, 0x41, 0xf8, 0x59, 0x01, 
    0x83, 0x09, 0x25, 0x06, 0x41, 0xff, 0x18, 0xf8, 0x9a, 0xf1, 0xe7, 0xff, 0x28, 0x13, 0xd1, 0x08, 
    0x74, 0xfa, 0x89, 0xf3, 0x32, 0xf9, 0xe4, 0x04, 0x6e, 0x0b, 0xe9, 0xfd, 0x95, 0xf9, 0x1a, 0x09, 
    0x4f, 0xfd, 0xe7, 0xf5, 0xac, 0xfe, 0xf5, 0x01, 0x77, 0x05, 0xb9, 0x07, 0xec, 0xf7, 0xd9, 0xeb, 
    0x28, 0x07, 0xe6, 0x0c, 0xbb, 0x04, 0x3b, 0x08, 0x2b, 0xed, 0xd3, 0xf0, 0xcd, 0x06, 0xa2, 0x08, 
    0x7e, 0x10, 0x3a, 0x01, 0xaa, 0xf2, 0x3b, 0xf2, 0xbc, 0x01, 0x29, 0x0f, 0x39, 0x00, 0x42, 0xfe, 
    0xf7, 0xf8, 0xdc, 0xf5, 0x92, 0x0b, 0xba, 0x09, 0x77, 0xf9, 0x06, 0xf9, 0x8d, 0xfe, 0xc8, 0x08, 
    0x3a, 0x03, 0x06, 0xfb, 0x69, 0x00, 0xb5, 0xfc, 0x4c, 0x04, 0x66, 0x08, 0xf2, 0xf6, 0xee, 0xf8, 
    0xba, 0x04, 0xf9, 0x03, 0x58, 0x01, 0x68, 0xfc, 0x69, 0xfc, 0x50, 0x04, 0x99, 0x02, 0x90, 0xfc, 
    0xe3, 0xf6, 0x58, 0x01, 0x4e, 0x08, 0x2c, 0xfc, 0x2e, 0x04, 0xe7, 0x05, 0xef, 0xfb, 0x66, 0xf8, 
    0xe9, 0xf9, 0xda, 0x08, 0x1b, 0x0a, 0x70, 0xfe, 0x5a, 0xfb, 0x35, 0xfb, 0xf1, 0x03, 0x99, 0x01, 
    0xe4, 0xf7, 0x22, 0x01, 0xb9, 0x09, 0xb5, 0x08, 0x67, 0xf8, 0xd3, 0xef, 0xa4, 0xfc, 0xbe, 0x08, 
    0x57, 0x0a, 0xf1, 0xfb, 0x88, 0xfa, 0x16, 0x03, 0xf0, 0xfd, 0x9c, 0xf8, 0x0d, 0xfc, 0x08, 0x07, 
    0x43, 0x0d, 0x78, 0x01, 0x5a, 0xf9, 0x77, 0xfb, 0xf9, 0xf8, 0xeb, 0x01, 0x0f, 0x08, 0xd7, 0x02, 
    0xff, 0xff, 0xe0, 0xfd, 0x99, 0xfb, 0x0b, 0xfe, 0xd9, 0x03, 0x04, 0x03, 0x88, 0x01, 0x15, 0x01, 
    0x1f, 0xfd, 0xd6, 0xfc, 0x45, 0x05, 0xcf, 0x04, 0xcb, 0xf8, 0xbe, 0xf7, 0xc2, 0x03, 0xe2, 0x09, 
    0x39, 0x03, 0xe5, 0xfe, 0xee, 0xfa, 0xf2, 0xfa, 0x52, 0x04, 0x64, 0x03, 0x70, 0xfa, 0x89, 0xfc, 
    0xba, 0x04, 0x3e, 0x04, 0x15, 0xfe, 0x64, 0xfb, 0x5f, 0xfb, 0x42, 0xfd, 0x6d, 0x06, 0x4e, 0x07, 
    0x4f, 0x00, 0x3c, 0xfb, 0x6a, 0xf7, 0xac, 0x00, 0x23, 0x0a, 0x4a, 0x05, 0x86, 0xfb, 0xdf, 0xf8, 
    0x07, 0xfa, 0xd6, 0x03, 0x85, 0x0a, 0x79, 0xfe, 0x3f, 0xfb, 0x68, 0x01, 0x8e, 0x02, 0x17, 0x01, 
    0xbe, 0xff, 0x65, 0xfb, 0xc6, 0xff, 0x40, 0x09, 0xf7, 0x02, 0xec, 0xfa, 0xf8, 0xf8, 0x1a, 0xfe, 
    0x17, 0x06, 0x0c, 0x04, 0xff, 0xfd, 0x46, 0xf9, 0xe0, 0xfc, 0xbc, 0x05, 0x15, 0x04, 0xb5, 0x02, 
    0xb7, 0xfc, 0x26, 0xf6, 0x49, 0x01, 0x84, 0x0a, 0xc9, 0x01, 0x80, 0xf9, 0x1d, 0xfe, 0x7a, 0x00, 
    0x42, 0x02, 0xc5, 0x00, 0x67, 0xfd, 0xb1, 0x01, 0x25, 0x03, 0x44, 0x01, 0xe3, 0xfb, 0x50, 0xfb, 
    0x3b, 0x05, 0xc7, 0x05, 0xff, 0x01, 0x73, 0xfb, 0xfc, 0xf6, 0xcc, 0x00, 0xaf, 0x02, 0x47, 0x00, 
    0xb8, 0x02, 0xf0, 0x02, 0x8d, 0xf9, 0x06, 0xf4, 0x27, 0x04, 0xd4, 0x0b, 0x86, 0x03, 0x09, 0xfa, 
    0x26, 0xf4, 0xc6, 0xfe, 0xd2, 0x09, 0x07, 0x08, 0x76, 0xff, 0x50, 0xf9, 0x08, 0xfd, 0x0c, 0x01, 
    0xf0, 0x02, 0x90, 0x00, 0x33, 0xff, 0x87, 0x05, 0xe8, 0x03, 0x6c, 0xfa, 0xd2, 0xfa, 0x46, 0x00, 
    0x1b, 0x04, 0x4c, 0x06, 0x58, 0x04, 0xfd, 0xfc, 0x14, 0xf8, 0x14, 0xff, 0xff, 0x06, 0x8e, 0x06, 
    0xeb, 0xfa, 0x74, 0xf6, 0x74, 0x00, 0xd8, 0x05, 0x94, 0x04, 0x06, 0x00, 0x4b, 0xfe, 0xd1, 0xfe, 
    0xf0, 0xfe, 0xb1, 0xfe, 0x37, 0xfd, 0xe2, 0x00, 0xa1, 0x04, 0x9f, 0x02, 0x1a, 0x00, 0xd7, 0xfd, 
    0x3a, 0xfb, 0x77, 0x01, 0x73, 0x07, 0xbc, 0x01, 0xb2, 0xfd, 0xf7, 0xfb, 0x51, 0xfc, 0x20, 0xff, 
    0x8e, 0x02, 0xe2, 0x03, 0x6d, 0x03, 0xef, 0xff, 0x32, 0xfb, 0x67, 0xfd, 0x9c, 0xfc, 0x65, 0x00, 
    0x6e, 0x02, 0xd9, 0x00, 0x31, 0x03, 0xa3, 0xfb, 0xc2, 0xf7, 0x7b, 0xfb, 0x32, 0x02, 0x7d, 0x06, 
    0x54, 0x04, 0x70, 0xff, 0x16, 0xf7, 0x6e, 0xfc, 0x08, 0x03, 0x27, 0x03, 0x95, 0x06, 0x29, 0x01, 
    0x90, 0xfa, 0x35, 0xfb, 0x5d, 0x01, 0xa2, 0x05, 0x92, 0x03, 0xf5, 0xff, 0xc7, 0xfe, 0x1b, 0x00, 
    0xc0, 0x00, 0xf3, 0xff, 0x7e, 0x00, 0x79, 0x02, 0x5d, 0x03, 0xc6, 0x03, 0x54, 0xfe, 0x65, 0xfb, 
    0xc4, 0x01, 0xa0, 0x06, 0x5f, 0x05, 0x59, 0xfe, 0x97, 0xf9, 0xd5, 0xff, 0x09, 0x07, 0x8f, 0x05, 
    0xe7, 0x01, 0x32, 0xfe, 0x7f, 0xfc, 0x0c, 0x01, 0x9c, 0x01, 0x8c, 0xfd, 0x9f, 0xfe, 0x71, 0x01, 
    0x51, 0xff, 0x05, 0xfa, 0x93, 0xf8, 0x56, 0xfd, 0x32, 0x01, 0x4d, 0xfd, 0x76, 0xfb, 0xb3, 0xfb, 
    0x03, 0xf9, 0x9c, 0xfa, 0x5b, 0xfd, 0xa6, 0xf8, 0xf2, 0xf9, 0xf1, 0x01, 0xbe, 0xfa, 0x64, 0xf7, 
    0x4c, 0xfe, 0xf3, 0xfc, 0x62, 0xfc, 0xf6, 0xfe, 0xde, 0xfb, 0x0d, 0xfb, 0xbe, 0x03, 0x31, 0x07, 
    0x1b, 0x03, 0x5e, 0x01, 0xd9, 0x00, 0x8d, 0x07, 0x92, 0x0e, 0x81, 0x09, 0x43, 0x04, 0xa9, 0x07, 
    0x10, 0x0b, 0xca, 0x0a, 0x59, 0x09, 0x41, 0x07, 0xfa, 0x09, 0xdb, 0x0c, 0x94, 0x09, 0x8d, 0x04, 
    0x75, 0x04, 0x27, 0x06, 0x74, 0x06, 0xb5, 0x05, 0x13, 0x03, 0xde, 0x00, 0x48, 0xfd, 0xe7, 0xfc, 
    0x17, 0xfe, 0xd0, 0xfa, 0x3e, 0xf6, 0x80, 0xf8, 0x59, 0xfb, 0x44, 0xf6, 0x63, 0xf1, 0x5e, 0xeb, 
    0x28, 0xec, 0x09, 0xf6, 0x9e, 0xf8, 0xc1, 0xf2, 0x28, 0xec, 0xe9, 0xec, 0x13, 0xed, 0xb1, 0xee, 
    0xe1, 0xf3, 0x64, 0xf5, 0x60, 0xf7, 0xa3, 0xf4, 0xe4, 0xf4, 0x21, 0xf7, 0xa7, 0xfc, 0x57, 0x04, 
    0x90, 0x04, 0x2a, 0x06, 0x18, 0x05, 0xba, 0x05, 0xed, 0x0c, 0xa7, 0x16, 0x1e, 0x1b, 0xb6, 0x14, 
    0x76, 0x11, 0x7a, 0x15, 0xc6, 0x1a, 0x5c, 0x1b, 0xdd, 0x16, 0x82, 0x14, 0xd7, 0x15, 0x66, 0x16, 
    0x86, 0x12, 0xd8, 0x0e, 0x29, 0x0e, 0x3e, 0x0f, 0xde, 0x0b, 0xda, 0x05, 0x6e, 0x02, 0xfe, 0xff, 
    0x23, 0x00, 0x98, 0xfe, 0xd4, 0xf9, 0xcb, 0xf2, 0x84, 0xed, 0xa7, 0xeb, 0xbc, 0xec, 0x8c, 0xef, 
    0x21, 0xec, 0x40, 0xe6, 0x72, 0xe3, 0x38, 0xe1, 0x88, 0xe2, 0x40, 0xe6, 0x29, 0xe4, 0x96, 0xdf, 
    0xd9, 0xe3, 0x2c, 0xeb, 0x0e, 0xed, 0xbc, 0xf0, 0x4e, 0xf2, 0x6d, 0xf2, 0x07, 0xf9, 0x3a, 0xff, 
    0xba, 0x04, 0x83, 0x08, 0x4f, 0x07, 0xb8, 0x07, 0x7a, 0x0e, 0x38, 0x19, 0x29, 0x1d, 0x43, 0x1c, 
    0xf7, 0x17, 0x0c, 0x16, 0x20, 0x20, 0xaa, 0x25, 0x17, 0x24, 0x77, 0x1e, 0xc7, 0x18, 0x4e, 0x1a, 
    0x94, 0x1b, 0x60, 0x19, 0x6c, 0x14, 0x84, 0x10, 0xe9, 0x0e, 0x2a, 0x0b, 0xe5, 0x06, 0x6f, 0x02, 
    0x30, 0xfe, 0xf6, 0xfd, 0x43, 0xfb, 0xc3, 0xf4, 0x57, 0xf1, 0x09, 0xf0, 0xd8, 0xee, 0xcb, 0xec, 
    0x1f, 0xea, 0x47, 0xe8, 0x10, 0xe8, 0x2e, 0xe7, 0x3c, 0xe4, 0x13, 0xe4, 0xe5, 0xe1, 0xb0, 0xdf, 
    0xcb, 0xde, 0xed, 0xde, 0x9e, 0xe8, 0x61, 0xf1, 0x78, 0xef, 0xed, 0xe7, 0x10, 0xea, 0x89, 0xf5, 
    0xcc, 0x00, 0x4c, 0x05, 0xeb, 0xff, 0x95, 0xfe, 0x69, 0x04, 0xba, 0x0c, 0x93, 0x13, 0x98, 0x17, 
    0x60, 0x16, 0x59, 0x12, 0x3c, 0x17, 0x30, 0x1f, 0xb8, 0x22, 0x6e, 0x21, 0x07, 0x1e, 0xff, 0x1a, 
    0xa6, 0x19, 0xa5, 0x1b, 0x64, 0x1b, 0xc1, 0x1b, 0xe4, 0x16, 0xa4, 0x0e, 0x24, 0x0a, 0xb2, 0x07, 
    0x07, 0x0a, 0x04, 0x08, 0x94, 0x02, 0xe5, 0xfa, 0xe1, 0xf5, 0x94, 0xf6, 0x3b, 0xf5, 0xf4, 0xf2, 
    0x90, 0xee, 0x3a, 0xe9, 0xa8, 0xe5, 0xe4, 0xe7, 0xd1, 0xe8, 0x39, 0xe5, 0x5d, 0xe4, 0x8a, 0xe2, 
    0x69, 0xe2, 0x9c, 0xe2, 0x81, 0xdd, 0x6a, 0xdb, 0xf0, 0xe6, 0xea, 0xf3, 0x44, 0xf3, 0x6e, 0xeb, 
    0xdd, 0xe7, 0x3a, 0xf2, 0xaf, 0x01, 0x02, 0x09, 0x38, 0x06, 0x46, 0x01, 0x68, 0x03, 0x73, 0x0b, 
    0x7b, 0x14, 0x32, 0x17, 0x4e, 0x16, 0x80, 0x15, 0x7c, 0x16, 0xd5, 0x1b, 0x6f, 0x20, 0x22, 0x20, 
    0xc7, 0x1d, 0xb0, 0x1b, 0xac, 0x19, 0x58, 0x19, 0x6c, 0x17, 0x95, 0x14, 0x94, 0x14, 0xde, 0x12, 
    0x39, 0x0d, 0xa6, 0x06, 0x7d, 0x02, 0xd7, 0x01, 0x1f, 0x04, 0xd5, 0x00, 0x4e, 0xf7, 0x84, 0xf3, 
    0x3a, 0xf3, 0x9f, 0xf3, 0x87, 0xf2, 0x13, 0xee, 0x0e, 0xeb, 0x23, 0xea, 0x0a, 0xea, 0x64, 0xe8, 
    0xe5, 0xe7, 0x22, 0xe8, 0x08, 0xe5, 0xab, 0xe2, 0x20, 0xe1, 0xbe, 0xe0, 0x39, 0xe5, 0x91, 0xed, 
    0xbf, 0xf2, 0x7b, 0xef, 0x92, 0xec, 0xf6, 0xee, 0x03, 0xf9, 0x45, 0x04, 0x44, 0x06, 0xfb, 0x03, 
    0xaf, 0x00, 0x88, 0x04, 0xea, 0x0e, 0xe7, 0x15, 0x55, 0x17, 0xf1, 0x14, 0x0c, 0x15, 0xa0, 0x17, 
    0x15, 0x1b, 0xb4, 0x1d, 0x4d, 0x1e, 0x45, 0x1c, 0x5b, 0x18, 0xfe, 0x17, 0x27, 0x18, 0xc8, 0x16, 
    0xad, 0x14, 0x78, 0x11, 0xe9, 0x0d, 0x2c, 0x0a, 0x31, 0x07, 0x39, 0x05, 0x7b, 0x03, 0x65, 0xff, 
    0xd5, 0xfb, 0x06, 0xfa, 0x0c, 0xf8, 0x16, 0xf6, 0x28, 0xf3, 0x02, 0xf1, 0xf8, 0xee, 0xa4, 0xed, 
    0x78, 0xed, 0x94, 0xea, 0xb3, 0xe7, 0xd8, 0xe7, 0x08, 0xe9, 0x8b, 0xe7, 0x4d, 0xe4, 0xa6, 0xe1, 
    0x72, 0xe1, 0x01, 0xe8, 0x1e, 0xf1, 0xdd, 0xf3, 0xab, 0xee, 0x03, 0xed, 0xe4, 0xf4, 0x66, 0xfe, 
    0x21, 0x05, 0xa5, 0x05, 0x01, 0x00, 0x80, 0x07, 0x71, 0x02, 0x1f, 0x04, 0x71, 0x09, 0x59, 0x0f, 
    0x26, 0x15, 0xb7, 0x16, 0xea, 0x13, 0xef, 0x12, 0xa8, 0x15, 0xf0, 0x19, 0x10, 0x1f, 0x13, 0x1e, 
    0x5a, 0x17, 0x97, 0x14, 0x5a, 0x15, 0x28, 0x15, 0x9c, 0x13, 0x69, 0x12, 0xdf, 0x0f, 0x7f, 0x0a, 
    0x89, 0x05, 0xf3, 0x02, 0x0f, 0x03, 0x40, 0x04, 0x7a, 0x01, 0x57, 0xfa, 0x52, 0xf6, 0x85, 0xf6, 
    0x6d, 0xf5, 0xaa, 0xf4, 0x0f, 0xf4, 0x4f, 0xf1, 0x4f, 0xef, 0x93, 0xec, 0x02, 0xea, 0x23, 0xec, 
    0xef, 0xed, 0x5b, 0xeb, 0x4e, 0xe6, 0x48, 0xe2, 0x10, 0xe3, 0x5b, 0xe8, 0x88, 0xef, 0x0a, 0xf4, 
    0x1d, 0xf3, 0x56, 0xee, 0x4b, 0xee, 0x64, 0xf7, 0x9c, 0x01, 0x85, 0x06, 0x29, 0x05, 0xbc, 0x01, 
    0x19, 0x03, 0x8f, 0x0a, 0xc1, 0x11, 0x80, 0x14, 0xf1, 0x14, 0x53, 0x13, 0x7b, 0x11, 0x13, 0x13, 
    0x5b, 0x17, 0x05, 0x1c, 0x6d, 0x1d, 0x3a, 0x19, 0x09, 0x13, 0xff, 0x0f, 0x28, 0x11, 0xf6, 0x12, 
    0x8c, 0x12, 0x5d, 0x10, 0xa6, 0x0a, 0x5e, 0x03, 0x4c, 0x00, 0x1b, 0x01, 0x11, 0x04, 0x32, 0x04, 
    0x36, 0xfd, 0xc5, 0xf4, 0xe6, 0xf2, 0x1e, 0xf7, 0x43, 0xf8, 0x8d, 0xf5, 0xe1, 0xf1, 0xf5, 0xed, 
    0xb8, 0xed, 0xd3, 0xee, 0x22, 0xee, 0x51, 0xed, 0x74, 0xec, 0x38, 0xe9, 0x85, 0xe5, 0xb7, 0xe2, 
    0xd5, 0xe6, 0x9c, 0xf2, 0xee, 0xf8, 0xb7, 0xf4, 0xc3, 0xec, 0x0c, 0xee, 0xae, 0xf7, 0x2d, 0x03, 
    0xb2, 0x08, 0x23, 0x04, 0x04, 0xff, 0x95, 0xff, 0x95, 0x07, 0x8e, 0x0f, 0x87, 0x13, 0xc5, 0x12, 
    0x09, 0x0f, 0xd7, 0x0e, 0x3b, 0x11, 0x27, 0x15, 0x30, 0x19, 0x31, 0x1a, 0xec, 0x15, 0xef, 0x11, 
    0xd5, 0x10, 0xd3, 0x0e, 0x48, 0x0f, 0x12, 0x11, 0x08, 0x10, 0x59, 0x0b, 0x07, 0x05, 0x91, 0x00, 
    0xd4, 0xff, 0x8a, 0x02, 0x07, 0x03, 0x47, 0xff, 0x6d, 0xfa, 0x8c, 0xf6, 0xfb, 0xf5, 0xe8, 0xf7, 
    0xe6, 0xf7, 0xc2, 0xf5, 0xc6, 0xf3, 0xe2, 0xf1, 0x4b, 0xef, 0xc4, 0xee, 0x40, 0xf1, 0xb8, 0xf1, 
    0x55, 0xef, 0xaa, 0xea, 0xfc, 0xe5, 0x23, 0xe7, 0x88, 0xf1, 0xde, 0xf9, 0xaa, 0xf6, 0x73, 0xf0, 
    0xdd, 0xed, 0x81, 0xf5, 0xf3, 0xff, 0x24, 0x04, 0x2b, 0x03, 0xcd, 0xfd, 0x69, 0xfe, 0x6b, 0x03, 
    0x98, 0x08, 0x40, 0x0c, 0xb4, 0x0d, 0x9c, 0x0e, 0xcb, 0x0c, 0xac, 0x0c, 0xaf, 0x0e, 0x9f, 0x14, 
    0x9e, 0x18, 0x86, 0x15, 0xf3, 0x10, 0x2d, 0x0d, 0x37, 0x0e, 0x5f, 0x11, 0xe2, 0x12, 0x60, 0x10, 
    0xa2, 0x09, 0x83, 0x04, 0x5c, 0x03, 0xb2, 0x04, 0xbf, 0x05, 0xeb, 0x03, 0xfc, 0xfe, 0x3d, 0xfa, 
    0xe4, 0xf7, 0x81, 0xf8, 0xf1, 0xfa, 0xa8, 0xfa, 0x1f, 0xf7, 0xb3, 0xf3, 0x77, 0xf2, 0x94, 0xf3, 
    0xe5, 0xf4, 0x7d, 0xf4, 0xae, 0xf0, 0x87, 0xee, 0xbe, 0xef, 0xd1, 0xee, 0x6a, 0xed, 0x68, 0xee, 
    0x96, 0xf3, 0x9c, 0xf7, 0xc0, 0xf7, 0x88, 0xf5, 0x97, 0xf3, 0x49, 0xf8, 0x0e, 0xfe, 0x84, 0x01, 
    0xad, 0x01, 0x22, 0xff, 0x76, 0xff, 0x31, 0x01, 0xb4, 0x04, 0xfa, 0x09, 0x88, 0x0d, 0x26, 0x0b, 
    0x11, 0x07, 0xba, 0x09, 0x45, 0x0f, 0xef, 0x13, 0x31, 0x14, 0xa4, 0x0f, 0xc0, 0x0d, 0x11, 0x10, 
    0xe3, 0x10, 0xe0, 0x0d, 0xec, 0x0d, 0xc1, 0x0f, 0x17, 0x0c, 0xd9, 0x05, 0x72, 0x02, 0x08, 0x04, 
    0x23, 0x07, 0xcd, 0x05, 0xdf, 0xfe, 0xcf, 0xf8, 0x32, 0xf8, 0x86, 0xfa, 0xe8, 0xfa, 0x03, 0xf9, 
    0x69, 0xf7, 0x76, 0xf5, 0x64, 0xf5, 0xab, 0xf5, 0x01, 0xf6, 0xbb, 0xf6, 0x52, 0xf5, 0x4b, 0xf3, 
    0x25, 0xf2, 0xbf, 0xf2, 0x58, 0xf3, 0xb0, 0xf1, 0xd0, 0xf0, 0xf8, 0xf7, 0xa3, 0xfb, 0xfc, 0xf6, 
    0x13, 0xf6, 0x87, 0xf6, 0xad, 0xf9, 0x54, 0xff, 0x39, 0x01, 0x08, 0xff, 0x01, 0xfe, 0xa8, 0xfe, 
    0xe0, 0xff, 0x32, 0x03, 0xd6, 0x07, 0xea, 0x09, 0x4e, 0x07, 0x27, 0x06, 0x60, 0x06, 0xa4, 0x0a, 
    0x6d, 0x10, 0x2e, 0x11, 0x36, 0x0f, 0x36, 0x0d, 0x92, 0x0c, 0x0b, 0x0c, 0x3c, 0x0e, 0x97, 0x0f, 
    0xb5, 0x0d, 0x14, 0x0a, 0x1c, 0x05, 0xe8, 0x03, 0x0b, 0x05, 0x20, 0x06, 0x8c, 0x05, 0x7c, 0x00, 
    0x72, 0xfb, 0xc9, 0xfa, 0x18, 0xfd, 0x7d, 0xfd, 0x11, 0xfc, 0xbc, 0xfb, 0x40, 0xf8, 0xe7, 0xf5, 
    0x9b, 0xf7, 0x4f, 0xfa, 0xea, 0xfa, 0x3a, 0xf9, 0x5c, 0xf7, 0x54, 0xf4, 0xef, 0xf7, 0xe6, 0xf6, 
    0xed, 0xf2, 0x76, 0xf5, 0x4e, 0xf4, 0x7a, 0xf8, 0x8f, 0xfe, 0xea, 0xfa, 0xf4, 0xf5, 0x20, 0xf7, 
    0xb2, 0xfa, 0xb9, 0xfd, 0x30, 0xff, 0x5b, 0xfd, 0xc8, 0xfa, 0xd7, 0xfb, 0x3f, 0xfe, 0x97, 0x00, 
    0xd4, 0x05, 0x32, 0x05, 0xf1, 0x00, 0x60, 0x02, 0xf5, 0x03, 0xa5, 0x07, 0x6a, 0x0b, 0x9b, 0x0a, 
    0x88, 0x0a, 0x60, 0x0b, 0xc4, 0x0a, 0x69, 0x08, 0x1c, 0x08, 0xaf, 0x0b, 0xbd, 0x0d, 0x06, 0x0a, 
    0xad, 0x04, 0x50, 0x01, 0x0e, 0x02, 0x05, 0x06, 0xf1, 0x06, 0x1a, 0x04, 0xf8, 0xff, 0x40, 0xfd, 
    0xe3, 0xfc, 0x51, 0xff, 0x91, 0x01, 0xde, 0x00, 0x63, 0xfe, 0x9e, 0xfb, 0xd4, 0xfb, 0x74, 0xfc, 
    0x36, 0xfd, 0x7d, 0xff, 0x34, 0xff, 0x81, 0xfc, 0x8d, 0xf8, 0x13, 0xfb, 0xda, 0xf9, 0x86, 0xfa, 
    0x7b, 0x04, 0x71, 0xfb, 0x99, 0xf4, 0x7f, 0xfa, 0xb9, 0xfd, 0xc9, 0xfb, 0x4a, 0xf8, 0xd6, 0xf7, 
    0x79, 0xfa, 0x80, 0xfc, 0x87, 0xf7, 0x25, 0xf9, 0x19, 0xfa, 0xea, 0xfa, 0x18, 0xfd, 0xd8, 0xfb, 
    0x1d, 0xfc, 0x4f, 0xfd, 0x68, 0x02, 0xc5, 0x03, 0xb5, 0x00, 0x3a, 0x00, 0xe6, 0x02, 0xca, 0x03, 
    0x75, 0x03, 0x3e, 0x06, 0xd1, 0x08, 0x4d, 0x07, 0xc4, 0x02, 0x0d, 0x02, 0x9d, 0x06, 0x41, 0x07, 
    0xfe, 0x02, 0x13, 0x02, 0xe4, 0x05, 0x30, 0x08, 0xcd, 0x06, 0x62, 0x01, 0x00, 0xff, 0x92, 0x04, 
    0xc5, 0x06, 0x2f, 0x05, 0x0b, 0x03, 0x31, 0x02, 0xb6, 0x03, 0x7b, 0x05, 0x62, 0x03, 0xf7, 0x00, 
    0x1d, 0x03, 0x7b, 0x03, 0x64, 0x03, 0xb6, 0x00, 0xeb, 0xfe, 0x82, 0x01, 0x91, 0x00, 0x91, 0xff, 
    0x87, 0xff, 0xbb, 0xfd, 0x68, 0xfd, 0xd9, 0xf9, 0xb7, 0xf8, 0x15, 0xfc, 0xe3, 0xfa, 0xf7, 0xfa, 
    0x4e, 0xfa, 0xdb, 0xf6, 0xcf, 0xf7, 0xa4, 0xfa, 0xf5, 0xf9, 0x65, 0xf8, 0x63, 0xf8, 0xa6, 0xf7, 
    0x5f, 0xf8, 0x60, 0xfc, 0x43, 0xfe, 0x90, 0xfb, 0x67, 0xfb, 0xe4, 0xfb, 0xb8, 0xfb, 0x17, 0x00, 
    0xc0, 0x01, 0xec, 0xff, 0xe6, 0xff, 0x6b, 0x01, 0x49, 0x02, 0x47, 0x02, 0xb3, 0x02, 0xfe, 0x02, 
    0x97, 0x04, 0x6a, 0x05, 0xee, 0x03, 0x3b, 0x02, 0x1e, 0x03, 0x3e, 0x05, 0xd5, 0x05, 0xa5, 0x05, 
    0xc5, 0x03, 0x9b, 0x03, 0xcc, 0x04, 0xe7, 0x04, 0xde, 0x04, 0xf7, 0x04, 0x05, 0x06, 0xa4, 0x05, 
    0x49, 0x04, 0xcd, 0x02, 0xc6, 0x02, 0x79, 0x03, 0xaf, 0x02, 0x7b, 0x02, 0xa0, 0x02, 0x01, 0x03, 
    0x2f, 0x01, 0xf4, 0xfe, 0x62, 0xff, 0xe0, 0xff, 0x68, 0xff, 0xe5, 0xfd, 0x0c, 0xfd, 0xa5, 0xfc, 
    0xd1, 0xfc, 0x7a, 0xfc, 0xc1, 0xfa, 0x76, 0xfa, 0x39, 0xfa, 0xaf, 0xf9, 0xae, 0xf9, 0x12, 0xfa, 
    0x8e, 0xfa, 0x42, 0xfa, 0x46, 0xf9, 0xec, 0xf8, 0x98, 0xfa, 0x06, 0xfc, 0x01, 0xfc, 0x12, 0xfb, 
    0xc7, 0xfa, 0xd0, 0xfc, 0x5f, 0xfe, 0xc4, 0xfd, 0x3a, 0xfd, 0x4b, 0xfe, 0x43, 0xff, 0x99, 0xff, 
    0xcc, 0xff, 0x8a, 0xff, 0xb1, 0x00, 0x13, 0x02, 0x16, 0x02, 0xaa, 0x02, 0x2f, 0x03, 0x15, 0x03, 
    0x61, 0x04, 0xbb, 0x05, 0x7d, 0x05, 0xeb, 0x04, 0x88, 0x04, 0x52, 0x05, 0x5b, 0x06, 0x8c, 0x05, 
    0xe7, 0x03, 0x45, 0x04, 0xc1, 0x05, 0x02, 0x05, 0x60, 0x03, 0x6d, 0x02, 0xb2, 0x02, 0xd1, 0x03, 
    0x6b, 0x03, 0x1a, 0x02, 0x8a, 0x01, 0xaa, 0x01, 0x04, 0x01, 0xa9, 0xff, 0x53, 0xff, 0x50, 0xff, 
    0x68, 0xff, 0xd5, 0xfe, 0x2b, 0xfd, 0xb5, 0xfc, 0xaf, 0xfc, 0xc0, 0xfc, 0xf3, 0xfc, 0xa3, 0xfc, 
    0xb0, 0xfc, 0x29, 0xfc, 0x94, 0xfa, 0x3d, 0xfa, 0xa7, 0xfc, 0xae, 0xfe, 0x62, 0xfd, 0x0b, 0xfb, 
    0x79, 0xfa, 0xad, 0xfb, 0x57, 0xfd, 0xbb, 0xfd, 0x80, 0xfd, 0x1f, 0xfd, 0x40, 0xfc, 0x32, 0xfc, 
    0x56, 0xfd, 0xfb, 0xfe, 0x4a, 0xff, 0xe9, 0xfe, 0xcd, 0xfe, 0x51, 0xff, 0x95, 0x00, 0xf9, 0x00, 
    0xf8, 0x00, 0x44, 0x01, 0xe7, 0x01, 0x50, 0x02, 0xe0, 0x01, 0xa3, 0x01, 0x80, 0x02, 0x36, 0x03, 
    0x8c, 0x03, 0x5e, 0x03, 0xd7, 0x01, 0x8e, 0x01, 0x99, 0x03, 0xe7, 0x04, 0xf5, 0x03, 0x0c, 0x03, 
    0x96, 0x02, 0x89, 0x02, 0x72, 0x03, 0x89, 0x03, 0x85, 0x02, 0xb8, 0x01, 0xc3, 0x01, 0x15, 0x02, 
    0x6b, 0x01, 0x7e, 0x00, 0x8c, 0x00, 0xa1, 0x00, 0xa2, 0x00, 0xe3, 0xff, 0xc0, 0xfe, 0xc0, 0xfe, 
    0x5c, 0xff, 0xd5, 0xff, 0x63, 0xff, 0xeb, 0xfe, 0x2e, 0xfe, 0x12, 0xfd, 0x55, 0xfd, 0x82, 0xfe, 
    0x84, 0xff, 0xdb, 0xfe, 0xa0, 0xfc, 0xff, 0xfb, 0x88, 0xfd, 0x92, 0xfe, 0x41, 0xfe, 0xf8, 0xfd, 
    0xfe, 0xfd, 0xa8, 0xfd, 0xc5, 0xfd, 0x08, 0xfe, 0x85, 0xfe, 0x85, 0xff, 0x44, 0xff, 0x83, 0xfe, 
    0xe8, 0xfe, 0x7e, 0xff, 0xb4, 0xff, 0xa6, 0xff, 0x69, 0xff, 0xc1, 0xff, 0x84, 0x00, 0x59, 0x00, 
    0xb5, 0xff, 0x1d, 0x00, 0xce, 0x00, 0x2c, 0x01, 0x43, 0x01, 0xb7, 0x00, 0xe6, 0x00, 0x07, 0x02, 
    0xe6, 0x01, 0xf6, 0x00, 0xf9, 0x00, 0x9e, 0x01, 0x00, 0x02, 0xde, 0x01, 0x36, 0x01, 0xc6, 0x00, 
    0x5c, 0x01, 0x80, 0x01, 0x3a, 0x01, 0x5f, 0x01, 0x09, 0x01, 0x06, 0x01, 0x6d, 0x01, 0x5d, 0x01, 
    0x1a, 0x01, 0xdb, 0x00, 0xf7, 0x00, 0x30, 0x01, 0x01, 0x01, 0x43, 0x00, 0xce, 0xff, 0x90, 0x00, 
    0x02, 0x01, 0x2c, 0x00, 0x60, 0xff, 0x80, 0xff, 0x23, 0x00, 0x45, 0x00, 0xe9, 0xff, 0x5f, 0xff, 
    0x2f, 0xff, 0x8c, 0xff, 0xb6, 0xff, 0x8e, 0xff, 0x6f, 0xff, 0xbc, 0xff, 0x96, 0xff, 0x3a, 0xff, 
    0x26, 0xff, 0x20, 0xff, 0x6a, 0xff, 0x52, 0xff, 0x16, 0xff, 0x0d, 0xff, 0x68, 0xff, 0x85, 0xff, 
    0x13, 0xff, 0xf8, 0xfe, 0x2a, 0xff, 0xa3, 0xff, 0xa4, 0xff, 0x4c, 0xff, 0x79, 0xff, 0x9d, 0xff, 
    0x71, 0xff, 0x6d, 0xff, 0xcf, 0xff, 0xf5, 0xff, 0xc5, 0xff, 0x92, 0xff, 0x93, 0xff, 0x32, 0x00, 
    0x72, 0x00, 0x19, 0x00, 0x18, 0x00, 0x30, 0x00, 0x24, 0x00, 0x31, 0x00, 0x26, 0x00, 0x15, 0x00, 
    0x46, 0x00, 0x62, 0x00, 0x3b, 0x00, 0xf6, 0xff, 0x22, 0x00, 0x79, 0x00, 0x98, 0x00, 0x6c, 0x00, 
    0x00, 0x00, 0x3d, 0x00, 0x9d, 0x00, 0xbf, 0x00, 0xae, 0x00, 0x52, 0x00, 0x50, 0x00, 0x5d, 0x00, 
    0x65, 0x00, 0xa0, 0x00, 0xb9, 0x00, 0x9e, 0x00, 0x5c, 0x00, 0x1f, 0x00, 0x5d, 0x00, 0xae, 0x00, 
    0x86, 0x00, 0x48, 0x00, 0x0d, 0x00, 0x1c, 0x00, 0x38, 0x00, 0x2d, 0x00, 0x50, 0x00, 0x23, 0x00, 
    0xf2, 0xff, 0xf0, 0xff, 0xd7, 0xff, 0xda, 0xff, 0xd4, 0xff, 0xb3, 0xff, 0x93, 0xff, 0x8b, 0xff, 
    0x84, 0xff, 0x80, 0xff, 0x75, 0xff, 0x61, 0xff, 0x76, 0xff, 0x86, 0xff, 0x6c, 0xff, 0x58, 0xff, 
    0x6d, 0xff, 0x96, 0xff, 0xab, 0xff, 0x8f, 0xff, 0x64, 0xff, 0x79, 0xff, 0xb1, 0xff, 0xb8, 0xff, 
    0x9c, 0xff, 0xa0, 0xff, 0x96, 0xff, 0xab, 0xff, 0xd6, 0xff, 0xd2, 0xff, 0xef, 0xff, 0xf0, 0xff, 
    0xd6, 0xff, 0xec, 0xff, 0x16, 0x00, 0x20, 0x00, 0x1b, 0x00, 0x1c, 0x00, 0x1f, 0x00, 0x39, 0x00, 
    0x35, 0x00, 0x2b, 0x00, 0x3c, 0x00, 0x46, 0x00, 0x4c, 0x00, 0x47, 0x00, 0x41, 0x00, 0x3f, 0x00, 
    0x40, 0x00, 0x3f, 0x00, 0x42, 0x00, 0x38, 0x00, 0x35, 0x00, 0x33, 0x00, 0x1d, 0x00, 0x29, 0x00, 
    0x28, 0x00, 0x0f, 0x00, 0x02, 0x00, 0x07, 0x00, 0x01, 0x00, 0x0a, 0x00, 0x02, 0x00, 0xcf, 0xff, 
    0xe2, 0xff, 0x06, 0x00, 0xf4, 0xff, 0xe4, 0xff, 0xd5, 0xff, 0xbf, 0xff, 0xcb, 0xff, 0xd8, 0xff, 
    0xd6, 0xff, 0xce, 0xff, 0xbb, 0xff, 0xb1, 0xff, 0xb8, 0xff, 0xbe, 0xff, 0xd0, 0xff, 0xcc, 0xff, 
    0xb4, 0xff, 0xc9, 0xff, 0xc9, 0xff, 0xc8, 0xff, 0xd1, 0xff, 0xcb, 0xff, 0xda, 0xff, 0xe0, 0xff, 
    0xde, 0xff, 0xcf, 0xff, 0xd0, 0xff, 0xf0, 0xff, 0xf7, 0xff, 0xf8, 0xff, 0xe6, 0xff, 0xec, 0xff, 
    0x0b, 0x00, 0x02, 0x00, 0x15, 0x00, 0x13, 0x00, 0xfe, 0xff, 0x18, 0x00, 0x37, 0x00, 0x30, 0x00, 
    0x2a, 0x00, 0x30, 0x00, 0x1f, 0x00, 0x25, 0x00, 0x30, 0x00, 0x2c, 0x00, 0x2d, 0x00, 0x2f, 0x00, 
    0x24, 0x00, 0x1e, 0x00, 0x34, 0x00, 0x32, 0x00, 0x29, 0x00, 0x30, 0x00, 0x2f, 0x00, 0x29, 0x00, 
    0x2a, 0x00, 0x2b, 0x00, 0x22, 0x00, 0x30, 0x00, 0x35, 0x00, 0x23, 0x00, 0x22, 0x00, 0x1b, 0x00, 
    0x11, 0x00, 0x16, 0x00, 0x14, 0x00, 0x07, 0x00, 0x01, 0x00, 0xff, 0xff, 0xf4, 0xff, 0x01, 0x00, 
    0x0a, 0x00, 0xee, 0xff, 0xe4, 0xff, 0xeb, 0xff, 0xe5, 0xff, 0xe9, 0xff, 0xe8, 0xff, 0xd0, 0xff, 
    0xd3, 0xff, 0xda, 0xff, 0xd3, 0xff, 0xd0, 0xff, 0xce, 0xff, 0xda, 0xff, 0xde, 0xff, 0xe0, 0xff, 
    0xdf, 0xff, 0xd3, 0xff, 0xd9, 0xff, 0xe9, 0xff, 0xf5, 0xff, 0x00, 0x00, 0xed, 0xff, 0xf0, 0xff, 
    0xf4, 0xff, 0xfa, 0xff, 0x12, 0x00, 0xfc, 0xff, 0xfe, 0xff, 0x07, 0x00, 0x00, 0x00, 0x1c, 0x00, 
    0x2c, 0x00, 0x1b, 0x00, 0x14, 0x00, 0x29, 0x00, 0x2d, 0x00, 0x23, 0x00, 0x3b, 0x00, 0x41, 0x00, 
    0x2f, 0x00, 0x37, 0x00, 0x41, 0x00, 0x3a, 0x00, 0x34, 0x00, 0x3c, 0x00, 0x36, 0x00, 0x3a, 0x00, 
    0x45, 0x00, 0x3d, 0x00, 0x3a, 0x00, 0x42, 0x00, 0x38, 0x00, 0x33, 0x00, 0x47, 0x00, 0x3e, 0x00, 
    0x31, 0x00, 0x34, 0x00, 0x2e, 0x00, 0x27, 0x00, 0x35, 0x00, 0x2a, 0x00, 0x08, 0x00, 0x0f, 0x00, 
    0x18, 0x00, 0x1a, 0x00, 0x10, 0x00, 0xfb, 0xff, 0xf8, 0xff, 0xfa, 0xff, 0xf9, 0xff, 0xee, 0xff, 
    0xe8, 0xff, 0xf2, 0xff, 0xfe, 0xff, 0x04, 0x00, 0xfc, 0xff, 0xf6, 0xff, 0xf1, 0xff, 0xf1, 0xff, 
    0xf0, 0xff, 0xe7, 0xff, 0xfe, 0xff, 0x23, 0x00, 0x01, 0x00, 0x80, 0x07, 0x24, 0x00, 0x12, 0x00, 
    0x04, 0x00, 0x02, 0x00, 0x15, 0x00, 0x25, 0x00, 0x1c, 0x00, 0x11, 0x00, 0x18, 0x00, 0x2d, 0x00, 
    0x37, 0x00, 0x33, 0x00, 0x34, 0x00, 0x37, 0x00, 0x33, 0x00, 0x2d, 0x00, 0x2c, 0x00, 0x30, 0x00, 
    0x42, 0x00, 0x4a, 0x00, 0x3d, 0x00, 0x3b, 0x00, 0x2d, 0x00, 0x29, 0x00, 0x3e, 0x00, 0x3d, 0x00, 
    0x35, 0x00, 0x2f, 0x00, 0x32, 0x00, 0x2a, 0x00, 0x29, 0x00, 0x34, 0x00, 0x30, 0x00, 0x2e, 0x00, 
    0x26, 0x00, 0x23, 0x00, 0x2e, 0x00, 0x33, 0x00, 0x2e, 0x00, 0x29, 0x00, 0x21, 0x00, 0x21, 0x00, 
    0x27, 0x00, 0x28, 0x00, 0x1d, 0x00, 0x11, 0x00, 0x0d, 0x00, 0xff, 0xff, 0x00, 0x00, 0x04, 0x00, 
    0x08, 0x00, 0x09, 0x00, 0xf9, 0xff, 0xf8, 0xff, 0xe8, 0xff, 0xff, 0xff, 0x04, 0x00, 0xe0, 0xff, 
    0xf3, 0xff, 0xf9, 0xff, 0xf7, 0xff, 0xfa, 0xff, 0x06, 0x00, 0x19, 0x00, 0x1b, 0x00, 0x00, 0x00, 
    0xf8, 0xff, 0xfe, 0xff, 0x06, 0x00, 0xe0, 0xff, 0xd7, 0xff, 0x1a, 0x00, 0xf2, 0xff, 0xd9, 0xff, 
    0xdb, 0xff, 0xd8, 0xff, 0xf9, 0xff, 0xfe, 0xff, 0x10, 0x00, 0xfd, 0xff, 0xd2, 0xff, 0xd5, 0xff, 
    0xe2, 0xff, 0xfa, 0xff, 0x15, 0x00, 0x1e, 0x00, 0xff, 0xff, 0xe8, 0xff, 0x05, 0x00, 0x10, 0x00, 
    0x06, 0x00, 0xfd, 0xff, 0x03, 0x00, 0x13, 0x00, 0xe4, 0xff, 0xd2, 0xff, 0xd4, 0xff, 0xef, 0xff, 
    0x25, 0x00, 0xf3, 0xff, 0xdc, 0xff, 0xde, 0xff, 0xfc, 0xff, 0xd1, 0xff, 0xd6, 0xff, 0x18, 0x00, 
    0x17, 0x00, 0x22, 0x00, 0xe8, 0xff, 0xed, 0xff, 0xc8, 0xff, 0xf1, 0xff, 0x10, 0x00, 0xf0, 0xff, 
    0xcf, 0xff, 0xa4, 0xff, 0xf1, 0xff, 0xd7, 0xff, 0xe1, 0xff, 0xf2, 0xff, 0xef, 0xff, 0xdc, 0xff, 
    0xdb, 0xff, 0xfc, 0xff, 0xdf, 0xff, 0xf6, 0xff, 0xee, 0xff, 0xe8, 0xff, 0xe5, 0xff, 0xf3, 0xff, 
    0x07, 0x00, 0xca, 0xff, 0xdf, 0xff, 0xe3, 0xff, 0xef, 0xff, 0x04, 0x00, 0xf9, 0xff, 0xec, 0xff, 
    0xe4, 0xff, 0x22, 0x00, 0xd6, 0xff, 0xaf, 0xff, 0xdb, 0xff, 0x61, 0x00, 0x28, 0x00, 0x8c, 0xff, 
    0xb7, 0xff, 0xb8, 0xff, 0x35, 0x00, 0x35, 0x00, 0x28, 0x00, 0x1f, 0x00, 0xea, 0xff, 0x30, 0x00, 
    0x1f, 0x00, 0xe0, 0xff, 0xbd, 0xff, 0x20, 0x00, 0x45, 0x00, 0xf8, 0xff, 0xbc, 0xff, 0xd6, 0xff, 
    0x6b, 0x00, 0x58, 0x00, 0x0c, 0x00, 0x15, 0x00, 0x19, 0x00, 0x5a, 0x00, 0x0b, 0x00, 0x06, 0x00, 
    0x75, 0x00, 0x2c, 0x00, 0xe1, 0xff, 0xdf, 0xff, 0xf3, 0xff, 0xb1, 0xff, 0xff, 0xff, 0x5b, 0x00, 
    0x1d, 0x00, 0x08, 0x00, 0xdd, 0xff, 0x64, 0x00, 0x46, 0x00, 0xf0, 0xff, 0x70, 0x00, 0xb0, 0x00, 
    0x96, 0x00, 0x44, 0x00, 0xfb, 0x00, 0x9b, 0x00, 0xb4, 0xff, 0x65, 0x00, 0x6d, 0x00, 0x9c, 0xff, 
    0xd3, 0x00, 0x2b, 0x00, 0x40, 0xff, 0x4e, 0x01, 0xdf, 0x00, 0xca, 0x05, 0x4e, 0x09, 0xea, 0x04, 
    0x30, 0xff, 0x1a, 0xfa, 0x36, 0xfc, 0x1c, 0x00, 0x23, 0x02, 0x3f, 0x00, 0xb6, 0xfb, 0xec, 0xf9, 
    0x64, 0xfa, 0xce, 0xfd, 0x58, 0x01, 0x3d, 0x03, 0xdd, 0x00, 0x27, 0xfd, 0x46, 0xfa, 0x98, 0xfb, 
    0x3f, 0x02, 0x0e, 0x01, 0x22, 0xff, 0xc7, 0xfe, 0xc7, 0xfa, 0x72, 0xfe, 0xfa, 0x01, 0x1c, 0x02, 
    0x44, 0x01, 0x93, 0xff, 0xad, 0x00, 0xfb, 0xfd, 0xc3, 0xfe, 0x7e, 0x03, 0x46, 0x03, 0xfd, 0x00, 
    0x49, 0xff, 0x0f, 0xfd, 0x0e, 0x00, 0x38, 0x03, 0x17, 0x00, 0xcd, 0x01, 0x7d, 0x02, 0x63, 0xff, 
    0xcd, 0xfd, 0xb8, 0xfd, 0x23, 0x00, 0x78, 0x01, 0xe5, 0x02, 0x79, 0x03, 0x51, 0xfa, 0x78, 0xfc, 
    0xa2, 0x01, 0x7f, 0x01, 0xd3, 0x04, 0x95, 0xfa, 0xd3, 0xfb, 0xa8, 0xff, 0x01, 0x06, 0xe1, 0x04, 
    0xaf, 0xfc, 0x4b, 0x00, 0x85, 0xf7, 0x3d, 0xfd, 0xb4, 0x07, 0xfe, 0x02, 0x72, 0xff, 0xac, 0xfe, 
    0x38, 0xfe, 0xae, 0xff, 0x7e, 0xff, 0x1f, 0xfe, 0x17, 0xff, 0x2e, 0x04, 0x5d, 0x02, 0x00, 0xfe, 
    0x7e, 0xfa, 0xb1, 0xf8, 0xed, 0x05, 0xdf, 0x08, 0x49, 0x00, 0x20, 0xf5, 0xac, 0xf9, 0x0b, 0x03, 
    0xf5, 0x07, 0xd9, 0x07, 0x18, 0xf5, 0xc7, 0xf8, 0xa1, 0x01, 0x50, 0x02, 0x44, 0x00, 0x38, 0xff, 
    0xc2, 0x05, 0x7c, 0xfb, 0x29, 0xfa, 0xe6, 0xff, 0x10, 0x04, 0xee, 0x05, 0xc5, 0xfd, 0xf6, 0xfe, 
    0x16, 0x00, 0x17, 0xfc, 0x52, 0xfb, 0xd9, 0x00, 0x4e, 0x04, 0xd0, 0x00, 0xb1, 0x02, 0x1b, 0x00, 
    0xb0, 0xfb, 0xaa, 0x04, 0x28, 0xfd, 0x5f, 0xf9, 0x49, 0xff, 0x38, 0xfd, 0xd4, 0x0d, 0xe6, 0x0a, 
    0xb9, 0xfa, 0x8f, 0xf2, 0xe4, 0xf4, 0xdf, 0x0a, 0xca, 0x0b, 0x5c, 0xff, 0x4c, 0xfc, 0x71, 0xf8, 
    0xc8, 0x00, 0xbb, 0x02, 0x58, 0xfc, 0xec, 0x06, 0x36, 0x01, 0x95, 0xfb, 0xed, 0xfd, 0x35, 0xff, 
    0xd8, 0x03, 0x60, 0xff, 0x54, 0xfe, 0xbd, 0xfd, 0x4e, 0x08, 0xce, 0x06, 0x45, 0xf1, 0xda, 0xf9, 
    0x74, 0x04, 0x62, 0x06, 0x65, 0x06, 0xe2, 0x00, 0x70, 0x00, 0x8d, 0xf6, 0x02, 0xfd, 0x20, 0x03, 
    0xef, 0x00, 0x5f, 0x03, 0xe0, 0xff, 0x30, 0x04, 0xe0, 0xff, 0x8e, 0xf2, 0xb3, 0xf8, 0x43, 0x0b, 
    0xf9, 0x0e, 0x83, 0xfd, 0xe3, 0xef, 0x59, 0xf8, 0xb9, 0x07, 0x71, 0x0f, 0x02, 0xff, 0x02, 0xf7, 
    0xd7, 0xfb, 0xdc, 0xfb, 0x09, 0x08, 0xb7, 0x03, 0x78, 0x01, 0x74, 0x05, 0xf0, 0xfe, 0x21, 0xf8, 
    0x27, 0xf9, 0x14, 0x02, 0x30, 0x05, 0x29, 0x0a, 0x5e, 0x00, 0xfc, 0xfb, 0x8e, 0x02, 0x30, 0xf9, 
    0xb7, 0xf5, 0x3f, 0x03, 0x1c, 0x0f, 0xcd, 0x07, 0xad, 0xf8, 0x65, 0x00, 0x85, 0xfa, 0x4b, 0xf7, 
    0xfa, 0x10, 0x60, 0x09, 0xfe, 0x08, 0xcc, 0xff, 0xe6, 0xf2, 0x49, 0xfe, 0x0f, 0xfe, 0x06, 0x0a, 
    0xfc, 0x07, 0x67, 0xf6, 0xad, 0xf8, 0x76, 0xfd, 0xcf, 0xfe, 0xc4, 0x09, 0x46, 0x00, 0x5a, 0xf4, 
    0x90, 0x01, 0xac, 0xfe, 0xd1, 0xfd, 0x24, 0x05, 0x02, 0xff, 0xb0, 0xfa, 0x42, 0xfc, 0x12, 0x05, 
    0x3d, 0xfe, 0x66, 0xf7, 0x5b, 0x02, 0x04, 0x07, 0x24, 0x02, 0x9b, 0x00, 0xf0, 0xfd, 0x31, 0xfa, 
    0x12, 0x01, 0xd9, 0x01, 0xec, 0xff, 0x33, 0x06, 0xff, 0xfd, 0x68, 0xfb, 0xc4, 0x04, 0x33, 0xff, 
    0x82, 0x00, 0x36, 0xfe, 0xc3, 0x03, 0xf9, 0xfe, 0x4f, 0xf8, 0x35, 0x00, 0xe2, 0x03, 0x89, 0x08, 
    0x02, 0xff, 0x3f, 0xff, 0x68, 0xf4, 0xeb, 0xf9, 0x17, 0x0d, 0xa6, 0x03, 0x9c, 0x02, 0x43, 0x02, 
    0x91, 0xfa, 0xf9, 0xfa, 0x5e, 0xf8, 0x37, 0x04, 0x63, 0x0d, 0xbc, 0x04, 0xba, 0xfa, 0xc0, 0xee, 
    0xdf, 0xfd, 0xde, 0x05, 0xa2, 0x06, 0xb8, 0x06, 0x67, 0xfa, 0xa5, 0xfa, 0x79, 0xfd, 0x13, 0xf7, 
    0x20, 0x01, 0x36, 0x07, 0xda, 0x00, 0x08, 0x09, 0x81, 0xf6, 0x4d, 0xf4, 0x99, 0x02, 0xb9, 0x01, 
    0xc7, 0x04, 0xc0, 0x01, 0x3e, 0x00, 0xaf, 0xf9, 0xf5, 0xf6, 0x29, 0x02, 0xbe, 0x06, 0xc5, 0x05, 
    0xe5, 0x02, 0xbe, 0xf6, 0xc7, 0xf9, 0x64, 0xff, 0x22, 0xff, 0x84, 0x04, 0xa0, 0x04, 0x27, 0xff, 
    0xe6, 0x00, 0xfe, 0x03, 0x0a, 0xfb, 0xfb, 0xfc, 0x15, 0x00, 0x92, 0x01, 0xe0, 0x05, 0x98, 0x02, 
    0x90, 0xfe, 0x10, 0x00, 0x0d, 0x01, 0x8c, 0xfb, 0x34, 0x01, 0x83, 0x04, 0x50, 0x01, 0x7d, 0xff, 
    0xeb, 0xfc, 0x30, 0xfc, 0x85, 0xff, 0xf1, 0x04, 0x3f, 0x05, 0x69, 0x03, 0x89, 0xf8, 0x67, 0xf7, 
    0xfa, 0xfd, 0x81, 0x00, 0x8d, 0x03, 0x5c, 0x05, 0x71, 0x03, 0x02, 0xfe, 0xa2, 0xfc, 0x25, 0xfb, 
    0xe6, 0xfd, 0xd6, 0x02, 0xb8, 0x07, 0x10, 0x08, 0x92, 0x04, 0x9f, 0xfb, 0xee, 0xf6, 0xdd, 0xfb, 
    0x21, 0x05, 0xae, 0x08, 0xe4, 0x03, 0x1f, 0x03, 0xca, 0xf8, 0x9e, 0xf8, 0x2c, 0x03, 0xf2, 0x01, 
    0xf4, 0xfe, 0x90, 0x01, 0x43, 0x02, 0xec, 0xfd, 0xab, 0xfb, 0x7e, 0x00, 0xd7, 0x03, 0x54, 0x00, 
    0xcc, 0xfe, 0x36, 0xfd, 0xd1, 0xff, 0x04, 0xfd, 0xf5, 0xfb, 0xfd, 0x00, 0x51, 0x03, 0x72, 0x05, 
    0x13, 0xfb, 0x35, 0xfd, 0x7a, 0x00, 0xd4, 0xfe, 0x39, 0x08, 0x0e, 0x05, 0x22, 0xfc, 0x8c, 0xf9, 
    0x0c, 0xfe, 0xc4, 0x01, 0x25, 0x00, 0x94, 0x01, 0x32, 0x03, 0x7b, 0x02, 0x78, 0x02, 0x6d, 0xfd, 
    0xcb, 0xfc, 0x88, 0xff, 0x7b, 0x01, 0x89, 0x03, 0xa7, 0x04, 0xdd, 0x00, 0xaa, 0xf8, 0x97, 0xfe, 
    0xb9, 0x02, 0xd5, 0xfe, 0xc2, 0x00, 0x45, 0x03, 0xa0, 0xfc, 0xbb, 0xfc, 0xb0, 0x01, 0x7a, 0x01, 
    0xe8, 0x04, 0xa9, 0xfe, 0x9d, 0xfb, 0x87, 0x00, 0x31, 0x02, 0x82, 0xff, 0x73, 0xfd, 0x07, 0x02, 
    0xc7, 0x00, 0x96, 0xfe, 0x9b, 0xfd, 0x9b, 0xfb, 0x65, 0xfd, 0x48, 0x00, 0x1b, 0x04, 0xf3, 0x02, 
    0x4a, 0xfd, 0x84, 0xf8, 0xc3, 0xf9, 0x82, 0x00, 0x5a, 0x05, 0x2d, 0x05, 0xa7, 0xfd, 0x0f, 0xfe, 
    0x9e, 0xfe, 0xc5, 0xfd, 0x22, 0x04, 0xdd, 0xfe, 0x44, 0x01, 0x41, 0x05, 0x2b, 0xfe, 0x2a, 0xfe, 
    0xdb, 0xff, 0x3f, 0x05, 0xfa, 0x02, 0xb5, 0xff, 0x84, 0x00, 0x11, 0xfd, 0xb9, 0xff, 0x8d, 0xff, 
    0x65, 0x01, 0x86, 0x03, 0xa7, 0x04, 0x21, 0x01, 0x65, 0xfc, 0x39, 0xff, 0x85, 0xfa, 0x46, 0x01, 
    0xee, 0x08, 0x71, 0x04, 0x1a, 0x04, 0xb2, 0xfe, 0xf3, 0xfb, 0x30, 0x01, 0x5f, 0x03, 0x34, 0x04, 
    0x8d, 0x03, 0xac, 0x01, 0x20, 0x01, 0x7b, 0x01, 0xfe, 0x00, 0x63, 0xfd, 0xce, 0x00, 0x8a, 0x05, 
    0x15, 0x01, 0xf1, 0xff, 0x2d, 0x01, 0x29, 0xfd, 0x6e, 0xff, 0x4d, 0x01, 0x0e, 0x01, 0xbf, 0x01, 
    0x5d, 0xfd, 0xc7, 0xfc, 0x8c, 0xf8, 0x90, 0xfa, 0xcd, 0xfd, 0xd2, 0xfc, 0x7c, 0xfd, 0x0c, 0xf7, 
    0xbe, 0xf5, 0xdf, 0xf3, 0x95, 0xf5, 0x91, 0xf9, 0x93, 0xfa, 0x8a, 0xfc, 0x85, 0xf7, 0x29, 0xf4, 
    0x09, 0xf2, 0x19, 0xf4, 0x72, 0xfc, 0xa4, 0xfb, 0xc0, 0xfb, 0xbe, 0xfc, 0x01, 0xfb, 0x5e, 0xfe, 
    0x88, 0x00, 0xe8, 0x01, 0xa5, 0x04, 0xdc, 0x0a, 0xa1, 0x08, 0x06, 0x07, 0x3d, 0x0d, 0xe8, 0x0e, 
    0x10, 0x11, 0x06, 0x13, 0x01, 0x15, 0xf4, 0x13, 0xb8, 0x10, 0x1d, 0x11, 0xfb, 0x11, 0xce, 0x14, 
    0x4e, 0x14, 0xfe, 0x0f, 0x2e, 0x0f, 0x96, 0x0c, 0xc9, 0x09, 0x74, 0x0a, 0xbf, 0x09, 0xb1, 0x06, 
    0x57, 0x03, 0x2f, 0xff, 0xc6, 0xfd, 0x5c, 0xfe, 0x41, 0xfd, 0x3e, 0xfa, 0x70, 0xf7, 0x6c, 0xf4, 
    0xbf, 0xf0, 0xb7, 0xf1, 0x40, 0xf0, 0x50, 0xee, 0xd7, 0xf1, 0xcc, 0xf0, 0xa6, 0xee, 0xd4, 0xea, 
    0x62, 0xe7, 0xb1, 0xe6, 0xce, 0xe4, 0xea, 0xe5, 0xa3, 0xe4, 0xa6, 0xe2, 0xac, 0xe2, 0xa7, 0xe6, 
    0x41, 0xee, 0x23, 0xf0, 0x2d, 0xf0, 0x64, 0xf1, 0xa4, 0xf2, 0x6e, 0xf8, 0x01, 0xfd, 0x84, 0x01, 
    0xbc, 0x06, 0xc5, 0x09, 0x9e, 0x0a, 0x63, 0x0a, 0x0f, 0x0e, 0xdf, 0x12, 0x41, 0x18, 0xc3, 0x1c, 
    0x80, 0x1e, 0xd3, 0x1d, 0x87, 0x1e, 0x0b, 0x1e, 0x92, 0x1c, 0x3a, 0x1f, 0x34, 0x22, 0x24, 0x21, 
    0x36, 0x1c, 0x35, 0x19, 0x6d, 0x16, 0xf0, 0x11, 0x76, 0x10, 0xed, 0x0e, 0x45, 0x0c, 0x15, 0x0a, 
    0x9c, 0x04, 0x17, 0x02, 0x22, 0x00, 0x7e, 0xfd, 0x94, 0xfd, 0xfe, 0xfa, 0x05, 0xf9, 0x3e, 0xf5, 
    0xbd, 0xf4, 0xe1, 0xf9, 0x7c, 0xf8, 0x69, 0xf7, 0xb4, 0xf8, 0xad, 0xf7, 0x61, 0xf9, 0xc5, 0xf8, 
    0xd7, 0xf8, 0x6d, 0xf9, 0xbf, 0xf4, 0x4a, 0xf4, 0xac, 0xf3, 0xf2, 0xf1, 0xc8, 0xf1, 0x16, 0xed, 
    0x13, 0xea, 0x20, 0xe5, 0xa2, 0xdf, 0xc5, 0xdd, 0x57, 0xdd, 0x21, 0xe2, 0x5d, 0xe6, 0x3c, 0xe9, 
    0x6c, 0xe9, 0x73, 0xe4, 0x68, 0xe5, 0x79, 0xec, 0x2a, 0xf2, 0x30, 0xf8, 0xf5, 0xfc, 0x24, 0x00, 
    0x33, 0x01, 0x69, 0x04, 0x96, 0x08, 0x9a, 0x0b, 0xde, 0x12, 0xc0, 0x19, 0xe7, 0x1e, 0xf0, 0x20, 
    0x33, 0x21, 0x72, 0x20, 0x7e, 0x20, 0x15, 0x22, 0x88, 0x22, 0x8f, 0x20, 0xb8, 0x1d, 0xec, 0x1c, 
    0xf3, 0x18, 0x8d, 0x12, 0xb8, 0x0b, 0xb9, 0x07, 0xf6, 0x09, 0xc2, 0x09, 0xee, 0x02, 0xb5, 0xfb, 
    0x05, 0xf8, 0xf6, 0xf7, 0xd7, 0xf7, 0xef, 0xf7, 0xaf, 0xf7, 0xc0, 0xf7, 0xc9, 0xf7, 0xc4, 0xf6, 
    0xf0, 0xf9, 0xf8, 0xfc, 0x29, 0xfe, 0xd7, 0x00, 0x48, 0x03, 0xeb, 0x05, 0x1c, 0x08, 0x46, 0x08, 
    0x11, 0x07, 0x0b, 0x06, 0x9b, 0x05, 0x0c, 0x04, 0x0a, 0x01, 0x0a, 0xfd, 0x13, 0xf9, 0xe8, 0xf4, 
    0xa4, 0xf0, 0xfe, 0xea, 0x2e, 0xe6, 0x3f, 0xe0, 0xe0, 0xd7, 0x59, 0xd1, 0x3e, 0xcd, 0xad, 0xd1, 
    0xa2, 0xd7, 0x16, 0xd8, 0x02, 0xd9, 0x40, 0xda, 0x5b, 0xdd, 0x42, 0xe1, 0x21, 0xe8, 0x0e, 0xf1, 
    0xa2, 0xf6, 0x31, 0xff, 0x5c, 0x07, 0x29, 0x0b, 0x93, 0x0f, 0xf9, 0x16, 0x5a, 0x1d, 0xe3, 0x22, 
    0xdd, 0x28, 0x24, 0x2b, 0x1f, 0x2d, 0x27, 0x2d, 0x16, 0x2b, 0x41, 0x2a, 0x84, 0x28, 0x79, 0x26, 
    0x96, 0x21, 0x39, 0x1c, 0xfe, 0x17, 0x17, 0x13, 0x66, 0x0d, 0xa7, 0x05, 0x3c, 0x01, 0x38, 0xfc, 
    0x0b, 0xf7, 0xfd, 0xf3, 0x10, 0xf0, 0xd2, 0xef, 0x09, 0xf0, 0x5b, 0xf0, 0xa1, 0xf0, 0x80, 0xf0, 
    0x46, 0xf3, 0x2b, 0xf6, 0x30, 0xfb, 0x5c, 0x01, 0xc0, 0x03, 0x21, 0x07, 0xd3, 0x0c, 0x5f, 0x10, 
    0xd8, 0x12, 0x3a, 0x15, 0xcf, 0x15, 0xe4, 0x15, 0x6a, 0x15, 0xcf, 0x12, 0x30, 0x0f, 0xe6, 0x0a, 
    0x8c, 0x05, 0xbd, 0xfe, 0xad, 0xf9, 0xb9, 0xf3, 0xe0, 0xeb, 0x8d, 0xe5, 0xb6, 0xdc, 0xb0, 0xd5, 
    0x8c, 0xd0, 0x79, 0xc9, 0x2c, 0xc3, 0xe9, 0xc1, 0x24, 0xc6, 0xa7, 0xca, 0x2f, 0xcf, 0x17, 0xd3, 
    0x11, 0xd8, 0xde, 0xde, 0x6d, 0xe5, 0xcf, 0xed, 0xc6, 0xf8, 0xc1, 0x03, 0x35, 0x0d, 0xb6, 0x15, 
    0x5e, 0x1c, 0x8d, 0x20, 0xac, 0x25, 0x5a, 0x2c, 0x0e, 0x31, 0xd5, 0x33, 0x3c, 0x35, 0x62, 0x34, 
    0x49, 0x31, 0x25, 0x2e, 0x25, 0x2a, 0x2c, 0x24, 0x5a, 0x1e, 0x66, 0x18, 0xb3, 0x12, 0xc3, 0x0c, 
    0x71, 0x06, 0x35, 0x00, 0xc3, 0xf9, 0x98, 0xf4, 0xce, 0xf0, 0x0b, 0xee, 0x5c, 0xec, 0xfa, 0xea, 
    0x41, 0xea, 0x63, 0xeb, 0xb1, 0xed, 0x70, 0xf0, 0x1e, 0xf4, 0x3f, 0xf9, 0x01, 0x00, 0x80, 0x07, 
    0x7c, 0xff, 0xea, 0x04, 0x0b, 0x0a, 0x44, 0x0f, 0xbb, 0x13, 0x0d, 0x18, 0xf5, 0x1a, 0xfc, 0x1c, 
    0x4e, 0x1f, 0x39, 0x20, 0x98, 0x1e, 0x2e, 0x1b, 0xd1, 0x16, 0x08, 0x12, 0xde, 0x0c, 0x0c, 0x07, 
    0xe0, 0xff, 0x79, 0xf7, 0x64, 0xee, 0x21, 0xe5, 0x68, 0xdd, 0xe8, 0xd6, 0x95, 0xd1, 0x32, 0xcd, 
    0x27, 0xc8, 0xb4, 0xc0, 0xbf, 0xb8, 0xf0, 0xb4, 0x66, 0xb7, 0xab, 0xbf, 0xd7, 0xc9, 0xdc, 0xd2, 
    0x74, 0xdb, 0x30, 0xe3, 0x76, 0xea, 0x54, 0xf2, 0x5c, 0xfc, 0x85, 0x09, 0xa2, 0x15, 0xf9, 0x1f, 
    0xa8, 0x27, 0x61, 0x2b, 0xa9, 0x2e, 0x14, 0x32, 0x05, 0x35, 0x0d, 0x38, 0x93, 0x38, 0x61, 0x37, 
    0x9f, 0x34, 0xda, 0x2d, 0xfe, 0x25, 0x1d, 0x1e, 0x8d, 0x17, 0x4b, 0x13, 0x7c, 0x0e, 0x24, 0x08, 
    0x9b, 0x00, 0x2a, 0xf9, 0x25, 0xf4, 0x82, 0xf0, 0x8a, 0xed, 0x3d, 0xec, 0x35, 0xec, 0x29, 0xed, 
    0x62, 0xed, 0x92, 0xed, 0x51, 0xf0, 0xb6, 0xf4, 0x20, 0xfa, 0x66, 0x00, 0xe4, 0x05, 0xb8, 0x0b, 
    0x6d, 0x11, 0x97, 0x15, 0x76, 0x19, 0xe2, 0x1c, 0x52, 0x1f, 0x17, 0x21, 0xff, 0x21, 0x32, 0x22, 
    0xb5, 0x20, 0xea, 0x1b, 0xd6, 0x16, 0xcc, 0x12, 0x92, 0x0e, 0x30, 0x09, 0x99, 0x02, 0xbb, 0xfb, 
    0x36, 0xf3, 0x94, 0xe8, 0xf9, 0xde, 0x49, 0xd8, 0xcd, 0xd2, 0x57, 0xcf, 0x7b, 0xcc, 0x23, 0xc8, 
    0xa3, 0xc3, 0x79, 0xbf, 0x23, 0xbb, 0x72, 0xb8, 0x8c, 0xba, 0xb4, 0xc1, 0x54, 0xcb, 0x52, 0xd4, 
    0x8b, 0xde, 0xa9, 0xe8, 0x94, 0xf1, 0xb9, 0xfa, 0xa0, 0x03, 0xa4, 0x0d, 0x91, 0x18, 0x2f, 0x22, 
    0x4a, 0x28, 0xaf, 0x2c, 0x5e, 0x30, 0x03, 0x32, 0xdb, 0x31, 0x2a, 0x32, 0x38, 0x31, 0xc3, 0x2e, 
    0x83, 0x2b, 0xdc, 0x25, 0xce, 0x1f, 0x45, 0x19, 0x1e, 0x13, 0xec, 0x0c, 0x41, 0x07, 0x91, 0x02, 
    0x23, 0xfe, 0xfb, 0xfa, 0x4d, 0xf7, 0x54, 0xf3, 0x20, 0xf1, 0x86, 0xf0, 0x84, 0xf1, 0x10, 0xf4, 
    0x8b, 0xf5, 0x1b, 0xf7, 0xeb, 0xf9, 0xd3, 0xfd, 0x50, 0x02, 0xda, 0x05, 0xdb, 0x0a, 0x19, 0x10, 
    0x9a, 0x14, 0x8a, 0x19, 0xec, 0x1c, 0x4b, 0x1d, 0x78, 0x1c, 0x9b, 0x1c, 0x2b, 0x1d, 0xf3, 0x1b, 
    0x6f, 0x18, 0x45, 0x16, 0x3c, 0x14, 0xaf, 0x0f, 0xd7, 0x09, 0xb9, 0x03, 0x9b, 0xfe, 0x09, 0xfa, 
    0x8c, 0xf4, 0x89, 0xef, 0xda, 0xea, 0xf0, 0xe4, 0xba, 0xde, 0x87, 0xd8, 0x22, 0xd4, 0xa2, 0xd1, 
    0x12, 0xd0, 0xb1, 0xcf, 0xa0, 0xcf, 0xc7, 0xcd, 0xf4, 0xc9, 0x79, 0xc5, 0x2b, 0xc3, 0x65, 0xc6, 
    0x46, 0xcf, 0x8d, 0xd9, 0xd9, 0xe1, 0xeb, 0xea, 0x5b, 0xf4, 0xd8, 0xfb, 0xbd, 0x00, 0x81, 0x06, 
    0x1f, 0x0e, 0xe5, 0x16, 0x2a, 0x20, 0x4c, 0x26, 0xab, 0x28, 0xc9, 0x28, 0x6c, 0x28, 0x7e, 0x27, 
    0xe8, 0x25, 0x19, 0x24, 0xe6, 0x23, 0x49, 0x23, 0x2b, 0x20, 0x71, 0x1a, 0x54, 0x13, 0xc2, 0x0d, 
    0x80, 0x09, 0xdb, 0x06, 0xf2, 0x04, 0x97, 0x02, 0x30, 0x01, 0xa1, 0xff, 0xae, 0xfb, 0xa4, 0xf8, 
    0x2f, 0xf8, 0xc9, 0xf9, 0x26, 0xfd, 0xe4, 0xff, 0xd5, 0x01, 0x3d, 0x03, 0x4d, 0x04, 0xf1, 0x05, 
    0x2c, 0x08, 0x87, 0x0b, 0x0e, 0x10, 0x44, 0x14, 0xe6, 0x17, 0x5d, 0x19, 0xe8, 0x17, 0x88, 0x14, 
    0x33, 0x11, 0x74, 0x0f, 0x89, 0x0d, 0xe7, 0x0b, 0x00, 0x0b, 0xcd, 0x09, 0xe6, 0x07, 0xcc, 0x03, 
    0x34, 0xfd, 0xa4, 0xf7, 0x85, 0xf4, 0x80, 0xf2, 0xef, 0xf0, 0x3c, 0xef, 0x7d, 0xed, 0xb6, 0xe9, 
    0xd2, 0xe4, 0xb8, 0xe0, 0x1f, 0xdd, 0xbd, 0xda, 0x8c, 0xda, 0xb6, 0xdb, 0xed, 0xdb, 0x63, 0xda, 
    0x33, 0xd8, 0xb1, 0xd4, 0xab, 0xce, 0xb8, 0xcc, 0x1c, 0xd1, 0x05, 0xd9, 0x9b, 0xe1, 0x1e, 0xe9, 
    0x95, 0xf1, 0xd8, 0xf8, 0x36, 0xfc, 0x8b, 0xff, 0xd3, 0x04, 0x00, 0x0c, 0xfa, 0x14, 0x23, 0x1c, 
    0x56, 0x22, 0x2f, 0x25, 0xde, 0x24, 0x5f, 0x24, 0x6d, 0x22, 0x61, 0x20, 0xd0, 0x1f, 0x31, 0x20, 
    0x0b, 0x20, 0x55, 0x1d, 0xaa, 0x18, 0x67, 0x14, 0xdb, 0x0f, 0x04, 0x0c, 0x3f, 0x08, 0xbe, 0x05, 
    0x6a, 0x05, 0x60, 0x04, 0xc6, 0x02, 0xd9, 0x00, 0x4f, 0xff, 0x6f, 0xff, 0xd8, 0x00, 0x7f, 0x02, 
    0xb1, 0x03, 0xad, 0x04, 0x34, 0x06, 0x4a, 0x07, 0x1a, 0x07, 0xb1, 0x07, 0xcf, 0x09, 0xf1, 0x0c, 
    0x3b, 0x10, 0x0e, 0x12, 0xc2, 0x12, 0x1c, 0x12, 0xfa, 0x10, 0x12, 0x10, 0xb1, 0x0d, 0x8c, 0x0a, 
    0x8c, 0x08, 0x81, 0x07, 0x3a, 0x06, 0x25, 0x03, 0xb4, 0xfe, 0xe4, 0xfb, 0x1b, 0xf9, 0x83, 0xf5, 
    0x63, 0xf2, 0x4d, 0xf0, 0x9b, 0xef, 0xda, 0xed, 0xfd, 0xeb, 0xd7, 0xea, 0x0f, 0xe9, 0xfa, 0xe6, 
    0xb7, 0xe4, 0xa0, 0xe2, 0x19, 0xe1, 0xe5, 0xdf, 0x84, 0xdf, 0xaa, 0xdf, 0x4f, 0xde, 0x7d, 0xda, 
    0xdf, 0xd4, 0xe3, 0xd0, 0xbc, 0xd1, 0x46, 0xd7, 0x63, 0xdf, 0x78, 0xe7, 0x8e, 0xef, 0x0d, 0xf6, 
    0xc8, 0xfa, 0xa6, 0xfe, 0x16, 0x01, 0xc0, 0x05, 0x4e, 0x0c, 0x55, 0x13, 0x57, 0x1a, 0xb1, 0x1e, 
    0xde, 0x20, 0xed, 0x21, 0xe8, 0x20, 0x6b, 0x1f, 0x2f, 0x1e, 0x30, 0x1e, 0x84, 0x20, 0x49, 0x21, 
    0xac, 0x1f, 0xf4, 0x1a, 0x61, 0x15, 0xab, 0x11, 0xc5, 0x0d, 0x20, 0x0b, 0x4e, 0x0a, 0xa9, 0x09, 
    0x89, 0x09, 0x95, 0x08, 0xcb, 0x05, 0xe7, 0x02, 0xfb, 0xff, 0x1a, 0xff, 0x5d, 0x00, 0x16, 0x02, 
    0x68, 0x04, 0x8d, 0x06, 0x38, 0x08, 0xc1, 0x08, 0x97, 0x08, 0xa0, 0x08, 0x23, 0x0a, 0xe9, 0x0c, 
    0x61, 0x0f, 0x44, 0x10, 0x43, 0x10, 0x07, 0x0f, 0xd7, 0x0c, 0xab, 0x0a, 0x62, 0x07, 0x2d, 0x05, 
    0x1b, 0x04, 0x15, 0x03, 0xda, 0x01, 0xca, 0xff, 0xa6, 0xfc, 0x8e, 0xf9, 0x36, 0xf6, 0xb6, 0xf2, 
    0xcc, 0xf0, 0x42, 0xef, 0x66, 0xee, 0x55, 0xed, 0x38, 0xec, 0xca, 0xeb, 0xf4, 0xea, 0xf7, 0xe9, 
    0x3f, 0xe8, 0x4d, 0xe6, 0xfc, 0xe4, 0xd9, 0xe3, 0x63, 0xe3, 0x65, 0xe4, 0xa5, 0xe4, 0x9f, 0xe3, 
    0x11, 0xe1, 0x44, 0xdc, 0x7c, 0xd8, 0xc7, 0xd6, 0x0a, 0xda, 0x40, 0xe1, 0x85, 0xe8, 0xa9, 0xf0, 
    0xb6, 0xf8, 0xbb, 0xfd, 0x02, 0xff, 0x6c, 0x00, 0xfc, 0x03, 0xad, 0x09, 0x91, 0x0f, 0x9c, 0x15, 
    0x0c, 0x1b, 0x11, 0x1e, 0x4e, 0x1e, 0x0c, 0x1d, 0xf7, 0x1b, 0x92, 0x1a, 0x42, 0x1b, 0xbb, 0x1c, 
    0x15, 0x1d, 0x58, 0x1b, 0x75, 0x18, 0x7d, 0x15, 0x81, 0x11, 0x51, 0x0d, 0x56, 0x0a, 0x0e, 0x09, 
    0x0e, 0x09, 0x79, 0x09, 0xb9, 0x08, 0x64, 0x07, 0x22, 0x05, 0x64, 0x03, 0xc1, 0x01, 0xf5, 0xff, 
    0xec, 0xff, 0xfa, 0x01, 0x5f, 0x05, 0x07, 0x08, 0x21, 0x09, 0x5f, 0x09, 0x9b, 0x09, 0xa2, 0x09, 
    0xc8, 0x0a, 0x1f, 0x0c, 0xfa, 0x0c, 0x28, 0x0d, 0x85, 0x0d, 0x15, 0x0d, 0x42, 0x0a, 0x3a, 0x07, 
    0x2e, 0x05, 0x49, 0x04, 0xe5, 0x02, 0xd7, 0x00, 0xb2, 0xfe, 0xe9, 0xfc, 0xf5, 0xfa, 0x96, 0xf8, 
    0x31, 0xf6, 0x89, 0xf4, 0xc0, 0xf3, 0x30, 0xf3, 0x4d, 0xf2, 0xae, 0xf0, 0xa0, 0xef, 0x29, 0xef, 
    0x03, 0xef, 0xec, 0xee, 0x30, 0xee, 0xd5, 0xec, 0xa2, 0xeb, 0x08, 0xeb, 0x24, 0xea, 0xb0, 0xe8, 
    0x7b, 0xe8, 0x05, 0xe9, 0xba, 0xe8, 0xc2, 0xe6, 0x15, 0xe3, 0x8c, 0xdf, 0xd0, 0xdc, 0x11, 0xdd, 
    0xfe, 0xe0, 0x17, 0xe6, 0x7c, 0xeb, 0xf1, 0xf0, 0xda, 0xf5, 0x11, 0xfa, 0xd6, 0xfc, 0x91, 0xff, 
    0x8d, 0x04, 0x44, 0x0a, 0xcc, 0x0f, 0x88, 0x13, 0x9d, 0x15, 0xe8, 0x16, 0xf4, 0x16, 0x97, 0x17, 
    0x19, 0x18, 0xa7, 0x18, 0x2f, 0x1a, 0x25, 0x1b, 0xf1, 0x1a, 0x5b, 0x19, 0x1e, 0x16, 0x54, 0x13, 
    0xfa, 0x10, 0x11, 0x0e, 0x47, 0x0c, 0xd6, 0x0a, 0x4f, 0x0a, 0xed, 0x09, 0x62, 0x08, 0x94, 0x06, 
    0x01, 0x04, 0x7f, 0x02, 0x9e, 0x02, 0xff, 0x02, 0x9a, 0x03, 0xb6, 0x04, 0x40, 0x06, 0xdf, 0x07, 
    0x0c, 0x08, 0x93, 0x07, 0xf9, 0x07, 0xef, 0x08, 0x24, 0x0b, 0x5e, 0x0c, 0x43, 0x0c, 0xff, 0x0b, 
    0x68, 0x0b, 0x43, 0x0b, 0xb5, 0x0a, 0x2b, 0x09, 0x47, 0x08, 0x69, 0x08, 0xbb, 0x07, 0xdf, 0x05, 
    0x5a, 0x03, 0x9e, 0x00, 0x8e, 0xfd, 0x8f, 0xfa, 0x4e, 0xf8, 0xcb, 0xf6, 0x7d, 0xf5, 0x4e, 0xf4, 
    0xa9, 0xf3, 0x38, 0xf2, 0xe5, 0xef, 0x35, 0xee, 0x3f, 0xed, 0x90, 0xec, 0xdd, 0xeb, 0x62, 0xeb, 
    0x78, 0xeb, 0x6b, 0xea, 0x0f, 0xe9, 0xa0, 0xe8, 0xd2, 0xe7, 0xe1, 0xe6, 0xcb, 0xe5, 0xdd, 0xe4, 
    0x91, 0xe3, 0xd4, 0xe0, 0xa8, 0xde, 0xe7, 0xde, 0x62, 0xe1, 0x1e, 0xe6, 0xf8, 0xea, 0x5a, 0xef, 
    0x6a, 0xf4, 0xa1, 0xf8, 0x2a, 0xfc, 0x70, 0xfe, 0xc2, 0xff, 0x1a, 0x03, 0xfa, 0x07, 0x8c, 0x0c, 
    0xee, 0x0f, 0x0c, 0x12, 0x78, 0x14, 0xd0, 0x16, 0x6c, 0x17, 0x8d, 0x17, 0xf0, 0x17, 0xc4, 0x18, 
    0x30, 0x1a, 0xa9, 0x1a, 0xf6, 0x19, 0x5a, 0x18, 0x4a, 0x16, 0x6c, 0x14, 0xe6, 0x11, 0x12, 0x0f, 
    0x59, 0x0d, 0x7d, 0x0c, 0x7f, 0x0b, 0x39, 0x0a, 0x11, 0x09, 0x3b, 0x08, 0xd1, 0x06, 0x0f, 0x05, 
    0xd6, 0x03, 0x9b, 0x02, 0x0f, 0x02, 0xaf, 0x02, 0xed, 0x03, 0x3c, 0x05, 0xf4, 0x05, 0x65, 0x06, 
    0xfe, 0x06, 0x11, 0x07, 0xb5, 0x06, 0xf2, 0x06, 0x8c, 0x07, 0x0b, 0x08, 0x36, 0x08, 0xfe, 0x07, 
    0x9c, 0x07, 0x58, 0x06, 0x20, 0x04, 0x4c, 0x02, 0xba, 0x00, 0xaf, 0xfe, 0xdc, 0xfc, 0xe5, 0xfb, 
    0x53, 0xfb, 0x23, 0xfa, 0x45, 0xf8, 0xbc, 0xf6, 0x4f, 0xf5, 0xcc, 0xf3, 0x09, 0xf3, 0xa1, 0xf2, 
    0x6d, 0xf2, 0x54, 0xf2, 0xc9, 0xf2, 0x8c, 0xf3, 0x46, 0xf3, 0xf0, 0xf2, 0x43, 0xf3, 0x87, 0xf3, 
    0x7c, 0xf3, 0x58, 0xf3, 0x72, 0xf3, 0xe9, 0xf3, 0x60, 0xf3, 0x66, 0xf2, 0xf8, 0xf1, 0x66, 0xf1, 
    0xd8, 0xf0, 0x16, 0xf0, 0x9d, 0xef, 0xed, 0xef, 0xde, 0xf0, 0x4d, 0xf2, 0x64, 0xf4, 0x57, 0xf6, 
    0x82, 0xf7, 0x7d, 0xf8, 0x58, 0xf9, 0x43, 0xfa, 0x2e, 0xfb, 0x5c, 0xfc, 0x06, 0xfe, 0xa8, 0xff, 
    0x07, 0x01, 0xb5, 0x02, 0x4b, 0x04, 0x9d, 0x05, 0x2f, 0x07, 0x95, 0x08, 0x03, 0x0a, 0x39, 0x0b, 
    0x4f, 0x0c, 0xb2, 0x0d, 0xbf, 0x0e, 0xa6, 0x0f, 0xb0, 0x10, 0x61, 0x11, 0x85, 0x11, 0x04, 0x11, 
    0x21, 0x10, 0x46, 0x0f, 0x23, 0x0e, 0x07, 0x0d, 0x76, 0x0c, 0x35, 0x0c, 0xf7, 0x0b, 0x67, 0x0b, 
    0x9a, 0x0a, 0x7d, 0x09, 0x3c, 0x08, 0x26, 0x07, 0x77, 0x06, 0x54, 0x06, 0x2b, 0x06, 0x09, 0x06, 
    0x36, 0x06, 0x23, 0x06, 0xae, 0x05, 0x44, 0x05, 0xea, 0x04, 0xc9, 0x04, 0xa1, 0x04, 0x74, 0x04, 
    0x7a, 0x04, 0x19, 0x04, 0xc0, 0x03, 0xae, 0x03, 0x44, 0x03, 0x97, 0x02, 0xb7, 0x01, 0xc2, 0x00, 
    0x27, 0x00, 0x8b, 0xff, 0xeb, 0xfe, 0x7c, 0xfe, 0xbe, 0xfd, 0x0c, 0xfd, 0x79, 0xfc, 0xac, 0xfb, 
    0xf6, 0xfa, 0x59, 0xfa, 0x9c, 0xf9, 0xb8, 0xf8, 0xab, 0xf7, 0xc6, 0xf6, 0x04, 0xf6, 0x17, 0xf5, 
    0x78, 0xf4, 0x11, 0xf4, 0x5b, 0xf3, 0x87, 0xf2, 0xb7, 0xf1, 0xda, 0xf0, 0xef, 0xef, 0xe5, 0xee, 
    0xe2, 0xed, 0xf4, 0xec, 0x3f, 0xec, 0x5e, 0xec, 0xe7, 0xec, 0x34, 0xed, 0x5a, 0xed, 0x8e, 0xed, 
    0x0a, 0xee, 0x71, 0xee, 0xda, 0xee, 0xa1, 0xef, 0xd0, 0xf0, 0x5a, 0xf2, 0x28, 0xf4, 0xf5, 0xf5, 
    0xb1, 0xf7, 0x75, 0xf9, 0xbb, 0xfb, 0x4b, 0xfe, 0x80, 0x00, 0xd2, 0x02, 0x21, 0x05, 0xc8, 0x07, 
    0x98, 0x0a, 0xf6, 0x0c, 0x4b, 0x0f, 0x3c, 0x11, 0xc1, 0x12, 0x3f, 0x14, 0x32, 0x15, 0x9a, 0x15, 
    0xe0, 0x15, 0x25, 0x16, 0xd2, 0x16, 0xf2, 0x16, 0x6b, 0x16, 0x30, 0x16, 0xd5, 0x15, 0x5d, 0x15, 
    0x71, 0x14, 0x1e, 0x13, 0xf4, 0x11, 0x9d, 0x10, 0x86, 0x0f, 0xad, 0x0e, 0x6c, 0x0d, 0x18, 0x0c, 
    0x1d, 0x0b, 0x56, 0x0a, 0xa5, 0x09, 0x85, 0x08, 0x55, 0x07, 0x87, 0x06, 0x9f, 0x05, 0xb4, 0x04, 
    0xb1, 0x03, 0xad, 0x02, 0xa5, 0x01, 0xc7, 0x00, 0x2e, 0x00, 0x95, 0xff, 0xca, 0xfe, 0xce, 0xfd, 
    0xfd, 0xfc, 0x56, 0xfc, 0x8e, 0xfb, 0xcd, 0xfa, 0x4d, 0xfa, 0xb6, 0xf9, 0xf6, 0xf8, 0x07, 0xf8, 
    0x18, 0xf7, 0x4d, 0xf6, 0x55, 0xf5, 0x60, 0xf4, 0x99, 0xf3, 0xab, 0xf2, 0xd9, 0xf1, 0x5c, 0xf1, 
    0xd1, 0xf0, 0x24, 0xf0, 0x60, 0xef, 0xc6, 0xee, 0x3b, 0xee, 0x56, 0xed, 0x4a, 0xec, 0x77, 0xeb, 
    0xb5, 0xea, 0x59, 0xea, 0x71, 0xea, 0xe1, 0xea, 0xbe, 0xeb, 0x56, 0xec, 0xbb, 0xec, 0xef, 0xec, 
    0x20, 0xed, 0x07, 0xee, 0x5e, 0xef, 0xd2, 0xf0, 0x7c, 0xf2, 0x16, 0xf4, 0xe4, 0xf5, 0x08, 0xf8, 
    0x14, 0xfa, 0x7a, 0xfc, 0xcd, 0xfe, 0x3b, 0x01, 0x2a, 0x04, 0xc1, 0x06, 0x4f, 0x09, 0x00, 0x0c, 
    0x8c, 0x0e, 0x29, 0x11, 0x4a, 0x13, 0xba, 0x14, 0x1f, 0x16, 0x37, 0x17, 0x1c, 0x18, 0xe4, 0x18, 
    0x08, 0x19, 0x33, 0x19, 0x7e, 0x19, 0x82, 0x19, 0x7f, 0x19, 0x03, 0x19, 0x0d, 0x18, 0x10, 0x17, 
    0xd7, 0x15, 0x7e, 0x14, 0x46, 0x13, 0xef, 0x11, 0xca, 0x10, 0xb5, 0x0f, 0x51, 0x0e, 0x1b, 0x0d, 
    0xd7, 0x0b, 0xa5, 0x0a, 0x94, 0x09, 0x57, 0x08, 0x06, 0x07, 0x90, 0x05, 0x2e, 0x04, 0x06, 0x03, 
    0xc1, 0x01, 0x72, 0x00, 0x41, 0xff, 0x24, 0xfe, 0x56, 0xfd, 0x56, 0xfc, 0x47, 0xfb, 0x73, 0xfa, 
    0x91, 0xf9, 0xec, 0xf8, 0x2b, 0xf8, 0x54, 0xf7, 0xd3, 0xf6, 0x43, 0xf6, 0xb0, 0xf5, 0xf5, 0xf4, 
    0xf1, 0xf3, 0x27, 0xf3, 0x67, 0xf2, 0xb9, 0xf1, 0x0d, 0xf1, 0x36, 0xf0, 0xc1, 0xef, 0x7e, 0xef, 
    0x22, 0xef, 0xa6, 0xee, 0xbf, 0xed, 0x11, 0xed, 0xbc, 0xec, 0x6b, 0xec, 0x48, 0xec, 0xb0, 0xeb, 
    0x39, 0xeb, 0x67, 0xeb, 0xa8, 0xeb, 0x26, 0xec, 0x91, 0xec, 0xef, 0xec, 0xc1, 0xed, 0x87, 0xee, 
    0x5a, 0xef, 0x9b, 0xf0, 0xce, 0xf1, 0x5e, 0xf3, 0x0d, 0xf5, 0x75, 0xf6, 0x23, 0xf8, 0xf5, 0xf9, 
    0x4b, 0xfc, 0x1c, 0xff, 0x7c, 0x01, 0xaa, 0x03, 0xff, 0x05, 0x60, 0x08, 0x29, 0x0b, 0xe4, 0x0d, 
    0x30, 0x10, 0x69, 0x12, 0x30, 0x14, 0xcc, 0x15, 0x52, 0x17, 0x20, 0x18, 0xc4, 0x18, 0x96, 0x19, 
    0x01, 0x00, 0x80, 0x07, 0x68, 0x1a, 0x07, 0x1b, 0xfc, 0x1a, 0x89, 0x1a, 0x21, 0x1a, 0x74, 0x19, 
    0x96, 0x18, 0xba, 0x17, 0xa1, 0x16, 0x8a, 0x15, 0x88, 0x14, 0x6a, 0x13, 0xec, 0x11, 0x11, 0x10, 
    0x58, 0x0e, 0x0f, 0x0d, 0xfd, 0x0b, 0xc0, 0x0a, 0x87, 0x09, 0x28, 0x08, 0x8b, 0x06, 0xf8, 0x04, 
    0x65, 0x03, 0xce, 0x01, 0x44, 0x00, 0xf6, 0xfe, 0x13, 0xfe, 0x3e, 0xfd, 0x2a, 0xfc, 0x26, 0xfb, 
    0x25, 0xfa, 0x17, 0xf9, 0x15, 0xf8, 0x15, 0xf7, 0x5a, 0xf6, 0xd4, 0xf5, 0x53, 0xf5, 0xbe, 0xf4, 
    0xd0, 0xf3, 0x9e, 0xf2, 0x8d, 0xf1, 0xda, 0xf0, 0x46, 0xf0, 0xc2, 0xef, 0x3d, 0xef, 0xba, 0xee, 
    0x60, 0xee, 0x06, 0xee, 0xb3, 0xed, 0x86, 0xed, 0x41, 0xed, 0xfa, 0xec, 0x9e, 0xec, 0xf7, 0xeb, 
    0x7d, 0xeb, 0x44, 0xeb, 0x6e, 0xeb, 0x2b, 0xec, 0xea, 0xec, 0x9a, 0xed, 0x1f, 0xee, 0x44, 0xee, 
    0x94, 0xee, 0x06, 0xef, 0xed, 0xef, 0x7a, 0xf1, 0x2c, 0xf3, 0xfa, 0xf4, 0xa8, 0xf6, 0x43, 0xf8, 
    0x1d, 0xfa, 0xf7, 0xfb, 0xed, 0xfd, 0x20, 0x00, 0x5a, 0x02, 0xed, 0x04, 0x9c, 0x07, 0x65, 0x0a, 
    0x49, 0x0d, 0xc4, 0x0f, 0xf8, 0x11, 0xca, 0x13, 0x35, 0x15, 0x79, 0x16, 0x85, 0x17, 0x96, 0x18, 
    0x9f, 0x19, 0x5b, 0x1a, 0xfe, 0x1a, 0x5b, 0x1b, 0x70, 0x1b, 0x52, 0x1b, 0xb5, 0x1a, 0xe2, 0x19, 
    0xec, 0x18, 0xc5, 0x17, 0xc5, 0x16, 0x9e, 0x15, 0x3f, 0x14, 0xec, 0x12, 0x72, 0x11, 0xfa, 0x0f, 
    0x80, 0x0e, 0xcc, 0x0c, 0x41, 0x0b, 0xd7, 0x09, 0x40, 0x08, 0xdd, 0x06, 0x71, 0x05, 0xea, 0x03, 
    0x9f, 0x02, 0x2c, 0x01, 0xd4, 0xff, 0xb1, 0xfe, 0x68, 0xfd, 0x68, 0xfc, 0x84, 0xfb, 0x4e, 0xfa, 
    0x5e, 0xf9, 0x7c, 0xf8, 0xa8, 0xf7, 0x19, 0xf7, 0x24, 0xf6, 0x2e, 0xf5, 0x55, 0xf4, 0x4d, 0xf3, 
    0xa8, 0xf2, 0x0f, 0xf2, 0x43, 0xf1, 0xab, 0xf0, 0xc3, 0xef, 0xdd, 0xee, 0x3a, 0xee, 0x77, 0xed, 
    0x3b, 0xed, 0x36, 0xed, 0xf1, 0xec, 0xc4, 0xec, 0x57, 0xec, 0xe8, 0xeb, 0x99, 0xeb, 0xff, 0xea, 
    0xdd, 0xea, 0x12, 0xeb, 0x67, 0xeb, 0x5b, 0xec, 0x46, 0xed, 0xf8, 0xed, 0x92, 0xee, 0xdd, 0xee, 
    0x87, 0xef, 0x81, 0xf0, 0x90, 0xf1, 0x56, 0xf3, 0x18, 0xf5, 0xa9, 0xf6, 0x75, 0xf8, 0x05, 0xfa, 
    0xc8, 0xfb, 0xdf, 0xfd, 0xdf, 0xff, 0x4e, 0x02, 0xbe, 0x04, 0x0a, 0x07, 0xd1, 0x09, 0x58, 0x0c, 
    0xab, 0x0e, 0xf4, 0x10, 0x7c, 0x12, 0xea, 0x13, 0x58, 0x15, 0x69, 0x16, 0xcc, 0x17, 0xe2, 0x18, 
    0x9b, 0x19, 0x67, 0x1a, 0x9e, 0x1a, 0xb2, 0x1a, 0xa4, 0x1a, 0xee, 0x19, 0x60, 0x19, 0xb4, 0x18, 
    0xc8, 0x17, 0x1a, 0x17, 0xf0, 0x15, 0xa2, 0x14, 0x64, 0x13, 0xe5, 0x11, 0xa5, 0x10, 0x3b, 0x0f, 
    0xac, 0x0d, 0x71, 0x0c, 0xfc, 0x0a, 0x97, 0x09, 0x3d, 0x08, 0xb1, 0x06, 0x58, 0x05, 0xce, 0x03, 
    0x47, 0x02, 0xec, 0x00, 0x6c, 0xff, 0x48, 0xfe, 0x47, 0xfd, 0x3f, 0xfc, 0x61, 0xfb, 0x3a, 0xfa, 
    0x49, 0xf9, 0x84, 0xf8, 0x84, 0xf7, 0xa5, 0xf6, 0x88, 0xf5, 0x5a, 0xf4, 0x65, 0xf3, 0x55, 0xf2, 
    0xac, 0xf1, 0x17, 0xf1, 0x49, 0xf0, 0xa5, 0xef, 0xab, 0xee, 0xbe, 0xed, 0x1a, 0xed, 0x7b, 0xec, 
    0x3f, 0xec, 0xfe, 0xeb, 0xbd, 0xeb, 0xc8, 0xeb, 0x9a, 0xeb, 0x7e, 0xeb, 0x52, 0xeb, 0xfa, 0xea, 
    0x11, 0xeb, 0x50, 0xeb, 0xee, 0xeb, 0xe8, 0xec, 0xac, 0xed, 0x88, 0xee, 0x4c, 0xef, 0x01, 0xf0, 
    0x15, 0xf1, 0x29, 0xf2, 0xa3, 0xf3, 0x69, 0xf5, 0xeb, 0xf6, 0x86, 0xf8, 0x19, 0xfa, 0xc9, 0xfb, 
    0xda, 0xfd, 0xe8, 0xff, 0x25, 0x02, 0x6a, 0x04, 0x92, 0x06, 0x0e, 0x09, 0x69, 0x0b, 0x86, 0x0d, 
    0x86, 0x0f, 0x2f, 0x11, 0xbd, 0x12, 0x1b, 0x14, 0x3d, 0x15, 0x66, 0x16, 0x61, 0x17, 0x45, 0x18, 
    0x1a, 0x19, 0x7f, 0x19, 0x90, 0x19, 0x65, 0x19, 0x11, 0x19, 0xb2, 0x18, 0x14, 0x18, 0x5b, 0x17, 
    0xa0, 0x16, 0xb6, 0x15, 0xb0, 0x14, 0x65, 0x13, 0xf8, 0x11, 0xa2, 0x10, 0x33, 0x0f, 0xcc, 0x0d, 
    0x64, 0x0c, 0xdb, 0x0a, 0x5d, 0x09, 0xf7, 0x07, 0xb2, 0x06, 0x5c, 0x05, 0xd0, 0x03, 0x4d, 0x02, 
    0xdb, 0x00, 0x82, 0xff, 0x5a, 0xfe, 0x36, 0xfd, 0x12, 0xfc, 0xf1, 0xfa, 0xdb, 0xf9, 0xe9, 0xf8, 
    0xff, 0xf7, 0x2d, 0xf7, 0x66, 0xf6, 0x69, 0xf5, 0x55, 0xf4, 0x3e, 0xf3, 0x45, 0xf2, 0xa2, 0xf1, 
    0x1c, 0xf1, 0x9e, 0xf0, 0x0e, 0xf0, 0x47, 0xef, 0x8b, 0xee, 0xf5, 0xed, 0x8b, 0xed, 0x6c, 0xed, 
    0x56, 0xed, 0x3b, 0xed, 0x45, 0xed, 0x46, 0xed, 0x56, 0xed, 0x7e, 0xed, 0x8d, 0xed, 0xc3, 0xed, 
    0x15, 0xee, 0x89, 0xee, 0x62, 0xef, 0x49, 0xf0, 0x23, 0xf1, 0xea, 0xf1, 0x79, 0xf2, 0x1c, 0xf3, 
    0x00, 0xf4, 0x1a, 0xf5, 0x5e, 0xf6, 0xb8, 0xf7, 0x29, 0xf9, 0x9a, 0xfa, 0x19, 0xfc, 0xc8, 0xfd, 
    0x77, 0xff, 0x15, 0x01, 0xd4, 0x02, 0xbc, 0x04, 0xad, 0x06, 0xb0, 0x08, 0xc7, 0x0a, 0xd1, 0x0c, 
    0xa5, 0x0e, 0x31, 0x10, 0x75, 0x11, 0x87, 0x12, 0x7c, 0x13, 0x63, 0x14, 0x3b, 0x15, 0xf4, 0x15, 
    0x92, 0x16, 0x0a, 0x17, 0x5c, 0x17, 0x63, 0x17, 0x19, 0x17, 0xa1, 0x16, 0xef, 0x15, 0x2d, 0x15, 
    0x6e, 0x14, 0x70, 0x13, 0x6c, 0x12, 0x6e, 0x11, 0x48, 0x10, 0x2c, 0x0f, 0xf0, 0x0d, 0x8f, 0x0c, 
    0x2a, 0x0b, 0xba, 0x09, 0x68, 0x08, 0x1e, 0x07, 0xab, 0x05, 0x58, 0x04, 0xf7, 0x02, 0x79, 0x01, 
    0x40, 0x00, 0x12, 0xff, 0xed, 0xfd, 0xf0, 0xfc, 0xbc, 0xfb, 0x89, 0xfa, 0x89, 0xf9, 0x6f, 0xf8, 
    0x81, 0xf7, 0xb8, 0xf6, 0xdf, 0xf5, 0x12, 0xf5, 0x28, 0xf4, 0x3b, 0xf3, 0x82, 0xf2, 0xc6, 0xf1, 
    0x23, 0xf1, 0xa0, 0xf0, 0x01, 0xf0, 0x76, 0xef, 0xf7, 0xee, 0x8f, 0xee, 0x8c, 0xee, 0x9f, 0xee, 
    0xaa, 0xee, 0xe2, 0xee, 0xf6, 0xee, 0x15, 0xef, 0x69, 0xef, 0xa6, 0xef, 0x0d, 0xf0, 0x93, 0xf0, 
    0x07, 0xf1, 0x9f, 0xf1, 0x4f, 0xf2, 0x1e, 0xf3, 0xee, 0xf3, 0x8f, 0xf4, 0x43, 0xf5, 0x1b, 0xf6, 
    0x16, 0xf7, 0x4f, 0xf8, 0x98, 0xf9, 0xd9, 0xfa, 0x1d, 0xfc, 0x54, 0xfd, 0xac, 0xfe, 0x3f, 0x00, 
    0xca, 0x01, 0x4e, 0x03, 0xed, 0x04, 0x8e, 0x06, 0x2c, 0x08, 0xc5, 0x09, 0x51, 0x0b, 0xc1, 0x0c, 
    0x06, 0x0e, 0x27, 0x0f, 0x14, 0x10, 0xcf, 0x10, 0x8c, 0x11, 0x40, 0x12, 0xc4, 0x12, 0x23, 0x13, 
    0x39, 0x13, 0x3e, 0x13, 0x44, 0x13, 0xff, 0x12, 0xa7, 0x12, 0x35, 0x12, 0x80, 0x11, 0xc6, 0x10, 
    0x00, 0x10, 0x17, 0x0f, 0x2a, 0x0e, 0x23, 0x0d, 0x05, 0x0c, 0xe4, 0x0a, 0xb0, 0x09, 0x81, 0x08, 
    0x5d, 0x07, 0x3f, 0x06, 0x45, 0x05, 0x17, 0x04, 0xc7, 0x02, 0xab, 0x01, 0x80, 0x00, 0x75, 0xff, 
    0x7c, 0xfe, 0x6a, 0xfd, 0x76, 0xfc, 0x74, 0xfb, 0x78, 0xfa, 0xaa, 0xf9, 0xe9, 0xf8, 0x39, 0xf8, 
    0x79, 0xf7, 0x9d, 0xf6, 0xcf, 0xf5, 0x10, 0xf5, 0x71, 0xf4, 0xfb, 0xf3, 0x8f, 0xf3, 0x14, 0xf3, 
    0x97, 0xf2, 0x14, 0xf2, 0x90, 0xf1, 0x45, 0xf1, 0x3e, 0xf1, 0x3f, 0xf1, 0x52, 0xf1, 0x82, 0xf1, 
    0xa3, 0xf1, 0xcb, 0xf1, 0x10, 0xf2, 0x8e, 0xf2, 0x17, 0xf3, 0x9a, 0xf3, 0x4f, 0xf4, 0xfa, 0xf4, 
    0x90, 0xf5, 0x1d, 0xf6, 0xc5, 0xf6, 0xa5, 0xf7, 0x6e, 0xf8, 0x37, 0xf9, 0x12, 0xfa, 0xfa, 0xfa, 
    0x03, 0xfc, 0x06, 0xfd, 0x19, 0xfe, 0x11, 0xff, 0xef, 0xff, 0x03, 0x01, 0x21, 0x02, 0x56, 0x03, 
    0xa8, 0x04, 0xd9, 0x05, 0xe4, 0x06, 0xe3, 0x07, 0xd8, 0x08, 0xd0, 0x09, 0xc4, 0x0a, 0x9d, 0x0b, 
    0x5d, 0x0c, 0xf6, 0x0c, 0x7b, 0x0d, 0xeb, 0x0d, 0x4e, 0x0e, 0xa2, 0x0e, 0xb8, 0x0e, 0xba, 0x0e, 
    0xa7, 0x0e, 0x7b, 0x0e, 0x70, 0x0e, 0x4a, 0x0e, 0xf7, 0x0d, 0x84, 0x0d, 0xd9, 0x0c, 0x23, 0x0c, 
    0x5e, 0x0b, 0x97, 0x0a, 0xe6, 0x09, 0x15, 0x09, 0x2d, 0x08, 0x51, 0x07, 0x50, 0x06, 0x4b, 0x05, 
    0x5e, 0x04, 0x54, 0x03, 0x4d, 0x02, 0x3a, 0x01, 0x36, 0x00, 0x53, 0xff, 0x61, 0xfe, 0x99, 0xfd, 
    0xd3, 0xfc, 0xea, 0xfb, 0xf9, 0xfa, 0x13, 0xfa, 0x66, 0xf9, 0xd6, 0xf8, 0x60, 0xf8, 0xf3, 0xf7, 
    0x5c, 0xf7, 0xc5, 0xf6, 0x2b, 0xf6, 0xb4, 0xf5, 0x89, 0xf5, 0x64, 0xf5, 0x2e, 0xf5, 0x09, 0xf5, 
    0xee, 0xf4, 0xd6, 0xf4, 0xf2, 0xf4, 0x34, 0xf5, 0x83, 0xf5, 0xcc, 0xf5, 0x1f, 0xf6, 0x85, 0xf6, 
    0xcf, 0xf6, 0x2e, 0xf7, 0xb1, 0xf7, 0x33, 0xf8, 0xc9, 0xf8, 0x56, 0xf9, 0xc2, 0xf9, 0x2e, 0xfa, 
    0xb9, 0xfa, 0x64, 0xfb, 0xf3, 0xfb, 0x5e, 0xfc, 0xd0, 0xfc, 0x45, 0xfd, 0xec, 0xfd, 0xc9, 0xfe, 
    0x83, 0xff, 0x0e, 0x00, 0x8f, 0x00, 0x22, 0x01, 0xc0, 0x01, 0x57, 0x02, 0x16, 0x03, 0xc0, 0x03, 
    0x62, 0x04, 0x32, 0x05, 0xe0, 0x05, 0x8d, 0x06, 0x2e, 0x07, 0xb8, 0x07, 0x47, 0x08, 0xad, 0x08, 
    0x17, 0x09, 0x84, 0x09, 0xce, 0x09, 0x05, 0x0a, 0x0c, 0x0a, 0x14, 0x0a, 0x20, 0x0a, 0x16, 0x0a, 
    0x12, 0x0a, 0xeb, 0x09, 0xb0, 0x09, 0x5c, 0x09, 0xf3, 0x08, 0x99, 0x08, 0x21, 0x08, 0x9d, 0x07, 
    0x1a, 0x07, 0x9a, 0x06, 0x27, 0x06, 0x80, 0x05, 0xc6, 0x04, 0x13, 0x04, 0x36, 0x03, 0x7d, 0x02, 
    0xcb, 0x01, 0x14, 0x01, 0x78, 0x00, 0xb4, 0xff, 0x0a, 0xff, 0x7d, 0xfe, 0xd0, 0xfd, 0x39, 0xfd, 
    0x9e, 0xfc, 0xdd, 0xfb, 0x39, 0xfb, 0xb8, 0xfa, 0x57, 0xfa, 0x14, 0xfa, 0xb2, 0xf9, 0x2d, 0xf9, 
    0xbd, 0xf8, 0x64, 0xf8, 0x24, 0xf8, 0x03, 0xf8, 0xe4, 0xf7, 0xd0, 0xf7, 0xd7, 0xf7, 0xec, 0xf7, 
    0xfe, 0xf7, 0x03, 0xf8, 0x14, 0xf8, 0x53, 0xf8, 0xa9, 0xf8, 0xfa, 0xf8, 0x4e, 0xf9, 0x9b, 0xf9, 
    0xef, 0xf9, 0x5e, 0xfa, 0xdf, 0xfa, 0x50, 0xfb, 0xb4, 0xfb, 0x14, 0xfc, 0x71, 0xfc, 0xde, 0xfc, 
    0x72, 0xfd, 0x04, 0xfe, 0x6d, 0xfe, 0xe1, 0xfe, 0x4d, 0xff, 0xb0, 0xff, 0x3f, 0x00, 0xb3, 0x00, 
    0x19, 0x01, 0x90, 0x01, 0xdc, 0x01, 0x47, 0x02, 0xbd, 0x02, 0x1f, 0x03, 0xa2, 0x03, 0x0e, 0x04, 
    0x79, 0x04, 0xdb, 0x04, 0x30, 0x05, 0xa1, 0x05, 0x0e, 0x06, 0x6b, 0x06, 0xa7, 0x06, 0xd0, 0x06, 
    0xf4, 0x06, 0x11, 0x07, 0x3a, 0x07, 0x5d, 0x07, 0x6e, 0x07, 0x77, 0x07, 0x65, 0x07, 0x57, 0x07, 
    0x4b, 0x07, 0x19, 0x07, 0xeb, 0x06, 0xa4, 0x06, 0x43, 0x06, 0xf2, 0x05, 0x94, 0x05, 0x30, 0x05, 
    0xb6, 0x04, 0x29, 0x04, 0xab, 0x03, 0x08, 0x03, 0x6e, 0x02, 0xef, 0x01, 0x4d, 0x01, 0xb3, 0x00, 
    0x08, 0x00, 0x61, 0xff, 0xcf, 0xfe, 0x31, 0xfe, 0xac, 0xfd, 0x27, 0xfd, 0x9d, 0xfc, 0x0a, 0xfc, 
    0x7c, 0xfb, 0x03, 0xfb, 0x8f, 0xfa, 0x30, 0xfa, 0xe9, 0xf9, 0xaa, 0xf9, 0x6a, 0xf9, 0x40, 0xf9, 
    0xff, 0xf8, 0xe3, 0xf8, 0xef, 0xf8, 0xda, 0xf8, 0xfb, 0xf8, 0x14, 0xf9, 0x15, 0xf9, 0x35, 0xf9, 
    0x6f, 0xf9, 0xa0, 0xf9, 0xcb, 0xf9, 0x16, 0xfa, 0x4d, 0xfa, 0x88, 0xfa, 0xc7, 0xfa, 0x03, 0xfb, 
    0x58, 0xfb, 0xbd, 0xfb, 0x10, 0xfc, 0x70, 0xfc, 0xdf, 0xfc, 0x3f, 0xfd, 0xbc, 0xfd, 0x23, 0xfe, 
    0x86, 0xfe, 0xf0, 0xfe, 0x43, 0xff, 0x9c, 0xff, 0x15, 0x00, 0x92, 0x00, 0x06, 0x01, 0x81, 0x01, 
    0xde, 0x01, 0x56, 0x02, 0xca, 0x02, 0x32, 0x03, 0xab, 0x03, 0x0b, 0x04, 0x6c, 0x04, 0xc2, 0x04, 
    0x14, 0x05, 0x6f, 0x05, 0xd3, 0x05, 0x0a, 0x06, 0x3b, 0x06, 0x75, 0x06, 0x94, 0x06, 0xc5, 0x06, 
    0xc6, 0x06, 0xce, 0x06, 0xd5, 0x06, 0xb4, 0x06, 0xb3, 0x06, 0x87, 0x06, 0x6b, 0x06, 0x57, 0x06, 
    0x1d, 0x06, 0xe6, 0x05, 0xa2, 0x05, 0x2f, 0x05, 0xd1, 0x04, 0x6c, 0x04, 0xde, 0x03, 0x82, 0x03, 
    0xf9, 0x02, 0x83, 0x02, 0x05, 0x02, 0x68, 0x01, 0xfb, 0x00, 0x5f, 0x00, 0xcd, 0xff, 0x45, 0xff, 
    0xba, 0xfe, 0x30, 0xfe, 0xb3, 0xfd, 0x4c, 0xfd, 0xd4, 0xfc, 0x50, 0xfc, 0xe1, 0xfb, 0x8c, 0xfb, 
    0x29, 0xfb, 0xd9, 0xfa, 0x8b, 0xfa, 0x48, 0xfa, 0x0a, 0xfa, 0xe9, 0xf9, 0xd8, 0xf9, 0xc0, 0xf9, 
    0xe7, 0xf9, 0xe9, 0xf9, 0xe9, 0xf9, 0x02, 0xfa, 0x2a, 0xfa, 0x6b, 0xfa, 0xa4, 0xfa, 0xe5, 0xfa, 
    0x24, 0xfb, 0x7e, 0xfb, 0xcf, 0xfb, 0x2e, 0xfc, 0x99, 0xfc, 0xed, 0xfc, 0x5f, 0xfd, 0xcf, 0xfd, 
    0x21, 0xfe, 0x75, 0xfe, 0xc6, 0xfe, 0x30, 0xff, 0x8e, 0xff, 0xff, 0xff, 0x70, 0x00, 0xb6, 0x00, 
    0x16, 0x01, 0x67, 0x01, 0xc1, 0x01, 0xe5, 0x01, 0x1e, 0x02, 0x5a, 0x02, 0x7c, 0x02, 0xaf, 0x02, 
    0xc8, 0x02, 0x0e, 0x03, 0x3b, 0x03, 0x62, 0x03, 0x91, 0x03, 0xa4, 0x03, 0xa3, 0x03, 0xb2, 0x03, 
    0xaf, 0x03, 0xa3, 0x03, 0x94, 0x03, 0x6d, 0x03, 0x77, 0x03, 0x70, 0x03, 0x5b, 0x03, 0x3c, 0x03, 
    0x21, 0x03, 0x11, 0x03, 0xe7, 0x02, 0xc6, 0x02, 0x94, 0x02, 0x50, 0x02, 0x1a, 0x02, 0xdf, 0x01, 
    0x92, 0x01, 0x4c, 0x01, 0x00, 0x01, 0xbd, 0x00, 0x79, 0x00, 0x31, 0x00, 0x00, 0x00, 0xc8, 0xff, 
    0x71, 0xff, 0x39, 0xff, 0x00, 0xff, 0xaa, 0xfe, 0x69, 0xfe, 0x0d, 0xfe, 0xc8, 0xfd, 0x8b, 0xfd, 
    0x50, 0xfd, 0x24, 0xfd, 0xf3, 0xfc, 0xd4, 0xfc, 0x9f, 0xfc, 0x88, 0xfc, 0x76, 0xfc, 0x55, 0xfc, 
    0x5a, 0xfc, 0x33, 0xfc, 0x1b, 0xfc, 0x11, 0xfc, 0xfe, 0xfb, 0x0e, 0xfc, 0x0f, 0xfc, 0x29, 0xfc, 
    0x36, 0xfc, 0x61, 0xfc, 0x82, 0xfc, 0x9b, 0xfc, 0xe1, 0xfc, 0x33, 0xfd, 0x97, 0xfd, 0xf9, 0xfd, 
    0x64, 0xfe, 0xc8, 0xfe, 0x51, 0xff, 0x8a, 0xff, 0xbb, 0xff, 0x18, 0x00, 0x5c, 0x00, 0xbe, 0x00, 
    0x0f, 0x01, 0x64, 0x01, 0xa8, 0x01, 0xd4, 0x01, 0xea, 0x01, 0xff, 0x01, 0xf9, 0x01, 0x52, 0x02, 
    0x99, 0x02, 0xbe, 0x02, 0x4b, 0x03, 0xa1, 0x03, 0x54, 0x04, 0xbd, 0x03, 0xe3, 0x03, 0x4e, 0x04, 
    0x96, 0x05, 0x05, 0x07, 0xb2, 0x07, 0x07, 0x0d, 0x09, 0x0e, 0x02, 0x0c, 0xf0, 0x0a, 0xed, 0x08, 
    0x3d, 0x07, 0xd2, 0x05, 0x1f, 0x06, 0x41, 0x05, 0x3b, 0x06, 0x1c, 0x07, 0xec, 0x06, 0xfe, 0x08, 
    0xb3, 0x09, 0xb6, 0x07, 0x01, 0x00, 0x80, 0x07, 0x14, 0x06, 0x4e, 0x05, 0x11, 0x03, 0xe8, 0x00, 
    0x84, 0xff, 0x74, 0xfe, 0x46, 0xfd, 0xfd, 0xfb, 0x61, 0xfb, 0xd2, 0xf9, 0xd6, 0xf8, 0x5f, 0xf9, 
    0xfb, 0xf9, 0xd7, 0xf9, 0x8b, 0xf9, 0xc1, 0xf9, 0x38, 0xf9, 0x00, 0xf9, 0xae, 0xf8, 0xae, 0xf7, 
    0xba, 0xf6, 0xfa, 0xf5, 0x30, 0xf6, 0x88, 0xf6, 0x71, 0xf6, 0xe0, 0xf6, 0x0a, 0xf7, 0xa1, 0xf6, 
    0xee, 0xf5, 0x84, 0xf5, 0xb0, 0xf5, 0x84, 0xf5, 0xa2, 0xf5, 0xec, 0xf5, 0x62, 0xf6, 0xfb, 0xf5, 
    0x34, 0xf5, 0xc5, 0xf5, 0x5a, 0xf6, 0x88, 0xf7, 0x3b, 0xf8, 0x8f, 0xf8, 0xd2, 0xf8, 0x73, 0xf8, 
    0xbf, 0xf9, 0xc2, 0xfa, 0x01, 0xfc, 0xeb, 0xfe, 0xc6, 0x00, 0x00, 0x01, 0x2f, 0x01, 0xe0, 0x00, 
    0x4c, 0x00, 0x66, 0x01, 0x32, 0x03, 0x41, 0x05, 0x4f, 0x07, 0x6c, 0x08, 0x7b, 0x08, 0x75, 0x08, 
    0x49, 0x08, 0x54, 0x08, 0x9b, 0x09, 0x74, 0x0b, 0xbe, 0x0c, 0x75, 0x0c, 0x76, 0x0b, 0x34, 0x0a, 
    0xcb, 0x08, 0x5b, 0x08, 0xcc, 0x08, 0xe5, 0x08, 0x8c, 0x08, 0x98, 0x08, 0xac, 0x08, 0x3d, 0x07, 
    0x60, 0x05, 0xa1, 0x04, 0xe8, 0x03, 0xbf, 0x03, 0xee, 0x03, 0xc4, 0x03, 0xbc, 0x03, 0x32, 0x03, 
    0x3d, 0x02, 0x14, 0x01, 0xba, 0x00, 0xa7, 0x00, 0x92, 0x00, 0x15, 0x00, 0x01, 0xff, 0x83, 0xfe, 
    0x6a, 0xfd, 0x01, 0xfc, 0x3a, 0xfa, 0xb0, 0xf8, 0x2f, 0xf8, 0x30, 0xf8, 0xdb, 0xf7, 0xfa, 0xf5, 
    0x9e, 0xf3, 0x55, 0xf2, 0xed, 0xf1, 0x57, 0xf2, 0x04, 0xf2, 0x9e, 0xf0, 0xa5, 0xef, 0xb6, 0xed, 
    0xdc, 0xea, 0x56, 0xe9, 0xe5, 0xe8, 0xff, 0xe7, 0xc1, 0xe6, 0x00, 0xe7, 0xb7, 0xeb, 0x1d, 0xf2, 
    0x13, 0xf5, 0xec, 0xf5, 0x8c, 0xf8, 0x32, 0xfd, 0x47, 0x01, 0xbb, 0x04, 0x18, 0x09, 0x67, 0x0d, 
    0x51, 0x12, 0x95, 0x16, 0xa3, 0x17, 0xda, 0x17, 0x64, 0x19, 0x29, 0x1c, 0xc1, 0x1e, 0x68, 0x1e, 
    0x42, 0x1c, 0x22, 0x1b, 0x1e, 0x19, 0x8c, 0x16, 0x0d, 0x15, 0xfb, 0x13, 0xc0, 0x12, 0xaa, 0x10, 
    0xf9, 0x0d, 0x57, 0x0a, 0x15, 0x06, 0x3b, 0x04, 0xe2, 0x03, 0xb0, 0x02, 0x3d, 0x01, 0x78, 0x00, 
    0xc0, 0xff, 0xc1, 0xfe, 0xd1, 0xfe, 0xe0, 0xff, 0x61, 0x01, 0xb0, 0x03, 0x27, 0x06, 0x60, 0x07, 
    0xf7, 0x06, 0x65, 0x07, 0x81, 0x09, 0xc6, 0x0a, 0x64, 0x0b, 0x86, 0x0b, 0x47, 0x0a, 0x96, 0x07, 
    0x03, 0x05, 0x22, 0x03, 0xee, 0x00, 0x33, 0x00, 0x9d, 0xff, 0xfc, 0xfc, 0x19, 0xfa, 0xdb, 0xf5, 
    0xb4, 0xf1, 0x5a, 0xee, 0xbf, 0xea, 0x5d, 0xe9, 0xc2, 0xe7, 0x6a, 0xe5, 0xeb, 0xe2, 0x05, 0xdf, 
    0x4e, 0xdd, 0x52, 0xdd, 0x2d, 0xde, 0xcd, 0xde, 0x98, 0xdc, 0x8d, 0xda, 0xe0, 0xd8, 0x39, 0xda, 
    0xcc, 0xe0, 0x92, 0xe8, 0x26, 0xf1, 0xa4, 0xf7, 0x0b, 0xfc, 0x8f, 0x00, 0x2b, 0x04, 0x7f, 0x0a, 
    0xbf, 0x13, 0x9d, 0x1c, 0x44, 0x20, 0xc9, 0x1e, 0x74, 0x1f, 0x75, 0x1f, 0x0a, 0x1f, 0x2b, 0x21, 
    0x4d, 0x21, 0x14, 0x20, 0xf3, 0x1b, 0xe1, 0x15, 0xd2, 0x10, 0xe4, 0x0b, 0x45, 0x0b, 0xad, 0x0b, 
    0x29, 0x09, 0x28, 0x06, 0x13, 0x02, 0x9b, 0xff, 0x2f, 0xfe, 0x7c, 0xfd, 0xb1, 0xfe, 0xea, 0xfe, 
    0xbb, 0xff, 0x95, 0xff, 0x4e, 0xfe, 0xdb, 0xff, 0x38, 0x02, 0x00, 0x05, 0x35, 0x07, 0x69, 0x08, 
    0x1c, 0x0a, 0x4c, 0x0a, 0xc4, 0x0a, 0xdc, 0x0b, 0x7e, 0x0b, 0x40, 0x0c, 0x94, 0x0e, 0x51, 0x0f, 
    0x17, 0x0d, 0x97, 0x09, 0x38, 0x06, 0x46, 0x04, 0x42, 0x03, 0x10, 0x01, 0xd2, 0xfe, 0x0f, 0xfc, 
    0x8d, 0xf8, 0xad, 0xf5, 0x7d, 0xf2, 0x4a, 0xf0, 0xa9, 0xee, 0x29, 0xec, 0x25, 0xe9, 0x78, 0xe6, 
    0x3a, 0xe6, 0xc6, 0xe4, 0x22, 0xe2, 0x83, 0xe2, 0x56, 0xe2, 0x44, 0xe1, 0x5b, 0xe1, 0x94, 0xe1, 
    0x49, 0xe1, 0xe6, 0xde, 0xf2, 0xda, 0x5b, 0xd7, 0xe4, 0xdb, 0xee, 0xea, 0x20, 0xf5, 0x11, 0xf6, 
    0xef, 0xf7, 0x7f, 0xfc, 0x7b, 0x02, 0x3b, 0x0a, 0xb9, 0x12, 0xd2, 0x1a, 0x50, 0x20, 0xb9, 0x21, 
    0x4a, 0x1f, 0x78, 0x1b, 0x2b, 0x1d, 0x13, 0x24, 0xaf, 0x25, 0xfd, 0x20, 0xfe, 0x19, 0x5c, 0x12, 
    0xd2, 0x0e, 0xe5, 0x0c, 0x15, 0x0b, 0x7c, 0x0b, 0x03, 0x0a, 0xf4, 0x06, 0x38, 0x01, 0xa5, 0xfa, 
    0x59, 0xfb, 0xc4, 0xfe, 0x7a, 0x00, 0x24, 0x00, 0x65, 0xfc, 0xd2, 0xfa, 0x0c, 0xfc, 0x6a, 0xfe, 
    0x8a, 0x02, 0x70, 0x05, 0xf4, 0x06, 0xaf, 0x06, 0x85, 0x04, 0x51, 0x04, 0xa4, 0x07, 0x34, 0x0c, 
    0x57, 0x0e, 0xc8, 0x0d, 0xe7, 0x0b, 0x60, 0x09, 0x18, 0x08, 0xea, 0x08, 0x96, 0x09, 0xad, 0x07, 
    0x79, 0x05, 0xeb, 0x02, 0x09, 0xfe, 0x29, 0xfb, 0x5d, 0xfa, 0x41, 0xf9, 0x21, 0xf8, 0x61, 0xf5, 
    0xc5, 0xf1, 0x94, 0xed, 0xb8, 0xea, 0x75, 0xea, 0xa7, 0xe8, 0x07, 0xe7, 0x05, 0xe6, 0x6e, 0xe3, 
    0xed, 0xe2, 0x95, 0xe4, 0xdd, 0xe4, 0xb2, 0xe1, 0x6e, 0xde, 0xad, 0xdd, 0x3c, 0xda, 0x28, 0xd7, 
    0x58, 0xdc, 0x46, 0xe7, 0x64, 0xf0, 0x1f, 0xf4, 0xd8, 0xf5, 0xcd, 0xf8, 0xdf, 0x00, 0x73, 0x0d, 
    0xdb, 0x13, 0x72, 0x15, 0x2d, 0x1a, 0xeb, 0x1e, 0x6a, 0x21, 0xfc, 0x20, 0xcc, 0x1f, 0xe9, 0x21, 
    0xf9, 0x22, 0xc0, 0x1f, 0x1a, 0x19, 0x5b, 0x12, 0x6c, 0x11, 0xa1, 0x11, 0x95, 0x0d, 0xf8, 0x08, 
    0x85, 0x04, 0x9c, 0x02, 0x45, 0x03, 0x55, 0x00, 0x85, 0xfc, 0x2a, 0xfb, 0x7d, 0xfb, 0x2c, 0xfd, 
    0x02, 0xfc, 0x06, 0xfb, 0x71, 0xfe, 0x6b, 0x01, 0x6a, 0x02, 0xba, 0x01, 0x1e, 0x01, 0xc6, 0x03, 
    0x6a, 0x07, 0x47, 0x09, 0xb7, 0x08, 0x25, 0x09, 0xbd, 0x0c, 0x97, 0x0e, 0xe4, 0x0c, 0xe5, 0x09, 
    0x3d, 0x08, 0x16, 0x09, 0x2b, 0x09, 0xd5, 0x06, 0x03, 0x04, 0xc9, 0x02, 0xb9, 0x01, 0x1f, 0xfe, 
    0x14, 0xfa, 0x54, 0xf8, 0xba, 0xf8, 0x8f, 0xf8, 0x03, 0xf5, 0x1b, 0xf0, 0x3e, 0xed, 0x7e, 0xec, 
    0xcb, 0xea, 0xbc, 0xe7, 0x13, 0xe6, 0xbd, 0xe5, 0xfe, 0xe5, 0xd5, 0xe4, 0x4d, 0xe1, 0x2b, 0xe0, 
    0x46, 0xe1, 0x72, 0xde, 0xd8, 0xd7, 0x72, 0xd6, 0xb9, 0xe0, 0x27, 0xee, 0x0e, 0xf3, 0x58, 0xf2, 
    0xcd, 0xf4, 0x37, 0xfd, 0xac, 0x08, 0x54, 0x10, 0x4a, 0x13, 0x63, 0x18, 0x48, 0x1f, 0x0e, 0x22, 
    0x27, 0x20, 0xfb, 0x1e, 0x07, 0x23, 0x89, 0x26, 0x2b, 0x23, 0x3c, 0x1b, 0x3b, 0x14, 0x25, 0x13, 
    0xe8, 0x13, 0x1e, 0x10, 0x2c, 0x0a, 0xfe, 0x04, 0x32, 0x03, 0x65, 0x03, 0xb5, 0x00, 0x4b, 0xfd, 
    0x27, 0xfc, 0x7e, 0xfc, 0x67, 0xfb, 0xb2, 0xf8, 0x90, 0xf9, 0xae, 0xfd, 0x4d, 0x01, 0x6e, 0x02, 
    0x86, 0x00, 0xb0, 0x00, 0x84, 0x04, 0x2e, 0x07, 0xf7, 0x07, 0xfa, 0x08, 0xb1, 0x0a, 0xde, 0x0c, 
    0x80, 0x0e, 0xdf, 0x0d, 0x18, 0x0c, 0x21, 0x0b, 0x91, 0x0a, 0x73, 0x0a, 0x02, 0x09, 0xcf, 0x05, 
    0x7f, 0x03, 0x4e, 0x01, 0x18, 0xff, 0xf2, 0xfc, 0xc8, 0xfa, 0x51, 0xfa, 0x51, 0xf8, 0xe4, 0xf3, 
    0x31, 0xf0, 0xb6, 0xed, 0xc9, 0xed, 0x28, 0xed, 0xb7, 0xe8, 0xae, 0xe5, 0x57, 0xe5, 0x03, 0xe5, 
    0x1d, 0xe5, 0x1a, 0xe5, 0x55, 0xe4, 0x28, 0xe4, 0xab, 0xe1, 0x8e, 0xda, 0x95, 0xd7, 0xe6, 0xdf, 
    0x6f, 0xed, 0xa9, 0xf4, 0xd2, 0xf2, 0x7b, 0xf2, 0x8c, 0xf8, 0x90, 0x02, 0xdd, 0x0e, 0xe4, 0x15, 
    0xbe, 0x17, 0x76, 0x1a, 0x63, 0x1c, 0x07, 0x1e, 0xbe, 0x1f, 0x59, 0x22, 0x9c, 0x25, 0x8b, 0x22, 
    0xe6, 0x1a, 0x72, 0x14, 0x50, 0x11, 0x56, 0x13, 0xe9, 0x13, 0x1f, 0x0e, 0x25, 0x07, 0x74, 0x03, 
    0xb7, 0x02, 0x11, 0x02, 0xfd, 0x00, 0x34, 0x00, 0xc9, 0xfe, 0x4d, 0xfc, 0xd4, 0xf9, 0x47, 0xf9, 
    0xe6, 0xfb, 0x60, 0x00, 0xf4, 0x01, 0x9a, 0x00, 0x2d, 0x01, 0x40, 0x02, 0xb2, 0x03, 0x2d, 0x07, 
    0xb6, 0x09, 0xcc, 0x0a, 0x92, 0x0a, 0xfb, 0x0a, 0x52, 0x0d, 0x90, 0x0d, 0xfa, 0x0c, 0x68, 0x0c, 
    0x09, 0x0b, 0x3f, 0x0b, 0x79, 0x09, 0xa3, 0x05, 0xc2, 0x03, 0x4f, 0x02, 0xde, 0x00, 0x15, 0xfe, 
    0x7b, 0xfa, 0xb7, 0xf8, 0xb6, 0xf6, 0xe3, 0xf3, 0x83, 0xf0, 0xce, 0xed, 0x88, 0xec, 0x36, 0xea, 
    0xeb, 0xe7, 0x6d, 0xe5, 0xa8, 0xe3, 0x5d, 0xe5, 0xe8, 0xe5, 0x57, 0xe3, 0xd7, 0xdf, 0xb4, 0xdd, 
    0x3d, 0xdc, 0x68, 0xd8, 0xae, 0xda, 0x73, 0xe5, 0xc1, 0xee, 0xb3, 0xf2, 0xd4, 0xef, 0xca, 0xef, 
    0x06, 0xfc, 0x8e, 0x0a, 0xc2, 0x12, 0xb3, 0x13, 0xed, 0x12, 0x78, 0x17, 0xe7, 0x1d, 0xf6, 0x21, 
    0xd8, 0x21, 0x51, 0x20, 0x52, 0x21, 0x46, 0x1f, 0x0c, 0x19, 0x09, 0x15, 0xc2, 0x14, 0x1a, 0x15, 
    0xef, 0x11, 0x0b, 0x0b, 0x8f, 0x04, 0x4b, 0x03, 0x12, 0x06, 0x0a, 0x06, 0x08, 0x02, 0xdd, 0xfc, 
    0xaa, 0xf9, 0x21, 0xfb, 0xbc, 0xfd, 0xa9, 0xfe, 0xe9, 0xfe, 0xd0, 0xfd, 0x20, 0xfd, 0xad, 0xfe, 
    0x3f, 0x01, 0xef, 0x03, 0x2d, 0x05, 0xe4, 0x05, 0xad, 0x07, 0xf7, 0x08, 0x7f, 0x0a, 0x2d, 0x0c, 
    0x8a, 0x0d, 0xb2, 0x0f, 0xa5, 0x0f, 0x93, 0x0d, 0x5f, 0x0c, 0x77, 0x0b, 0x2b, 0x0b, 0x9d, 0x09, 
    0x18, 0x06, 0x01, 0x03, 0x26, 0x00, 0xec, 0xfd, 0x4f, 0xfb, 0x26, 0xf7, 0xa5, 0xf3, 0x40, 0xf1, 
    0x41, 0xef, 0x68, 0xec, 0xb2, 0xe8, 0x21, 0xe6, 0x2b, 0xe4, 0xbb, 0xe2, 0xfa, 0xe2, 0xed, 0xe2, 
    0xdd, 0xe0, 0x8c, 0xde, 0xeb, 0xdb, 0x12, 0xd8, 0x66, 0xd6, 0x30, 0xd9, 0x22, 0xe1, 0xe8, 0xea, 
    0x40, 0xee, 0xfa, 0xed, 0x62, 0xf2, 0x68, 0xfc, 0xf9, 0x07, 0x4a, 0x0e, 0x4f, 0x11, 0x06, 0x15, 
    0x64, 0x18, 0x24, 0x1e, 0x0d, 0x22, 0xca, 0x21, 0x6f, 0x22, 0x7a, 0x21, 0x10, 0x1f, 0x89, 0x1c, 
    0xee, 0x19, 0xf8, 0x18, 0xbe, 0x15, 0x1b, 0x11, 0xcc, 0x0c, 0x99, 0x08, 0x99, 0x07, 0x85, 0x06, 
    0x06, 0x04, 0xf0, 0x00, 0x61, 0xfd, 0xc8, 0xfb, 0xea, 0xf9, 0xb9, 0xf9, 0x2f, 0xfb, 0xca, 0xfa, 
    0x72, 0xfb, 0xb8, 0xfb, 0x63, 0xfc, 0x9c, 0xfe, 0x7e, 0x00, 0xbf, 0x03, 0x3b, 0x05, 0x6f, 0x06, 
    0x74, 0x09, 0x4f, 0x0b, 0xe6, 0x0d, 0x7b, 0x0f, 0x62, 0x10, 0x80, 0x11, 0xe7, 0x10, 0xb7, 0x10, 
    0x83, 0x0f, 0x91, 0x0d, 0x80, 0x0a, 0x2f, 0x07, 0xa3, 0x07, 0xe4, 0x05, 0xe2, 0x00, 0xf1, 0xfa, 
    0x44, 0xf5, 0xf8, 0xf3, 0x1b, 0xf2, 0xc2, 0xee, 0x54, 0xea, 0x55, 0xe4, 0xb4, 0xe2, 0xaa, 0xe1, 
    0x7d, 0xe0, 0xc0, 0xe0, 0xef, 0xde, 0xd9, 0xdd, 0xe9, 0xdb, 0xee, 0xd9, 0x4a, 0xd9, 0xc7, 0xd5, 
    0x9d, 0xd5, 0x49, 0xde, 0x90, 0xea, 0xde, 0xef, 0x80, 0xed, 0x8c, 0xf0, 0x20, 0xfb, 0x07, 0x07, 
    0x17, 0x10, 0xf0, 0x13, 0x46, 0x16, 0xc3, 0x19, 0xa5, 0x1e, 0xcc, 0x22, 0x4b, 0x24, 0xe1, 0x24, 
    0x27, 0x23, 0xc8, 0x1f, 0x3a, 0x1d, 0x43, 0x1a, 0x3a, 0x18, 0x8c, 0x17, 0x59, 0x14, 0x67, 0x0e, 
    0x30, 0x09, 0x07, 0x06, 0x58, 0x05, 0x42, 0x05, 0x7e, 0x02, 0xc7, 0xfd, 0x45, 0xf8, 0x8b, 0xf5, 
    0x54, 0xf7, 0x0f, 0xf9, 0x12, 0xfa, 0x89, 0xf9, 0x8c, 0xf8, 0x6b, 0xfa, 0xb0, 0xfc, 0x41, 0x00, 
    0xc9, 0x03, 0x49, 0x05, 0xd8, 0x08, 0xdd, 0x0b, 0x06, 0x0c, 0x4a, 0x0c, 0x5b, 0x0f, 0xa8, 0x14, 
    0x94, 0x16, 0xf5, 0x13, 0x79, 0x0f, 0x7f, 0x0d, 0x60, 0x0f, 0x34, 0x0f, 0xff, 0x0b, 0xfc, 0x06, 
    0x57, 0x02, 0x91, 0xff, 0xeb, 0xfb, 0x42, 0xf9, 0xef, 0xf5, 0xe5, 0xf0, 0x7f, 0xec, 0x17, 0xe7, 
    0x02, 0xe5, 0x24, 0xe5, 0x49, 0xe2, 0xb6, 0xde, 0xc0, 0xdb, 0xac, 0xdb, 0x2d, 0xdc, 0x59, 0xdb, 
    0xd6, 0xda, 0x14, 0xd7, 0xf2, 0xd1, 0x07, 0xd2, 0xec, 0xdc, 0x42, 0xeb, 0xce, 0xee, 0xab, 0xec, 
    0xe5, 0xed, 0xc0, 0xf6, 0x23, 0x04, 0x6c, 0x0d, 0x8e, 0x13, 0xf0, 0x14, 0x9b, 0x16, 0x8f, 0x1c, 
    0xe0, 0x1f, 0xd7, 0x23, 0xdf, 0x25, 0xca, 0x23, 0x2f, 0x21, 0xe7, 0x1c, 0x3b, 0x1c, 0x09, 0x1c, 
    0x21, 0x1a, 0x56, 0x17, 0x5f, 0x0f, 0x63, 0x0a, 0xc0, 0x08, 0xf9, 0x07, 0x40, 0x07, 0xc2, 0x01, 
    0xd9, 0xfd, 0x22, 0xfa, 0x44, 0xf7, 0x9c, 0xf8, 0x33, 0xf9, 0xfb, 0xfa, 0x7a, 0xf9, 0x8b, 0xf6, 
    0x4c, 0xf8, 0x92, 0xfb, 0xd5, 0x01, 0x03, 0x05, 0x56, 0x04, 0x0d, 0x05, 0xeb, 0x06, 0x96, 0x0c, 
    0x5e, 0x10, 0x12, 0x12, 0x7c, 0x13, 0xba, 0x12, 0xf5, 0x13, 0x24, 0x13, 0x08, 0x13, 0xa9, 0x13, 
    0xd6, 0x0f, 0xb5, 0x0c, 0xb0, 0x08, 0x94, 0x06, 0x93, 0x04, 0xe6, 0xfd, 0x7a, 0xf9, 0x55, 0xf5, 
    0xdc, 0xf1, 0x08, 0xef, 0xa4, 0xe9, 0xab, 0xe6, 0x14, 0xe4, 0x1b, 0xe1, 0x20, 0xde, 0x54, 0xdb, 
    0x54, 0xdc, 0x2a, 0xdc, 0x64, 0xd9, 0x9e, 0xd5, 0x8f, 0xd2, 0x81, 0xd1, 0x7c, 0xd3, 0x58, 0xdd, 
    0xf1, 0xe5, 0xaa, 0xe7, 0xe2, 0xe8, 0x5f, 0xed, 0xc3, 0xf7, 0x4a, 0x02, 0x74, 0x0a, 0x64, 0x10, 
    0x66, 0x12, 0x56, 0x16, 0x8f, 0x1b, 0xbe, 0x20, 0x4e, 0x25, 0xa3, 0x24, 0x87, 0x22, 0xa7, 0x20, 
    0x95, 0x1f, 0xa9, 0x1f, 0x14, 0x1f, 0xb2, 0x1d, 0x92, 0x17, 0xb7, 0x10, 0x73, 0x0d, 0x16, 0x0d, 
    0xda, 0x0d, 0x60, 0x09, 0xfc, 0x01, 0x86, 0xfc, 0x12, 0xfa, 0x04, 0xfb, 0x3f, 0xfb, 0xd5, 0xf9, 
    0x23, 0xf7, 0x95, 0xf4, 0xf0, 0xf5, 0x82, 0xf8, 0xfc, 0xfb, 0x7e, 0xff, 0x79, 0x00, 0x9c, 0x00, 
    0xe6, 0x01, 0xcd, 0x06, 0xe5, 0x0b, 0x14, 0x0e, 0x91, 0x0e, 0xa2, 0x0f, 0x53, 0x13, 0x8a, 0x15, 
    0x5d, 0x14, 0x06, 0x13, 0xf7, 0x11, 0x31, 0x11, 0x0f, 0x0f, 0x21, 0x0b, 0x50, 0x08, 0xe1, 0x05, 
    0x48, 0x02, 0x90, 0xfc, 0xc7, 0xf6, 0x1e, 0xf4, 0x14, 0xf2, 0x37, 0xee, 0x74, 0xe8, 0x8b, 0xe2, 
    0xd3, 0xde, 0xa1, 0xdd, 0x7e, 0xdd, 0x26, 0xdc, 0x98, 0xd8, 0xdd, 0xd4, 0x06, 0xd2, 0x69, 0xcf, 
    0xe9, 0xce, 0xb6, 0xd4, 0xaa, 0xdf, 0x9f, 0xe4, 0x48, 0xe2, 0x2e, 0xe4, 0x28, 0xef, 0x0e, 0xfd, 
    0xf7, 0x04, 0x13, 0x08, 0x6f, 0x0c, 0xd2, 0x11, 0xb7, 0x18, 0x2f, 0x1f, 0xe9, 0x22, 0x98, 0x25, 
    0xf0, 0x24, 0x50, 0x23, 0x22, 0x23, 0xac, 0x23, 0x01, 0x00, 0x80, 0x07, 0x5c, 0x25, 0xd7, 0x22, 
    0x1c, 0x1c, 0x47, 0x16, 0x9d, 0x13, 0x07, 0x14, 0x6c, 0x11, 0x36, 0x0b, 0x97, 0x05, 0x70, 0x00, 
    0x9a, 0xfd, 0x63, 0xfc, 0xfd, 0xfa, 0x1b, 0xf9, 0x95, 0xf6, 0xc7, 0xf4, 0x35, 0xf4, 0x2c, 0xf6, 
    0xa0, 0xf9, 0xf5, 0xfb, 0x32, 0xfc, 0x05, 0xfc, 0x80, 0xfe, 0xc3, 0x03, 0x8a, 0x09, 0x65, 0x0c, 
    0xa3, 0x0b, 0xb0, 0x0c, 0xc0, 0x10, 0x34, 0x15, 0x3f, 0x17, 0xd5, 0x14, 0xf7, 0x12, 0xe1, 0x12, 
    0x12, 0x12, 0xd4, 0x0f, 0x92, 0x0c, 0x47, 0x0a, 0xeb, 0x06, 0xa3, 0x00, 0xc5, 0xfa, 0xd9, 0xf7, 
    0x8e, 0xf5, 0x52, 0xf1, 0xd7, 0xea, 0x8d, 0xe4, 0x54, 0xe1, 0x6d, 0xdf, 0xe2, 0xdc, 0x6b, 0xda, 
    0xda, 0xd7, 0x0c, 0xd6, 0xa2, 0xd4, 0xef, 0xd0, 0x18, 0xce, 0x81, 0xcf, 0x12, 0xd8, 0x02, 0xe2, 
    0xcb, 0xe3, 0xcd, 0xe3, 0x0b, 0xe9, 0x0e, 0xf4, 0x66, 0x00, 0x4a, 0x07, 0xd4, 0x09, 0x85, 0x0d, 
    0xed, 0x13, 0xfa, 0x1b, 0x91, 0x21, 0x60, 0x23, 0x54, 0x23, 0x4b, 0x23, 0xe7, 0x24, 0x34, 0x25, 
    0xf4, 0x23, 0xe1, 0x22, 0x73, 0x20, 0x0d, 0x1b, 0x99, 0x16, 0x2b, 0x15, 0x85, 0x13, 0x40, 0x10, 
    0xd4, 0x09, 0xf9, 0x02, 0xaa, 0xff, 0x8c, 0xfe, 0xe6, 0xfc, 0xaf, 0xf9, 0x57, 0xf6, 0xf1, 0xf4, 
    0x66, 0xf4, 0x82, 0xf4, 0xa6, 0xf6, 0x32, 0xf9, 0xf8, 0xfa, 0x3b, 0xfb, 0x6c, 0xfc, 0xa1, 0x00, 
    0x14, 0x05, 0x39, 0x08, 0x38, 0x0b, 0xaf, 0x0d, 0x92, 0x0f, 0xc0, 0x11, 0x92, 0x12, 0xf6, 0x13, 
    0x38, 0x15, 0x18, 0x14, 0xc9, 0x12, 0x16, 0x10, 0x80, 0x0c, 0x40, 0x0a, 0xb9, 0x07, 0xd1, 0x03, 
    0xbd, 0xfe, 0xa3, 0xf9, 0x72, 0xf5, 0x9f, 0xf0, 0x95, 0xec, 0x8d, 0xe8, 0xec, 0xe2, 0x99, 0xdf, 
    0x11, 0xde, 0x1f, 0xdb, 0xa9, 0xd7, 0x19, 0xd6, 0xaa, 0xd4, 0x6f, 0xd2, 0x7a, 0xcf, 0x90, 0xce, 
    0x38, 0xd6, 0xb5, 0xe0, 0xc9, 0xe4, 0xf7, 0xe3, 0x21, 0xe6, 0x77, 0xf1, 0x4d, 0xfe, 0xf2, 0x04, 
    0xb5, 0x08, 0xf1, 0x0a, 0x3c, 0x10, 0x58, 0x19, 0x81, 0x1f, 0x10, 0x23, 0x40, 0x23, 0x2b, 0x22, 
    0x70, 0x23, 0xe7, 0x24, 0x79, 0x26, 0x04, 0x25, 0xcc, 0x20, 0xe2, 0x1d, 0x40, 0x1b, 0xd0, 0x17, 
    0x67, 0x15, 0xd1, 0x12, 0x9b, 0x0d, 0x5d, 0x07, 0x79, 0x02, 0xf3, 0xff, 0x53, 0xff, 0x9d, 0xfd, 
    0x2d, 0xf9, 0x5f, 0xf5, 0x24, 0xf4, 0xd7, 0xf5, 0x34, 0xf7, 0xc9, 0xf7, 0x0f, 0xf9, 0xf9, 0xf8, 
    0x64, 0xfa, 0xa5, 0xfd, 0x8c, 0x01, 0x29, 0x06, 0x18, 0x09, 0x66, 0x0a, 0xf6, 0x0b, 0x90, 0x0e, 
    0x50, 0x12, 0x89, 0x14, 0xa0, 0x13, 0x30, 0x12, 0x44, 0x11, 0xbd, 0x10, 0xe4, 0x0e, 0x2e, 0x0b, 
    0x78, 0x06, 0xb9, 0x02, 0xc4, 0x00, 0x61, 0xfd, 0x89, 0xf7, 0xef, 0xf0, 0x48, 0xec, 0xce, 0xe8, 
    0x2f, 0xe5, 0x52, 0xe1, 0xab, 0xde, 0x0e, 0xdd, 0x79, 0xd9, 0x6e, 0xd5, 0x8e, 0xd3, 0x1d, 0xd3, 
    0x07, 0xd2, 0x4e, 0xd2, 0x0b, 0xd6, 0xd4, 0xdb, 0x21, 0xe1, 0x67, 0xe4, 0xfb, 0xe6, 0x77, 0xee, 
    0x01, 0xf9, 0xef, 0xfe, 0xcf, 0x02, 0x2f, 0x08, 0xa4, 0x0e, 0x94, 0x14, 0x16, 0x19, 0x1b, 0x1c, 
    0x1b, 0x1f, 0x52, 0x22, 0x96, 0x22, 0x62, 0x21, 0x2b, 0x23, 0x9f, 0x24, 0x73, 0x21, 0xf6, 0x1e, 
    0x55, 0x1e, 0x08, 0x1c, 0x93, 0x18, 0x5d, 0x14, 0x63, 0x0f, 0x46, 0x0c, 0xc4, 0x0a, 0xb9, 0x06, 
    0x67, 0x01, 0x2f, 0xfe, 0xd2, 0xfc, 0x13, 0xfc, 0xe6, 0xfa, 0xe6, 0xf8, 0x5e, 0xf7, 0xd2, 0xf7, 
    0x53, 0xf9, 0x08, 0xfb, 0x54, 0xfd, 0x87, 0xfe, 0x6a, 0xfe, 0x69, 0x00, 0x7b, 0x05, 0x50, 0x0a, 
    0x0a, 0x0c, 0x9d, 0x0b, 0x04, 0x0c, 0xd3, 0x0e, 0xa2, 0x11, 0xb9, 0x11, 0xf9, 0x0f, 0x36, 0x0d, 
    0xca, 0x0a, 0x2b, 0x09, 0x68, 0x07, 0x5d, 0x05, 0x24, 0x02, 0xf0, 0xfc, 0x2b, 0xf6, 0xae, 0xf0, 
    0xe9, 0xee, 0xcf, 0xed, 0xc7, 0xe9, 0x3b, 0xe3, 0xde, 0xdd, 0xd2, 0xdb, 0xae, 0xda, 0x8b, 0xd9, 
    0xda, 0xd6, 0x16, 0xd2, 0xdb, 0xce, 0x74, 0xd2, 0x1b, 0xdb, 0xa1, 0xdf, 0x8e, 0xde, 0x33, 0xde, 
    0xc8, 0xe3, 0x99, 0xef, 0xef, 0xf9, 0x4a, 0xfb, 0xd6, 0xfb, 0x2b, 0x02, 0x6f, 0x0b, 0xab, 0x13, 
    0xdc, 0x16, 0x38, 0x17, 0x10, 0x19, 0xe7, 0x1d, 0xa0, 0x22, 0xc6, 0x24, 0x48, 0x25, 0x08, 0x23, 
    0x6a, 0x1f, 0xa5, 0x20, 0xbe, 0x24, 0x24, 0x23, 0x4d, 0x1b, 0x34, 0x15, 0xec, 0x13, 0x95, 0x13, 
    0x79, 0x11, 0xca, 0x0b, 0xe5, 0x05, 0x9d, 0x02, 0xb9, 0x00, 0xc0, 0xff, 0x66, 0xfe, 0xf1, 0xfc, 
    0x8c, 0xfa, 0x6d, 0xf8, 0x70, 0xf9, 0xb3, 0xfb, 0x24, 0xfc, 0x7a, 0xfb, 0x93, 0xfc, 0x64, 0xff, 
    0xb2, 0x02, 0x75, 0x04, 0xeb, 0x04, 0xc6, 0x06, 0xee, 0x09, 0xf8, 0x0a, 0x26, 0x0a, 0x27, 0x0a, 
    0x58, 0x0b, 0xff, 0x0b, 0x48, 0x09, 0x1a, 0x06, 0x3d, 0x04, 0x3a, 0x02, 0x92, 0x00, 0x68, 0xfd, 
    0x00, 0xf8, 0xd1, 0xf2, 0xfd, 0xee, 0x1b, 0xee, 0xc3, 0xec, 0xdf, 0xe7, 0x60, 0xe2, 0x2e, 0xde, 
    0x68, 0xdd, 0x02, 0xdd, 0x38, 0xd9, 0xf4, 0xd4, 0xc8, 0xd4, 0xeb, 0xd8, 0x80, 0xdd, 0xa6, 0xdf, 
    0x84, 0xdf, 0x02, 0xe1, 0x68, 0xe7, 0xdf, 0xef, 0xce, 0xf4, 0x43, 0xf6, 0xf6, 0xf9, 0xc8, 0x00, 
    0x49, 0x07, 0xb6, 0x0c, 0xe5, 0x0e, 0x41, 0x10, 0xd9, 0x14, 0xaa, 0x19, 0x9f, 0x1c, 0x8e, 0x1d, 
    0xba, 0x1e, 0x42, 0x20, 0x57, 0x20, 0xf7, 0x20, 0x98, 0x20, 0xac, 0x1e, 0x23, 0x1d, 0x2b, 0x1b, 
    0x43, 0x19, 0xcb, 0x16, 0xf3, 0x12, 0xbb, 0x0f, 0xd9, 0x0c, 0x31, 0x0a, 0xef, 0x07, 0x1b, 0x06, 
    0x29, 0x04, 0x63, 0x01, 0xb0, 0xff, 0x40, 0xfe, 0x6d, 0xfe, 0x70, 0xff, 0x1e, 0xff, 0x91, 0xfe, 
    0xad, 0xfd, 0x0a, 0xff, 0x10, 0x02, 0x66, 0x04, 0xd3, 0x04, 0x0c, 0x03, 0x83, 0x03, 0x3b, 0x06, 
    0x08, 0x08, 0xa6, 0x08, 0xf0, 0x06, 0xe7, 0x04, 0x8d, 0x04, 0x66, 0x04, 0xd8, 0x03, 0x9a, 0x00, 
    0x02, 0xfd, 0xdc, 0xfa, 0xb4, 0xf7, 0x69, 0xf5, 0x06, 0xf4, 0xdc, 0xf2, 0xca, 0xef, 0x80, 0xea, 
    0xd9, 0xe6, 0x50, 0xe6, 0xa5, 0xe6, 0xfc, 0xe2, 0x2e, 0xdd, 0x8f, 0xdc, 0xb8, 0xe1, 0x29, 0xe5, 
    0xa5, 0xe2, 0xbf, 0xdf, 0x6f, 0xe2, 0x57, 0xe8, 0x1e, 0xee, 0xab, 0xf0, 0xa1, 0xf0, 0x6e, 0xf3, 
    0x44, 0xf8, 0xed, 0xfd, 0xae, 0x01, 0x26, 0x03, 0x68, 0x06, 0x97, 0x0a, 0xfd, 0x0c, 0x60, 0x0e, 
    0xf6, 0x10, 0x0c, 0x14, 0x19, 0x17, 0x4c, 0x17, 0xd3, 0x16, 0x5a, 0x18, 0x28, 0x1a, 0xd1, 0x1a, 
    0x1e, 0x18, 0xeb, 0x15, 0x41, 0x16, 0x76, 0x16, 0x69, 0x14, 0xd8, 0x10, 0x35, 0x0e, 0xe4, 0x0c, 
    0x59, 0x0c, 0x98, 0x0a, 0x05, 0x07, 0x56, 0x05, 0x53, 0x05, 0xe4, 0x04, 0xc1, 0x03, 0xe9, 0x01, 
    0x2e, 0x01, 0x10, 0x01, 0x76, 0x02, 0xd8, 0x03, 0x5a, 0x03, 0x58, 0x02, 0x86, 0x01, 0xe2, 0x02, 
    0xe4, 0x04, 0xdb, 0x04, 0xf1, 0x02, 0x5e, 0x02, 0x27, 0x04, 0x36, 0x04, 0x89, 0x02, 0x00, 0x01, 
    0x15, 0x00, 0x0d, 0xff, 0x6a, 0xfc, 0xd6, 0xfa, 0x1f, 0xfa, 0x6b, 0xf8, 0x3c, 0xf7, 0x78, 0xf6, 
    0xfe, 0xf2, 0x03, 0xee, 0x04, 0xed, 0x3b, 0xee, 0x98, 0xee, 0x9f, 0xec, 0x7c, 0xe7, 0xf6, 0xe4, 
    0x7d, 0xe9, 0x0f, 0xee, 0xb8, 0xed, 0x3d, 0xeb, 0x4f, 0xea, 0x02, 0xee, 0xd7, 0xf0, 0x10, 0xf2, 
    0xae, 0xf3, 0x88, 0xf4, 0x0a, 0xf8, 0xf9, 0xfa, 0xbb, 0xfb, 0x40, 0xfd, 0xe3, 0xfe, 0x92, 0x01, 
    0xe0, 0x04, 0x49, 0x07, 0x08, 0x08, 0xfd, 0x07, 0xd6, 0x0a, 0x9c, 0x0e, 0x04, 0x10, 0xa7, 0x0e, 
    0x72, 0x0d, 0x91, 0x0f, 0xfd, 0x11, 0xaf, 0x12, 0xc0, 0x0f, 0x2e, 0x0d, 0x71, 0x0d, 0xeb, 0x0d, 
    0xbf, 0x0e, 0xa1, 0x0c, 0x1e, 0x0a, 0xe7, 0x09, 0x92, 0x09, 0x12, 0x09, 0x8d, 0x08, 0x85, 0x07, 
    0xb1, 0x06, 0x72, 0x06, 0x63, 0x06, 0xd5, 0x06, 0xd1, 0x06, 0xa6, 0x05, 0xeb, 0x04, 0xfc, 0x05, 
    0xce, 0x06, 0x08, 0x05, 0x1e, 0x03, 0xc1, 0x03, 0x2f, 0x05, 0xbf, 0x04, 0x4f, 0x03, 0xe7, 0x01, 
    0xdd, 0xff, 0xb5, 0x01, 0xf3, 0x02, 0xdf, 0xfe, 0xe2, 0xfb, 0x40, 0xfc, 0x3f, 0xff, 0xe5, 0xfd, 
    0x10, 0xf8, 0xc1, 0xf4, 0x72, 0xf4, 0x5f, 0xf6, 0x23, 0xf4, 0xce, 0xf0, 0x5b, 0xf4, 0x8f, 0xf3, 
    0xb8, 0xef, 0xd7, 0xee, 0xbe, 0xee, 0x98, 0xf3, 0x1d, 0xf6, 0xf2, 0xf0, 0x2b, 0xed, 0xa7, 0xf0, 
    0xcd, 0xf4, 0xe3, 0xf5, 0x27, 0xf6, 0xaf, 0xf4, 0x0c, 0xf5, 0x50, 0xf8, 0x74, 0xf9, 0x28, 0xfa, 
    0xac, 0xfb, 0x3a, 0xfb, 0x6f, 0xfb, 0xe6, 0xfd, 0x7e, 0x00, 0xcc, 0x01, 0x95, 0x01, 0x76, 0x01, 
    0xe1, 0x01, 0x25, 0x04, 0xdd, 0x05, 0xc7, 0x04, 0x5c, 0x05, 0x69, 0x06, 0x2b, 0x07, 0x8f, 0x08, 
    0xdc, 0x07, 0x07, 0x07, 0xcf, 0x08, 0xe4, 0x09, 0xb4, 0x09, 0xfe, 0x08, 0xa3, 0x07, 0xdf, 0x08, 
    0x96, 0x0b, 0x9a, 0x0c, 0xc6, 0x0a, 0x35, 0x08, 0x06, 0x08, 0x8f, 0x0a, 0x96, 0x0c, 0x2e, 0x0b, 
    0xa7, 0x09, 0x74, 0x09, 0x11, 0x08, 0x37, 0x08, 0x32, 0x08, 0x41, 0x06, 0x6a, 0x07, 0x11, 0x06, 
    0xc5, 0x04, 0x5e, 0x05, 0x5e, 0x01, 0x8f, 0xff, 0x55, 0x01, 0xf2, 0x02, 0xf0, 0x00, 0xb7, 0xfa, 
    0xd1, 0xfa, 0xae, 0xfe, 0xfd, 0xfd, 0x8b, 0xfb, 0xbb, 0xf8, 0x12, 0xf9, 0x44, 0xfa, 0x4b, 0xfa, 
    0x88, 0xf9, 0x36, 0xf8, 0x99, 0xf8, 0x4a, 0xf8, 0xfc, 0xf5, 0x76, 0xf6, 0x24, 0xf9, 0xe9, 0xf9, 
    0x67, 0xf9, 0x01, 0xf7, 0x3b, 0xf5, 0x8f, 0xf7, 0x8a, 0xfb, 0x0e, 0xfa, 0x0b, 0xf8, 0x1b, 0xf8, 
    0xf9, 0xf7, 0x5f, 0xf9, 0x47, 0xfb, 0xc5, 0xfa, 0x1e, 0xf8, 0xe6, 0xf8, 0xa5, 0xf9, 0x92, 0xfa, 
    0xd0, 0xfc, 0xa0, 0xfa, 0x02, 0xf9, 0x2b, 0xfc, 0xf2, 0xfd, 0xb9, 0xfe, 0xb3, 0xfe, 0x86, 0xfd, 
    0x56, 0xfe, 0x7c, 0x01, 0x44, 0x04, 0xf3, 0x02, 0xdb, 0x02, 0xad, 0x04, 0xe5, 0x05, 0x55, 0x08, 
    0xf1, 0x07, 0x93, 0x06, 0x1c, 0x09, 0x0e, 0x0b, 0x55, 0x0a, 0xbc, 0x09, 0x53, 0x09, 0x0e, 0x0a, 
    0x14, 0x0b, 0x30, 0x0a, 0x8c, 0x08, 0xe8, 0x07, 0x6c, 0x08, 0x2a, 0x08, 0xf7, 0x06, 0x9e, 0x05, 
    0xe1, 0x03, 0xb6, 0x03, 0x1f, 0x03, 0xe9, 0x00, 0x1f, 0x01, 0x75, 0x01, 0x0a, 0x00, 0x89, 0xfe, 
    0x93, 0xfc, 0x8d, 0xfa, 0xde, 0xfc, 0x1d, 0x00, 0x35, 0xfe, 0xe9, 0xfa, 0x8f, 0xf9, 0xc9, 0xfc, 
    0xc4, 0xff, 0xc2, 0xfd, 0x7f, 0xfb, 0x39, 0xfc, 0xb7, 0xfe, 0x24, 0x00, 0x5b, 0xfe, 0xbf, 0xfc, 
    0x5f, 0xfe, 0x66, 0xff, 0x32, 0xfe, 0x08, 0xfd, 0xe5, 0xfd, 0x0f, 0xff, 0xf3, 0xfe, 0x38, 0xfd, 
    0x73, 0xfb, 0xb7, 0xfb, 0x02, 0xfd, 0xe5, 0xfc, 0x82, 0xfb, 0xba, 0xfa, 0xd3, 0xf9, 0x55, 0xfa, 
    0x2b, 0xfb, 0xd8, 0xfa, 0x6c, 0xfa, 0x70, 0xfa, 0x08, 0xfb, 0xd3, 0xfb, 0x60, 0xfc, 0x87, 0xfb, 
    0x15, 0xfc, 0xf5, 0xfd, 0x54, 0xff, 0x87, 0x00, 0x12, 0x00, 0x52, 0xff, 0xad, 0x00, 0x7d, 0x03, 
    0x3b, 0x04, 0x7d, 0x04, 0x5c, 0x05, 0x27, 0x04, 0x80, 0x04, 0xf7, 0x06, 0x21, 0x08, 0x20, 0x07, 
    0x3f, 0x05, 0x61, 0x05, 0x36, 0x06, 0xb4, 0x06, 0x61, 0x06, 0x0c, 0x04, 0xad, 0x03, 0xb6, 0x04, 
    0x61, 0x03, 0x78, 0x01, 0x8d, 0x01, 0xf4, 0x01, 0x24, 0x01, 0x08, 0x00, 0xde, 0xfe, 0x7e, 0xfe, 
    0xc3, 0xfe, 0x32, 0xff, 0x99, 0xfe, 0x0f, 0xfd, 0x07, 0xfd, 0xa1, 0xfd, 0x88, 0xfe, 0xc7, 0xfe, 
    0xba, 0xfd, 0xa8, 0xfd, 0xd2, 0xfd, 0xae, 0xfe, 0x8d, 0xff, 0x48, 0xff, 0x5a, 0xff, 0x8e, 0xff, 
    0xec, 0xff, 0x3a, 0x00, 0x3d, 0x00, 0x12, 0x00, 0x44, 0x00, 0xd2, 0x00, 0x89, 0x00, 0x47, 0x00, 
    0x1c, 0x00, 0xa6, 0xff, 0xaf, 0xff, 0xd0, 0xff, 0xac, 0xff, 0x60, 0xff, 0xdf, 0xfe, 0x68, 0xfe, 
    0x85, 0xfe, 0xb8, 0xfe, 0x8b, 0xfe, 0x31, 0xfe, 0xf6, 0xfd, 0x07, 0xfe, 0x30, 0xfe, 0x5c, 0xfe, 
    0x70, 0xfe, 0x8c, 0xfe, 0x91, 0xfe, 0xa3, 0xfe, 0xf5, 0xfe, 0x5d, 0xff, 0xb3, 0xff, 0xc4, 0xff, 
    0xde, 0xff, 0x17, 0x00, 0x5a, 0x00, 0x9c, 0x00, 0xc2, 0x00, 0xf4, 0x00, 0x11, 0x01, 0x0b, 0x01, 
    0xfe, 0x00, 0x14, 0x01, 0x5c, 0x01, 0x7a, 0x01, 0x6b, 0x01, 0x3b, 0x01, 0x13, 0x01, 0x2f, 0x01, 
    0x52, 0x01, 0x3d, 0x01, 0x1c, 0x01, 0xf4, 0x00, 0xcf, 0x00, 0xdc, 0x00, 0xd0, 0x00, 0xb5, 0x00, 
    0x9c, 0x00, 0x7a, 0x00, 0x5f, 0x00, 0x5b, 0x00, 0x5a, 0x00, 0x3c, 0x00, 0x27, 0x00, 0x0e, 0x00, 
    0xed, 0xff, 0xdd, 0xff, 0xee, 0xff, 0xdf, 0xff, 0xbf, 0xff, 0xbc, 0xff, 0xb4, 0xff, 0xb1, 0xff, 
    0xa7, 0xff, 0x9b, 0xff, 0x86, 0xff, 0x7c, 0xff, 0x7f, 0xff, 0x86, 0xff, 0x7c, 0xff, 0x67, 0xff, 
    0x73, 0xff, 0x6d, 0xff, 0x65, 0xff, 0x6c, 0xff, 0x6e, 0xff, 0x72, 0xff, 0x79, 0xff, 0x79, 0xff, 
    0x79, 0xff, 0x87, 0xff, 0x95, 0xff, 0xa3, 0xff, 0xa1, 0xff, 0xa2, 0xff, 0xb6, 0xff, 0xbf, 0xff, 
    0xc7, 0xff, 0xd9, 0xff, 0xe6, 0xff, 0xec, 0xff, 0xfc, 0xff, 0x0b, 0x00, 0x13, 0x00, 0x24, 0x00, 
    0x2d, 0x00, 0x30, 0x00, 0x39, 0x00, 0x44, 0x00, 0x4c, 0x00, 0x52, 0x00, 0x57, 0x00, 0x58, 0x00, 
    0x57, 0x00, 0x5e, 0x00, 0x6b, 0x00, 0x62, 0x00, 0x5a, 0x00, 0x63, 0x00, 0x5e, 0x00, 0x5f, 0x00, 
    0x5a, 0x00, 0x50, 0x00, 0x53, 0x00, 0x45, 0x00, 0x48, 0x00, 0x50, 0x00, 0x36, 0x00, 0x32, 0x00, 
    0x35, 0x00, 0x2c, 0x00, 0x2d, 0x00, 0x2b, 0x00, 0x28, 0x00, 0x22, 0x00, 0x18, 0x00, 0x15, 0x00, 
    0x11, 0x00, 0x0c, 0x00, 0x0b, 0x00, 0x01, 0x00, 0x01, 0x00, 0xff, 0xff, 0xf7, 0xff, 0xf2, 0xff, 
    0xe1, 0xff, 0xdf, 0xff, 0xdd, 0xff, 0xd4, 0xff, 0xd4, 0xff, 0xcb, 0xff, 0xc2, 0xff, 0xbc, 0xff, 
    0xc6, 0xff, 0xc1, 0xff, 0xbc, 0xff, 0xb7, 0xff, 0xb0, 0xff, 0xb8, 0xff, 0xa5, 0xff, 0x9b, 0xff, 
    0xa0, 0xff, 0xd4, 0xff, 0xcf, 0xff, 0x97, 0xff, 0x76, 0xff, 0xae, 0xff, 0x01, 0x00, 0x80, 0x07, 
    0x2e, 0x00, 0xe7, 0xff, 0xb6, 0xff, 0xc1, 0xff, 0xcf, 0xff, 0x0f, 0x00, 0xf4, 0xff, 0xf9, 0xff, 
    0x07, 0x00, 0x11, 0x00, 0x38, 0x00, 0x2f, 0x00, 0x2c, 0x00, 0x37, 0x00, 0x2f, 0x00, 0x3f, 0x00, 
    0x45, 0x00, 0x4e, 0x00, 0x55, 0x00, 0x41, 0x00, 0x53, 0x00, 0x5c, 0x00, 0x4f, 0x00, 0x57, 0x00, 
    0x4f, 0x00, 0x4e, 0x00, 0x53, 0x00, 0x46, 0x00, 0x43, 0x00, 0x3d, 0x00, 0x3a, 0x00, 0x38, 0x00, 
    0x2a, 0x00, 0x25, 0x00, 0x22, 0x00, 0x1b, 0x00, 0x18, 0x00, 0x07, 0x00, 0xfe, 0xff, 0x04, 0x00, 
    0x05, 0x00, 0xff, 0xff, 0xea, 0xff, 0xe7, 0xff, 0xf1, 0xff, 0xf2, 0xff, 0xe9, 0xff, 0xdc, 0xff, 
    0xde, 0xff, 0xe2, 0xff, 0xd6, 0xff, 0xcd, 0xff, 0xcf, 0xff, 0xc8, 0xff, 0xcc, 0xff, 0xc6, 0xff, 
    0xbe, 0xff, 0xca, 0xff, 0xd6, 0xff, 0xcd, 0xff, 0xbb, 0xff, 0xc4, 0xff, 0xc9, 0xff, 0xd1, 0xff, 
    0xd5, 0xff, 0xcc, 0xff, 0xca, 0xff, 0xd6, 0xff, 0xdf, 0xff, 0xdb, 0xff, 0xe1, 0xff, 0xe0, 0xff, 
    0xea, 0xff, 0xf3, 0xff, 0xf1, 0xff, 0xfd, 0xff, 0xfa, 0xff, 0xfd, 0xff, 0x03, 0x00, 0x05, 0x00, 
    0x10, 0x00, 0x0c, 0x00, 0x14, 0x00, 0x20, 0x00, 0x26, 0x00, 0x23, 0x00, 0x23, 0x00, 0x2b, 0x00, 
    0x37, 0x00, 0x41, 0x00, 0x3b, 0x00, 0x3c, 0x00, 0x3c, 0x00, 0x4c, 0x00, 0x58, 0x00, 0x49, 0x00, 
    0x55, 0x00, 0x4e, 0x00, 0x40, 0x00, 0x42, 0x00, 0x36, 0x00, 0x40, 0x00, 0x43, 0x00, 0x3a, 0x00, 
    0x40, 0x00, 0x2d, 0x00, 0x24, 0x00, 0x28, 0x00, 0x1b, 0x00, 0x17, 0x00, 0x0f, 0x00, 0x11, 0x00, 
    0x0b, 0x00, 0x01, 0x00, 0xfe, 0xff, 0xf2, 0xff, 0xfe, 0xff, 0xfc, 0xff, 0xee, 0xff, 0xec, 0xff, 
    0xe2, 0xff, 0xe7, 0xff, 0xeb, 0xff, 0xe3, 0xff, 0xe0, 0xff, 0xe3, 0xff, 0xe2, 0xff, 0xd6, 0xff, 
    0xd9, 0xff, 0xdd, 0xff, 0xcd, 0xff, 0xd6, 0xff, 0xde, 0xff, 0xd5, 0xff, 0xd9, 0xff, 0xc6, 0xff, 
    0xc2, 0xff, 0xdb, 0xff, 0xe9, 0xff, 0xeb, 0xff, 0xd8, 0xff, 0xe0, 0xff, 0xe8, 0xff, 0xe9, 0xff, 
    0xfb, 0xff, 0xe6, 0xff, 0xe0, 0xff, 0xf6, 0xff, 0xf4, 0xff, 0xf4, 0xff, 0x08, 0x00, 0x01, 0x00, 
    0x01, 0x00, 0x16, 0x00, 0x06, 0x00, 0xf6, 0xff, 0xec, 0xff, 0x12, 0x00, 0x38, 0x00, 0x23, 0x00, 
    0x1b, 0x00, 0xf7, 0xff, 0xf6, 0xff, 0x2a, 0x00, 0x42, 0x00, 0x32, 0x00, 0x0e, 0x00, 0x0e, 0x00, 
    0x23, 0x00, 0x1b, 0x00, 0x16, 0x00, 0x23, 0x00, 0x04, 0x00, 0x06, 0x00, 0x1c, 0x00, 0x25, 0x00, 
    0x35, 0x00, 0x11, 0x00, 0xf8, 0xff, 0x07, 0x00, 0x0e, 0x00, 0x02, 0x00, 0x17, 0x00, 0x13, 0x00, 
    0xfb, 0xff, 0x00, 0x00, 0xfe, 0xff, 0x09, 0x00, 0x03, 0x00, 0x0b, 0x00, 0x26, 0x00, 0xf5, 0xff, 
    0xd7, 0xff, 0xde, 0xff, 0xff, 0xff, 0x42, 0x00, 0x05, 0x00, 0xad, 0xff, 0xe7, 0xfe, 0xc7, 0xff, 
    0x80, 0x01, 0x95, 0x00, 0x18, 0x00, 0x8b, 0xff, 0x1e, 0xff, 0x1c, 0x00, 0xf9, 0xff, 0xec, 0xff, 
    0xe6, 0xff, 0xe2, 0xff, 0x55, 0x00, 0x16, 0x00, 0x22, 0x00, 0x05, 0x00, 0xcd, 0xff, 0x04, 0x00, 
    0xf2, 0xff, 0xfe, 0xff, 0x1e, 0x00, 0x02, 0x00, 0x0c, 0x00, 0x0f, 0x00, 0x03, 0x00, 0x45, 0x00, 
    0x11, 0x00, 0xaa, 0xff, 0x06, 0x00, 0x78, 0x00, 0x2c, 0x00, 0xea, 0xff, 0x10, 0x00, 0xf6, 0xff, 
    0xfb, 0xff, 0xfc, 0xff, 0xad, 0xff, 0xd4, 0xff, 0x38, 0x00, 0x26, 0x00, 0x44, 0x00, 0x51, 0x00, 
    0xb6, 0xff, 0x4c, 0xff, 0x92, 0xff, 0x29, 0x00, 0xa4, 0x00, 0x52, 0x00, 0x84, 0xff, 0x7d, 0xff, 
    0xa8, 0xff, 0xfa, 0xff, 0x57, 0x00, 0x39, 0x00, 0xf7, 0xff, 0x95, 0xff, 0x9b, 0xff, 0x1e, 0x00, 
    0x36, 0x00, 0x08, 0x00, 0xd2, 0xff, 0x8f, 0xff, 0x51, 0x00, 0x7a, 0x00, 0xc0, 0xff, 0xad, 0xff, 
    0x9b, 0xff, 0x3a, 0x00, 0x73, 0x00, 0xcc, 0xff, 0x49, 0x00, 0xd0, 0x00, 0xce, 0xff, 0x3a, 0xff, 
    0xc1, 0xff, 0xcc, 0xff, 0x14, 0x00, 0x22, 0x00, 0x8d, 0xff, 0x11, 0x00, 0xe9, 0x00, 0x5f, 0x00, 
    0x2d, 0xff, 0x71, 0xff, 0x58, 0x00, 0x81, 0x00, 0x7c, 0x00, 0x83, 0xff, 0x54, 0xff, 0x73, 0x00, 
    0x71, 0x00, 0xaa, 0xff, 0x62, 0xff, 0x6a, 0x00, 0xb0, 0x01, 0x9e, 0x00, 0x6a, 0xff, 0x90, 0xff, 
    0xc0, 0xfe, 0xe3, 0xff, 0xa0, 0x00, 0x71, 0x00, 0x09, 0x01, 0x86, 0xff, 0xf1, 0xff, 0x19, 0x00, 
    0x1d, 0x00, 0xb0, 0x00, 0xe6, 0xfe, 0x86, 0xff, 0x39, 0x00, 0x59, 0x00, 0xa5, 0x00, 0x35, 0xff, 
    0x21, 0xff, 0xe5, 0x00, 0xec, 0x00, 0xed, 0xfe, 0x73, 0xff, 0x6a, 0x00, 0xa5, 0x00, 0x02, 0x00, 
    0xc1, 0xfe, 0x1d, 0xff, 0xc0, 0xff, 0x56, 0x01, 0xe4, 0x00, 0xa4, 0xff, 0xff, 0xff, 0xc3, 0xff, 
    0x40, 0xff, 0xba, 0xff, 0x01, 0x00, 0x5d, 0x00, 0xcc, 0x01, 0xed, 0xff, 0x3f, 0xfe, 0x89, 0xfe, 
    0x6c, 0x00, 0x13, 0x02, 0x34, 0x00, 0x6a, 0xff, 0x3d, 0xfe, 0xdc, 0xff, 0x24, 0x02, 0x1c, 0x00, 
    0x19, 0xff, 0xdd, 0xff, 0xb0, 0x00, 0xa9, 0xff, 0xf6, 0xff, 0xd0, 0xff, 0xe6, 0xff, 0x5f, 0x01, 
    0x44, 0x00, 0x93, 0x00, 0x83, 0xff, 0x69, 0xfe, 0xb3, 0xff, 0x57, 0x01, 0xdd, 0x02, 0x5e, 0x00, 
    0xc4, 0xfd, 0xb3, 0xfe, 0xf3, 0x01, 0xee, 0x01, 0x10, 0xfe, 0x6f, 0xfe, 0x39, 0x01, 0x58, 0x02, 
    0xaa, 0x00, 0x00, 0xfd, 0x1b, 0xfe, 0xe8, 0x02, 0xdf, 0x02, 0x35, 0xff, 0x89, 0xfd, 0x34, 0xff, 
    0xea, 0x00, 0xf0, 0x00, 0x60, 0x00, 0x27, 0xff, 0xc5, 0xff, 0x77, 0x00, 0xf2, 0xff, 0x4a, 0x00, 
    0x22, 0x00, 0xe8, 0xfe, 0xee, 0xfe, 0x9d, 0x00, 0xf2, 0x01, 0xe2, 0x01, 0xa8, 0xff, 0x8b, 0xfd, 
    0xbf, 0xfe, 0x97, 0x01, 0xac, 0x02, 0x31, 0x00, 0x85, 0xfd, 0xd4, 0xfe, 0xd9, 0x00, 0xa9, 0x01, 
    0xc2, 0x00, 0xcb, 0xfe, 0x31, 0xff, 0xfd, 0xff, 0xd0, 0x01, 0x0f, 0x02, 0x30, 0xfe, 0x90, 0xfd, 
    0x19, 0xff, 0x59, 0x01, 0xfe, 0x01, 0x93, 0xff, 0x11, 0xff, 0xeb, 0xff, 0x56, 0x00, 0x2e, 0xff, 
    0x55, 0xff, 0xa6, 0x01, 0x3d, 0x02, 0xe2, 0xfe, 0x06, 0xfd, 0x77, 0xff, 0xfd, 0x00, 0x55, 0x02, 
    0x34, 0x00, 0x1d, 0xfc, 0x70, 0xff, 0x7e, 0x02, 0x45, 0x01, 0xd1, 0xff, 0x02, 0xff, 0x0c, 0xff, 
    0xe0, 0xfe, 0x11, 0x02, 0x68, 0x00, 0xa5, 0xfd, 0x18, 0x00, 0xc4, 0xff, 0xab, 0x00, 0x29, 0x01, 
    0x08, 0xfe, 0x4b, 0xfd, 0x36, 0x02, 0x7f, 0x01, 0x55, 0xfe, 0x63, 0xff, 0xaa, 0xfe, 0xe8, 0x01, 
    0xc4, 0x00, 0x24, 0xfc, 0x9f, 0xff, 0xe1, 0x02, 0x41, 0x02, 0xf5, 0xfe, 0xd3, 0xfb, 0xc6, 0xfe, 
    0xf1, 0x02, 0xe7, 0x00, 0xc2, 0xff, 0x2b, 0xff, 0xdd, 0xfc, 0xbe, 0x00, 0x50, 0x02, 0x57, 0xff, 
    0x90, 0xff, 0x0e, 0x00, 0x65, 0xff, 0x9b, 0x01, 0x7b, 0xff, 0x04, 0xfd, 0x21, 0x02, 0xc3, 0x01, 
    0xdd, 0xff, 0xc7, 0xfc, 0x53, 0xfc, 0x40, 0x03, 0x96, 0x04, 0xfb, 0xfe, 0xd5, 0xfb, 0xa8, 0x00, 
    0x1d, 0x01, 0xc7, 0x00, 0xc7, 0x01, 0x2d, 0xfe, 0x91, 0xfc, 0x7c, 0x00, 0xb4, 0x04, 0xf2, 0x01, 
    0xb5, 0xfd, 0x20, 0xfb, 0x5b, 0xfe, 0x27, 0x06, 0x19, 0x03, 0x4f, 0xfc, 0xbf, 0xff, 0x36, 0x01, 
    0x7c, 0xfd, 0x10, 0xfd, 0x9a, 0x01, 0x88, 0x04, 0xd5, 0x01, 0xee, 0xfc, 0x2e, 0xfc, 0x86, 0x00, 
    0x9b, 0x03, 0xdc, 0x02, 0x15, 0xfc, 0xd5, 0xfc, 0xe1, 0x00, 0x79, 0x00, 0xfa, 0x03, 0x9c, 0x00, 
    0xfd, 0xfd, 0xdd, 0xfc, 0xa7, 0xfd, 0xdc, 0x03, 0x4c, 0x06, 0xd8, 0xff, 0xc3, 0xf8, 0x2b, 0xfe, 
    0x56, 0xfd, 0x5e, 0x06, 0x6d, 0x09, 0xec, 0xf8, 0x8f, 0xfb, 0x4c, 0x00, 0x63, 0xff, 0x8e, 0x02, 
    0x6e, 0x02, 0x07, 0xfc, 0xcd, 0xff, 0x5b, 0x06, 0x3a, 0xfa, 0x10, 0xf9, 0xb1, 0x05, 0xab, 0x06, 
    0x94, 0x00, 0x89, 0xfa, 0x07, 0xf9, 0x76, 0xff, 0x79, 0x0a, 0x00, 0x01, 0x72, 0xf6, 0x75, 0x04, 
    0x59, 0x03, 0x0a, 0xfc, 0xcc, 0x00, 0x61, 0xfd, 0x75, 0x01, 0x80, 0x03, 0xb1, 0xfc, 0x3b, 0xfe, 
    0x33, 0x02, 0x09, 0x05, 0xbe, 0xfb, 0x2d, 0xfc, 0x7c, 0x05, 0x3a, 0x07, 0xa2, 0xfd, 0x10, 0xf5, 
    0x16, 0xff, 0xdc, 0x07, 0x51, 0x0b, 0x1e, 0xfb, 0xdb, 0xf2, 0xc6, 0x00, 0x66, 0x04, 0x10, 0x0c, 
    0x8b, 0x00, 0x31, 0xec, 0x26, 0x01, 0x89, 0x0e, 0x45, 0x01, 0x11, 0xfc, 0x71, 0xf9, 0x4a, 0xfb, 
    0xef, 0x07, 0x73, 0x08, 0xb1, 0xfc, 0x30, 0xf7, 0x41, 0x00, 0x5c, 0x07, 0xea, 0xfe, 0x7c, 0xfa, 
    0x97, 0xf8, 0x18, 0x07, 0x52, 0x0e, 0xeb, 0xf9, 0x57, 0xf5, 0x20, 0xfe, 0xf5, 0x00, 0x67, 0x09, 
    0x55, 0x0a, 0xda, 0xf3, 0x34, 0xf6, 0x39, 0x04, 0xc1, 0x00, 0xc3, 0x06, 0xb3, 0x08, 0x22, 0xf9, 
    0x76, 0xf6, 0x33, 0x02, 0xa7, 0x00, 0x3e, 0x01, 0xb0, 0x06, 0xa6, 0x04, 0xc4, 0xf6, 0xc2, 0xf6, 
    0x35, 0x08, 0x81, 0x03, 0x3a, 0xfe, 0x82, 0x02, 0x54, 0xfe, 0x70, 0xfd, 0xd3, 0xff, 0xc9, 0xfd, 
    0xe8, 0xfd, 0x9a, 0x05, 0x34, 0x04, 0x9b, 0xfa, 0x8c, 0xfe, 0x5d, 0x01, 0x02, 0x00, 0xfa, 0xfe, 
    0xd5, 0xfd, 0xf2, 0x01, 0x76, 0x02, 0x56, 0x01, 0x2b, 0xff, 0x13, 0xfb, 0x3d, 0xfd, 0xeb, 0x04, 
    0xd6, 0x02, 0x04, 0xfe, 0xc5, 0x02, 0xa6, 0x03, 0x42, 0xfa, 0x48, 0xf8, 0xe1, 0xff, 0x83, 0x05, 
    0x88, 0x0d, 0x9e, 0x00, 0x70, 0xeb, 0xf5, 0xfc, 0x5d, 0x0c, 0x9b, 0x04, 0x4e, 0xfc, 0x85, 0xf6, 
    0xd1, 0x03, 0xb4, 0x09, 0x49, 0xfc, 0xcb, 0xf9, 0xb7, 0x02, 0xc9, 0x04, 0x59, 0xfb, 0x5f, 0xfa, 
    0x7a, 0x06, 0xc7, 0x02, 0x0c, 0xfc, 0x78, 0x02, 0x3a, 0xfd, 0x7c, 0xfe, 0xa5, 0x03, 0xcf, 0xfd, 
    0x87, 0x00, 0x9e, 0x03, 0x45, 0xff, 0x1d, 0xf6, 0xaf, 0xff, 0x18, 0x0b, 0x17, 0x01, 0x6e, 0x02, 
    0xa8, 0xf9, 0xa2, 0xf3, 0x3b, 0x09, 0xd0, 0x09, 0x11, 0xf8, 0xf9, 0xfb, 0x21, 0x02, 0xc3, 0x06, 
    0x85, 0x05, 0xed, 0xf3, 0x59, 0xf9, 0xaf, 0x06, 0xb2, 0x0a, 0x8b, 0x01, 0x90, 0xf1, 0x7e, 0xf8, 
    0x27, 0x07, 0xba, 0x08, 0xdf, 0x01, 0x53, 0xfd, 0x69, 0xfd, 0x6f, 0xfe, 0x88, 0xfb, 0x56, 0x01, 
    0xc7, 0x05, 0x8f, 0xfd, 0x1d, 0x03, 0x0d, 0xfd, 0xed, 0xf8, 0xf2, 0x0c, 0xfc, 0x03, 0x7d, 0xf1, 
    0x73, 0xf9, 0xda, 0x0b, 0x05, 0x08, 0x08, 0xfe, 0x4e, 0xf9, 0xb6, 0xf6, 0x59, 0x0b, 0x86, 0x09, 
    0xc4, 0xf8, 0xed, 0xf5, 0x3c, 0x03, 0x11, 0x0e, 0xf0, 0xf6, 0xca, 0xfa, 0x5f, 0x04, 0x71, 0xfc, 
    0x56, 0x06, 0x46, 0x00, 0xcf, 0xfc, 0x68, 0xff, 0xec, 0x01, 0x68, 0x03, 0xca, 0xf8, 0xd1, 0xfe, 
    0xc3, 0x05, 0x4c, 0x02, 0x70, 0xfe, 0xe9, 0xfa, 0x5d, 0xfa, 0x28, 0x0a, 0xff, 0x08, 0xa7, 0xf3, 
    0x5c, 0xf6, 0x56, 0x02, 0xed, 0x13, 0xf0, 0x04, 0x32, 0xe9, 0x97, 0xf9, 0x4e, 0x07, 0xf1, 0x0b, 
    0x80, 0x0c, 0x7a, 0xf2, 0xd2, 0xe8, 0x45, 0x0a, 0xb6, 0x11, 0x23, 0xfe, 0xc4, 0xfd, 0x83, 0xf2, 
    0x4e, 0xfa, 0x72, 0x12, 0x78, 0x05, 0x55, 0xf8, 0xc9, 0xf2, 0x65, 0xfe, 0xa0, 0x10, 0x00, 0x01, 
    0x5c, 0xf9, 0x67, 0xfa, 0x55, 0xfe, 0x4c, 0x0c, 0x26, 0x04, 0x81, 0xed, 0xce, 0xff, 0x34, 0x0d, 
    0x0a, 0xfb, 0x98, 0x02, 0xf3, 0xff, 0x23, 0xfc, 0x5f, 0x06, 0x66, 0xfb, 0xe8, 0xf3, 0x95, 0x09, 
    0x6a, 0x0e, 0x0d, 0xfe, 0xea, 0xef, 0x81, 0xf8, 0x0d, 0x11, 0xd5, 0x08, 0x30, 0xf7, 0x04, 0xf4, 
    0x93, 0x03, 0x3c, 0x0e, 0x50, 0x00, 0x16, 0xf1, 0x5a, 0xf9, 0xa5, 0x0d, 0xb1, 0x0f, 0x71, 0xf7, 
    0x81, 0xe7, 0x7a, 0xfe, 0xb8, 0x14, 0x04, 0x14, 0xe4, 0xf4, 0x45, 0xe6, 0x2a, 0xfb, 0x0a, 0x0d, 
    0xaa, 0x13, 0x4b, 0xf8, 0x74, 0xed, 0xd8, 0x05, 0x3c, 0x0c, 0x8c, 0x05, 0x11, 0xf3, 0x49, 0xef, 
    0x78, 0x0d, 0xd3, 0x0d, 0x28, 0xfb, 0x6b, 0xfb, 0x1f, 0xfd, 0x19, 0xff, 0xff, 0x05, 0x39, 0x00, 
    0x93, 0xfc, 0x94, 0xfc, 0xc7, 0xfc, 0x89, 0x0c, 0x52, 0x04, 0x53, 0xfa, 0x50, 0xf9, 0x0d, 0xfc, 
    0x45, 0x06, 0xba, 0x08, 0x49, 0x01, 0x85, 0xf3, 0x75, 0x01, 0xfb, 0x06, 0x9c, 0xfa, 0xb2, 0x02, 
    0x87, 0x04, 0x6d, 0xfc, 0x1f, 0xf9, 0x9f, 0xfc, 0xed, 0x09, 0x7c, 0x0b, 0xe1, 0xfb, 0x08, 0xe9, 
    0xa7, 0xfe, 0x05, 0x15, 0x10, 0x02, 0x31, 0xf6, 0xb5, 0xf6, 0x84, 0x0b, 0x8c, 0x05, 0x7a, 0xf8, 
    0x9b, 0xf5, 0xc7, 0xff, 0xc4, 0x1a, 0x2b, 0xfc, 0xee, 0xea, 0x55, 0xfd, 0xbb, 0x00, 0xb7, 0x0d, 
    0x3c, 0x0f, 0xaa, 0xec, 0xb7, 0xf5, 0x99, 0x0b, 0x88, 0x00, 0x20, 0x04, 0x6e, 0xf6, 0x78, 0xfd, 
    0xe9, 0x0b, 0x70, 0x06, 0xca, 0xf6, 0x7b, 0xf0, 0x1c, 0x03, 0x53, 0x0a, 0x0e, 0x10, 0x17, 0xfa, 
    0xd8, 0xeb, 0xbb, 0xf7, 0x5a, 0x12, 0xeb, 0x0e, 0x71, 0xf2, 0xc8, 0xf7, 0xbf, 0xf9, 0xa9, 0x11, 
    0xc1, 0x08, 0xc9, 0xec, 0x10, 0xfc, 0x6b, 0x03, 0xda, 0x0c, 0x9b, 0x06, 0xed, 0xf3, 0xa5, 0xf3, 
    0x68, 0xfe, 0xe5, 0x17, 0x64, 0x04, 0x49, 0xe4, 0x1e, 0xfd, 0x1a, 0x0b, 0x33, 0x0c, 0xbf, 0x02, 
    0xf0, 0xef, 0xbc, 0xf5, 0xc3, 0x0b, 0x8e, 0x0d, 0xc7, 0xf5, 0x02, 0xfc, 0x46, 0x01, 0x31, 0x00, 
    0x3d, 0x04, 0x9f, 0xff, 0x30, 0x02, 0xa3, 0xf1, 0xe3, 0xfa, 0xb3, 0x17, 0x26, 0x0b, 0x21, 0xf0, 
    0x04, 0xea, 0xe0, 0xfc, 0xd3, 0x17, 0xf6, 0x1e, 0x1e, 0xec, 0x72, 0xd2, 0x35, 0x08, 0x8f, 0x23, 
    0x82, 0x06, 0xfc, 0xf1, 0x33, 0xee, 0x95, 0xf1, 0xf0, 0x17, 0x1b, 0x1b, 0x6b, 0xef, 0xc9, 0xe7, 
    0x93, 0xfb, 0xbe, 0x11, 0x96, 0x15, 0xaf, 0x00, 0x63, 0xe1, 0xf3, 0xf0, 0xd0, 0x1a, 0x55, 0x0f, 
    0x8a, 0xfa, 0x87, 0xf3, 0xb8, 0xf7, 0xcf, 0x06, 0x1a, 0x12, 0xdd, 0xfb, 0x25, 0xe8, 0x3a, 0x0e, 
    0xc0, 0x0b, 0x7c, 0xf0, 0x0e, 0xff, 0xd9, 0x05, 0x73, 0xfd, 0x7f, 0x01, 0x75, 0x00, 0xf1, 0xf9, 
    0x0e, 0x08, 0x1f, 0xfd, 0xf8, 0xf7, 0xdb, 0x0a, 0x0e, 0xfa, 0xb9, 0xf7, 0x5c, 0x0d, 0x20, 0x09, 
    0x01, 0x00, 0x80, 0x07, 0x5b, 0xf4, 0x8e, 0xf2, 0x80, 0x07, 0x2c, 0x08, 0xcc, 0x06, 0x52, 0xfd, 
    0x57, 0xea, 0x5b, 0x0c, 0x14, 0x0c, 0x69, 0xf5, 0x56, 0x07, 0x89, 0xff, 0x40, 0xf8, 0x71, 0xfb, 
    0x31, 0x12, 0xaf, 0x06, 0xd4, 0xe4, 0x9a, 0xfc, 0x36, 0x0b, 0x79, 0x0d, 0x47, 0x06, 0x8f, 0xec, 
    0x5d, 0xf7, 0xbe, 0x08, 0x98, 0xfe, 0x5a, 0x06, 0x7e, 0x06, 0xe5, 0xfc, 0x4c, 0xf8, 0x59, 0xf5, 
    0xc6, 0xff, 0x83, 0x14, 0x2d, 0x10, 0x15, 0xe7, 0x90, 0xf0, 0x78, 0x10, 0x4f, 0x04, 0x63, 0xfd, 
    0x52, 0x03, 0xa4, 0x01, 0x30, 0x07, 0x4c, 0xfc, 0x34, 0xeb, 0x74, 0xfc, 0x23, 0x14, 0x5d, 0x11, 
    0x2c, 0xf8, 0xc9, 0xe9, 0xaa, 0xfa, 0xf9, 0x09, 0xa3, 0x0d, 0x71, 0x0a, 0x61, 0xed, 0x5f, 0xf0, 
    0xd2, 0x0d, 0x4f, 0x09, 0x21, 0xfb, 0x8d, 0xfa, 0xc0, 0x01, 0xe7, 0xff, 0xc6, 0x04, 0xa6, 0x01, 
    0x8f, 0xf9, 0xfc, 0x01, 0x21, 0x01, 0x85, 0xf4, 0x36, 0xfb, 0x1f, 0x1a, 0x5f, 0x0e, 0x16, 0xeb, 
    0xd2, 0xf4, 0xd2, 0xf7, 0xcb, 0x03, 0xb0, 0x16, 0x59, 0xf7, 0x61, 0xf8, 0x14, 0x06, 0x05, 0xfb, 
    0x21, 0x00, 0x3e, 0x04, 0xb8, 0xfc, 0xbe, 0xfe, 0x2b, 0x07, 0x01, 0xfd, 0xb6, 0xfe, 0xab, 0xfd, 
    0x1c, 0xf8, 0xce, 0x08, 0x08, 0x08, 0xd2, 0xf7, 0xfe, 0xf9, 0x13, 0x05, 0xe3, 0x0b, 0x7a, 0x03, 
    0xd3, 0xf2, 0xff, 0xf7, 0x3b, 0x08, 0xf6, 0x0e, 0x47, 0x02, 0x1e, 0xe7, 0x01, 0xf8, 0x70, 0x19, 
    0x0f, 0x04, 0xb8, 0xf1, 0x80, 0xf9, 0x53, 0x01, 0x7c, 0x0b, 0x61, 0x00, 0xd0, 0xf6, 0xa2, 0x02, 
    0xcd, 0x03, 0x62, 0x03, 0x79, 0xfa, 0x21, 0xfd, 0x57, 0x03, 0x66, 0xf8, 0xab, 0x06, 0x23, 0x08, 
    0x65, 0xfb, 0x1a, 0xfe, 0x31, 0xfb, 0x93, 0xfe, 0x17, 0x0d, 0xa7, 0x02, 0x0b, 0xf7, 0xcc, 0xfc, 
    0xb8, 0xf8, 0x30, 0x04, 0x9d, 0x11, 0x48, 0x00, 0x12, 0xf5, 0x6c, 0xf8, 0x3c, 0x00, 0x75, 0x10, 
    0x6f, 0x05, 0xc8, 0xf4, 0x4b, 0xf3, 0x3c, 0xf9, 0xd0, 0x14, 0xeb, 0x15, 0xe1, 0xef, 0xfb, 0xe4, 
    0xba, 0xff, 0x3f, 0x0b, 0x8b, 0x0f, 0x6d, 0x05, 0x22, 0xed, 0x64, 0xfe, 0x05, 0x0b, 0x8f, 0xfe, 
    0x6a, 0xfa, 0xea, 0xfd, 0xb9, 0x01, 0x93, 0x00, 0x0c, 0x09, 0x3a, 0xf9, 0xbd, 0xf4, 0x1a, 0x0d, 
    0x70, 0x03, 0x22, 0xff, 0x37, 0xf8, 0x23, 0xfa, 0xba, 0x07, 0xf2, 0x02, 0x88, 0x01, 0xad, 0xf7, 
    0x55, 0x03, 0xd2, 0x04, 0xc8, 0xf6, 0xd4, 0x07, 0xe8, 0x09, 0x7c, 0xf5, 0x28, 0xf9, 0x19, 0xfa, 
    0x4d, 0x02, 0x31, 0x15, 0x21, 0xfe, 0x0a, 0xf6, 0xc9, 0xf8, 0x66, 0xfc, 0xbf, 0x08, 0x46, 0x05, 
    0x8a, 0x08, 0x74, 0xfc, 0x5f, 0xf3, 0xd9, 0x04, 0xf0, 0x03, 0x94, 0xfe, 0xfe, 0xfd, 0x91, 0xfa, 
    0xf8, 0x06, 0xd8, 0x05, 0x1d, 0xf9, 0xa7, 0xfa, 0xc9, 0x01, 0x11, 0x09, 0x55, 0x03, 0xa5, 0xf6, 
    0x97, 0xf4, 0x81, 0x01, 0x1f, 0x06, 0x51, 0x06, 0xe9, 0x0c, 0x54, 0xf9, 0x1f, 0xe6, 0x76, 0xf3, 
    0x96, 0x17, 0x2c, 0x21, 0xf7, 0xfe, 0xe7, 0xd9, 0x51, 0xe7, 0xe6, 0x17, 0x6b, 0x21, 0xe5, 0x00, 
    0xbe, 0xe0, 0x3f, 0xf2, 0xdf, 0x0a, 0x94, 0x13, 0xc8, 0x07, 0xe2, 0xee, 0x24, 0xf4, 0x12, 0xfd, 
    0x59, 0x0a, 0xe5, 0x0e, 0x8d, 0xfd, 0xf3, 0xf0, 0xd6, 0xff, 0x3b, 0x11, 0xee, 0x01, 0x7c, 0xf4, 
    0x7d, 0xfb, 0xe5, 0xfe, 0x7f, 0x07, 0x57, 0x08, 0x65, 0xf3, 0x00, 0xf6, 0x0a, 0x0c, 0x9c, 0x09, 
    0x2c, 0xf6, 0x08, 0xfc, 0x00, 0x05, 0x90, 0xfc, 0xe7, 0x07, 0x71, 0xfd, 0x08, 0xf0, 0x53, 0x0e, 
    0x6a, 0x05, 0x59, 0xf3, 0xa6, 0xfb, 0x59, 0x01, 0xbf, 0x11, 0x31, 0xfe, 0x97, 0xec, 0x72, 0xfb, 
    0xb2, 0x0c, 0x49, 0x11, 0x36, 0xf6, 0xc4, 0xec, 0x45, 0x02, 0x26, 0x15, 0xd4, 0x07, 0xb1, 0xee, 
    0x2f, 0xf3, 0x94, 0x06, 0xad, 0x0f, 0x94, 0x07, 0x81, 0xf5, 0xdb, 0xf5, 0xe8, 0xf9, 0x19, 0x01, 
    0x90, 0x14, 0x73, 0x04, 0xe6, 0xea, 0xed, 0xfc, 0xd3, 0x0f, 0x80, 0x01, 0x01, 0xfa, 0xb9, 0xe9, 
    0x6b, 0xfb, 0x8b, 0x23, 0x64, 0x0d, 0x92, 0xe9, 0xaa, 0xe5, 0x3c, 0x07, 0x3f, 0x12, 0x90, 0x0a, 
    0xe1, 0xfc, 0x56, 0xe8, 0x56, 0xfe, 0xc5, 0x0d, 0xb5, 0x0a, 0xff, 0xfb, 0x8a, 0xf2, 0xce, 0x02, 
    0xc2, 0x07, 0x63, 0x02, 0xda, 0xfe, 0xbd, 0x01, 0xd0, 0xf6, 0x1c, 0xfd, 0x4f, 0x09, 0x10, 0xfb, 
    0x11, 0x06, 0x8e, 0x06, 0xe9, 0xef, 0xaf, 0xfc, 0x4a, 0x06, 0xd3, 0xf3, 0x70, 0x01, 0x01, 0x19, 
    0xfa, 0x07, 0xb0, 0xeb, 0xff, 0xec, 0x8b, 0xf9, 0x15, 0x13, 0xa1, 0x1b, 0x57, 0xfc, 0x5d, 0xe8, 
    0xe7, 0xee, 0x40, 0x0f, 0xcc, 0x0a, 0x09, 0xf8, 0xbd, 0x08, 0x83, 0x03, 0xb5, 0xf7, 0x7a, 0xf9, 
    0x03, 0xf9, 0x24, 0x0f, 0x8d, 0x10, 0xe4, 0xf3, 0xe9, 0xf0, 0xb2, 0xfb, 0xdd, 0x11, 0xfe, 0x08, 
    0xcd, 0xf5, 0xc1, 0x01, 0xd2, 0xfc, 0x07, 0xf4, 0x06, 0xfe, 0x2b, 0x0b, 0x9a, 0x0b, 0x27, 0x01, 
    0x80, 0xef, 0x02, 0xf3, 0x15, 0x03, 0xe3, 0x08, 0x02, 0x0c, 0xec, 0x01, 0x98, 0xf8, 0x38, 0xf4, 
    0x6c, 0xf8, 0x07, 0x0d, 0x68, 0x0f, 0x3c, 0xfc, 0x94, 0xf4, 0xb2, 0xf9, 0xb0, 0x0a, 0xd6, 0x10, 
    0x49, 0xfc, 0x0e, 0xe8, 0x57, 0xf9, 0x6b, 0x10, 0x5a, 0x0d, 0x4a, 0x04, 0x1e, 0xf1, 0xdd, 0xf1, 
    0xd0, 0x08, 0x1d, 0x0b, 0x77, 0xf6, 0x63, 0xfe, 0xde, 0x07, 0x75, 0xfd, 0xde, 0xfd, 0x1f, 0xf3, 
    0xc6, 0xff, 0x38, 0x13, 0x78, 0x00, 0x61, 0xfc, 0xcf, 0xfd, 0xb8, 0xf4, 0x77, 0x04, 0xd4, 0x06, 
    0x95, 0x01, 0x4b, 0x03, 0x34, 0xf8, 0x6f, 0xfa, 0x23, 0x03, 0x7c, 0x03, 0x9c, 0x01, 0xe9, 0xfe, 
    0xf2, 0xfc, 0xc3, 0xfb, 0xdd, 0xfd, 0xd5, 0x03, 0x00, 0x04, 0x92, 0xff, 0xe3, 0xff, 0x22, 0x00, 
    0x25, 0x05, 0x7d, 0xfe, 0xea, 0xf8, 0x89, 0x07, 0xf6, 0x05, 0x68, 0xf8, 0x54, 0xf6, 0x73, 0x08, 
    0xa4, 0x09, 0xbb, 0x05, 0xce, 0xf8, 0x7b, 0xec, 0xb9, 0x0b, 0x9a, 0x0c, 0xe8, 0xfb, 0xbb, 0xf4, 
    0xee, 0x00, 0x35, 0x0a, 0x20, 0xfb, 0x00, 0xfe, 0xde, 0x00, 0xec, 0x04, 0x29, 0x01, 0xd6, 0xf8, 
    0xa7, 0xf9, 0xa3, 0xfe, 0xa3, 0x06, 0x73, 0x09, 0xc3, 0xfb, 0xfa, 0xf0, 0xc1, 0xfe, 0x32, 0x0d, 
    0x84, 0x0b, 0x9a, 0xfa, 0x5b, 0xf9, 0x17, 0xfc, 0x66, 0x04, 0xe4, 0x0b, 0x27, 0xf8, 0xff, 0x03, 
    0x82, 0x0c, 0x18, 0xf2, 0xa5, 0xf4, 0x4a, 0x00, 0xe6, 0x06, 0x4e, 0x15, 0xa1, 0x02, 0x40, 0xeb, 
    0xbe, 0xf3, 0xfc, 0xfe, 0xb0, 0x0f, 0xb7, 0x0d, 0x02, 0xf5, 0xc1, 0xf3, 0xc4, 0x00, 0x82, 0x04, 
    0x02, 0x03, 0x08, 0x01, 0x23, 0xfa, 0xb4, 0x00, 0x5c, 0x08, 0x73, 0xff, 0x4b, 0xf6, 0x1f, 0xee, 
    0x71, 0x05, 0x48, 0x17, 0x39, 0x04, 0x49, 0xf7, 0xa7, 0xef, 0xe8, 0xfd, 0x95, 0x18, 0x06, 0x0d, 
    0x10, 0xf5, 0x77, 0xed, 0x78, 0xf8, 0xf3, 0x12, 0xca, 0x12, 0x6e, 0xf7, 0xca, 0xeb, 0x9b, 0xfc, 
    0x1e, 0x03, 0x81, 0x0d, 0x4f, 0x08, 0x32, 0xe8, 0x60, 0x04, 0xac, 0x09, 0xe8, 0xee, 0x8a, 0x03, 
    0x8a, 0x07, 0x2d, 0x03, 0x97, 0x01, 0xf6, 0xf9, 0x3c, 0xfb, 0xed, 0xfe, 0x51, 0x0b, 0x12, 0x05, 
    0x35, 0xf7, 0xce, 0xfb, 0x5c, 0xff, 0x0b, 0x04, 0x09, 0x02, 0x21, 0xfc, 0x58, 0x01, 0x66, 0x06, 
    0x4e, 0x04, 0xb7, 0xf7, 0xb1, 0xf2, 0x1f, 0x02, 0xdf, 0x0c, 0xc6, 0x02, 0x4b, 0xf7, 0x52, 0xfa, 
    0xe2, 0x00, 0x5c, 0x08, 0x93, 0x01, 0x7b, 0xfa, 0x1d, 0xfe, 0x96, 0x01, 0xb1, 0x06, 0x36, 0x01, 
    0xaa, 0xfc, 0x14, 0xfb, 0x5e, 0xfc, 0x9a, 0x00, 0x83, 0x08, 0xd7, 0x07, 0x00, 0xf8, 0x3a, 0xf3, 
    0xc5, 0xfc, 0x2f, 0x11, 0x8e, 0x0b, 0x34, 0xef, 0x6f, 0xf6, 0x59, 0x09, 0x10, 0x08, 0x8b, 0x04, 
    0xf5, 0xfa, 0xc2, 0xf4, 0x78, 0xfe, 0x3e, 0xff, 0x59, 0x02, 0xa8, 0x07, 0xab, 0x00, 0x81, 0xfb, 
    0x6e, 0xfa, 0xfa, 0x00, 0x97, 0x02, 0x4c, 0x02, 0x6e, 0x02, 0xdb, 0x06, 0x40, 0xff, 0xa2, 0xf0, 
    0x4d, 0x00, 0x7f, 0x0a, 0x09, 0x0e, 0x92, 0xfd, 0xc5, 0xe8, 0xc7, 0x02, 0x17, 0x11, 0x6b, 0x01, 
    0xd7, 0xfc, 0x2d, 0xf8, 0x8d, 0xfa, 0x7a, 0x09, 0xab, 0x02, 0xc4, 0xfd, 0x76, 0x07, 0xf0, 0x00, 
    0x7d, 0xf9, 0xb1, 0xf7, 0x24, 0xf9, 0x43, 0x09, 0x4f, 0x0d, 0x6e, 0x02, 0x66, 0xf6, 0x07, 0xf0, 
    0xc6, 0x02, 0x2c, 0x11, 0xd2, 0xfe, 0xd4, 0xfb, 0x43, 0x04, 0x35, 0xfb, 0x16, 0x00, 0x41, 0x00, 
    0x34, 0x01, 0x55, 0x09, 0x0c, 0xfe, 0x2a, 0xf2, 0xf7, 0xfa, 0x6f, 0x06, 0x67, 0x07, 0xa8, 0x01, 
    0x81, 0xf3, 0x06, 0xf8, 0x90, 0x03, 0xfb, 0x0d, 0x37, 0x04, 0x58, 0xf4, 0x43, 0xfb, 0x7f, 0xfd, 
    0x38, 0x0c, 0x8a, 0x06, 0xcb, 0xf4, 0xe7, 0xf8, 0xed, 0x02, 0x6f, 0x0a, 0xc4, 0x06, 0xd3, 0xf7, 
    0xa8, 0xf1, 0x86, 0x0a, 0xdb, 0x0a, 0xe1, 0xfb, 0x6e, 0x01, 0xe9, 0xf9, 0xed, 0xfb, 0xd7, 0x09, 
    0x32, 0x00, 0xb4, 0xfb, 0x9a, 0xff, 0xb3, 0xfd, 0x2f, 0x07, 0x48, 0x01, 0x91, 0xf8, 0x99, 0xfb, 
    0x65, 0xff, 0x62, 0x04, 0xd2, 0xff, 0x5e, 0x08, 0xc1, 0xfe, 0x1e, 0xf2, 0xb5, 0xfd, 0x7c, 0x00, 
    0x53, 0x0a, 0x02, 0x0c, 0xe0, 0xf9, 0xc2, 0xed, 0x2c, 0x01, 0x8b, 0x0c, 0xbd, 0x06, 0x2e, 0x09, 
    0xe7, 0xfe, 0xcd, 0xf2, 0xd0, 0xf3, 0x37, 0xfb, 0x2c, 0x04, 0x8b, 0x0c, 0xa4, 0x0d, 0x3c, 0xfa, 
    0xa4, 0xe9, 0xdb, 0x00, 0xfe, 0x09, 0x12, 0x0b, 0x13, 0x06, 0xcb, 0xf2, 0xe3, 0xf9, 0x5f, 0xfa, 
    0xa2, 0xfd, 0x66, 0x02, 0x31, 0xfc, 0x45, 0xff, 0xe5, 0x07, 0x1f, 0x01, 0xc2, 0xf9, 0xb6, 0x00, 
    0x41, 0x03, 0xc0, 0x03, 0xa6, 0x00, 0x09, 0xf9, 0x02, 0xfa, 0x93, 0x03, 0x07, 0x0a, 0x8e, 0x03, 
    0x17, 0xf2, 0xb9, 0xf8, 0xb0, 0x03, 0x03, 0x04, 0x23, 0x09, 0x79, 0x01, 0x55, 0x00, 0xe7, 0xff, 
    0x15, 0xf9, 0xe9, 0x02, 0xc4, 0x0c, 0x29, 0x05, 0xc6, 0xf7, 0x57, 0xf7, 0xe8, 0x01, 0x2a, 0x09, 
    0xac, 0xff, 0x0a, 0xef, 0x8e, 0xff, 0xec, 0x10, 0x58, 0xff, 0xe7, 0xf5, 0xe6, 0xfb, 0x85, 0x01, 
    0x1b, 0x09, 0x92, 0x03, 0xd3, 0xf4, 0x10, 0xfb, 0x94, 0x04, 0xa2, 0x04, 0x3e, 0x05, 0x1f, 0xfc, 
    0x48, 0xfc, 0x71, 0x02, 0xcb, 0x01, 0xeb, 0x01, 0xed, 0xfd, 0x34, 0x05, 0xc6, 0x09, 0xf5, 0xf9, 
    0x45, 0xf0, 0xaf, 0x01, 0x4b, 0x0f, 0xda, 0x07, 0x7d, 0xfc, 0xbf, 0xeb, 0x4d, 0xf3, 0xa1, 0x09, 
    0xc0, 0x11, 0x6e, 0x08, 0x5e, 0xee, 0x00, 0xe9, 0x88, 0x01, 0xd7, 0x14, 0x90, 0x0d, 0x4e, 0xf9, 
    0xc7, 0xeb, 0x66, 0xf7, 0xa2, 0x0f, 0x03, 0x0f, 0x1f, 0xfc, 0x44, 0xfa, 0xe3, 0xf6, 0xe6, 0xf5, 
    0x8b, 0x0c, 0xb2, 0x0a, 0x6e, 0x00, 0x2f, 0x00, 0x2f, 0xfa, 0x56, 0xf6, 0x8e, 0x00, 0x5c, 0x12, 
    0x2e, 0x07, 0x50, 0xf1, 0xef, 0xf3, 0xee, 0x02, 0xbf, 0x07, 0x35, 0x04, 0x99, 0xfd, 0x11, 0xfd, 
    0xee, 0x01, 0x1b, 0xfe, 0x86, 0xfa, 0xbe, 0xff, 0xb6, 0x08, 0x29, 0x07, 0x72, 0xf5, 0x5c, 0xee, 
    0xb1, 0x02, 0x4c, 0x0e, 0xde, 0x07, 0xb1, 0xfa, 0x9e, 0xef, 0xae, 0xff, 0xb4, 0x0b, 0x79, 0x06, 
    0xc9, 0xfc, 0x0a, 0xfa, 0x22, 0x04, 0xec, 0x03, 0x26, 0x00, 0x64, 0xf9, 0x10, 0x04, 0xcd, 0x08, 
    0x26, 0xf9, 0xb3, 0x00, 0xf3, 0x02, 0x82, 0x01, 0x1f, 0x00, 0xbc, 0xf7, 0xc4, 0xfc, 0xe5, 0x04, 
    0xa5, 0x07, 0x82, 0x00, 0xdf, 0xfa, 0x9f, 0xfb, 0x45, 0xfd, 0x34, 0x02, 0x0e, 0x06, 0x65, 0x01, 
    0x83, 0xf4, 0x3f, 0xf8, 0x5d, 0x0b, 0xfe, 0x09, 0x8b, 0xfb, 0xde, 0xf7, 0xbb, 0xf2, 0x50, 0x01, 
    0x8a, 0x10, 0xb7, 0x06, 0x56, 0xfd, 0x11, 0xf8, 0x04, 0xfd, 0x44, 0xfc, 0xea, 0x06, 0x1e, 0x06, 
    0x60, 0xfb, 0x9f, 0x06, 0x02, 0x00, 0x3c, 0xfd, 0x93, 0x02, 0x6f, 0x01, 0x63, 0x00, 0xd7, 0x01, 
    0x99, 0x01, 0xe8, 0xf5, 0x9f, 0xfa, 0x52, 0x07, 0x98, 0x0c, 0xa2, 0x00, 0x40, 0xee, 0x01, 0xfa, 
    0x89, 0x01, 0x4b, 0x09, 0xe0, 0x0c, 0xe8, 0xfa, 0x08, 0xf7, 0x6f, 0xfc, 0x3b, 0xff, 0x32, 0x04, 
    0x42, 0x0a, 0x71, 0x00, 0xfb, 0xf7, 0xd8, 0xff, 0x12, 0xfd, 0xdd, 0xf7, 0xc1, 0x06, 0xf6, 0x0b, 
    0x72, 0xfe, 0x9e, 0x00, 0x31, 0xfa, 0x6a, 0xf1, 0xe5, 0x03, 0x51, 0x09, 0x43, 0x01, 0x45, 0x02, 
    0x92, 0xfd, 0x45, 0xf3, 0x85, 0x00, 0xb5, 0x0a, 0xf6, 0x00, 0x54, 0xfc, 0xa5, 0xf5, 0x1c, 0xfe, 
    0xbe, 0x0b, 0xf6, 0x0b, 0x5c, 0xfe, 0xbc, 0xef, 0xd5, 0xf3, 0x23, 0x06, 0x96, 0x11, 0xfc, 0x04, 
    0x1f, 0xfd, 0xbf, 0xf7, 0xae, 0xf7, 0x60, 0x07, 0x01, 0x08, 0x58, 0xfd, 0xee, 0xfd, 0x4d, 0x06, 
    0x79, 0xfe, 0x27, 0xfb, 0x23, 0xff, 0xe0, 0xfd, 0x14, 0x04, 0x86, 0x05, 0x24, 0xfc, 0xfe, 0xf3, 
    0x00, 0x01, 0x8b, 0x06, 0x7f, 0x06, 0x87, 0x07, 0x05, 0xf3, 0xb3, 0xf4, 0x72, 0x05, 0x53, 0x05, 
    0xbd, 0x06, 0x71, 0x01, 0xdf, 0xf6, 0xf6, 0xfb, 0x76, 0x06, 0xf8, 0x01, 0x33, 0xfd, 0x39, 0xfe, 
    0x02, 0xfc, 0x50, 0x01, 0x6f, 0x08, 0x23, 0x03, 0x33, 0xf6, 0x2a, 0xfb, 0x35, 0x06, 0x43, 0x07, 
    0xfc, 0x04, 0x48, 0xfd, 0xb8, 0xf7, 0x02, 0xf9, 0x56, 0x05, 0xab, 0x09, 0x45, 0x00, 0xb0, 0xfc, 
    0x01, 0xff, 0xc2, 0xfe, 0x93, 0xf9, 0xb5, 0xfd, 0x2c, 0x05, 0xd5, 0x08, 0x57, 0x05, 0x0e, 0xf5, 
    0xf8, 0xee, 0x50, 0x00, 0x93, 0x0e, 0x97, 0x07, 0xc9, 0xfe, 0x76, 0xfa, 0x6a, 0xf9, 0x5b, 0xff, 
    0xa3, 0x04, 0x0b, 0x06, 0x76, 0x03, 0x63, 0xfe, 0x06, 0xfb, 0x15, 0xfe, 0x00, 0x05, 0x0f, 0x02, 
    0x73, 0xfc, 0x3a, 0xfe, 0x1b, 0x01, 0x11, 0x02, 0x37, 0xfe, 0x77, 0xfd, 0xde, 0xfe, 0x47, 0xff, 
    0x87, 0x02, 0xa0, 0xfd, 0xe0, 0xfd, 0xd4, 0x03, 0x0e, 0xfe, 0x97, 0xfb, 0xe0, 0xfb, 0xf0, 0xff, 
    0x03, 0x09, 0x6c, 0x05, 0x84, 0xfc, 0x6e, 0xf8, 0x7b, 0xfa, 0x15, 0x04, 0x52, 0x09, 0x81, 0x02, 
    0x5d, 0xfc, 0x53, 0xfc, 0x01, 0x00, 0x80, 0x07, 0x68, 0xfd, 0x34, 0x00, 0x69, 0x06, 0x24, 0x04, 
    0xd9, 0xfb, 0x61, 0xfc, 0x7a, 0xff, 0xb1, 0x01, 0x19, 0x01, 0x81, 0xfe, 0xb8, 0xff, 0xb5, 0x02, 
    0x2a, 0x03, 0x10, 0x02, 0x68, 0xfd, 0xbc, 0xfd, 0xf0, 0x03, 0xef, 0xfe, 0x7f, 0xfc, 0xc1, 0x03, 
    0x25, 0x02, 0x4b, 0xfc, 0xa2, 0xfb, 0xd5, 0xfd, 0x5e, 0x03, 0xa9, 0x06, 0x76, 0xf9, 0x32, 0xf3, 
    0x6b, 0x00, 0xdd, 0x09, 0x6b, 0x0a, 0x8b, 0xfb, 0xe4, 0xf1, 0x84, 0xf8, 0xbf, 0x06, 0x5b, 0x0e, 
    0x54, 0x02, 0x6b, 0xf8, 0x75, 0xf7, 0x54, 0x00, 0x0a, 0x05, 0x98, 0x02, 0x9f, 0x02, 0x17, 0xff, 
    0x48, 0x02, 0xc1, 0xff, 0x7a, 0xf9, 0x9e, 0xfd, 0x8a, 0x05, 0x95, 0x09, 0xdd, 0x00, 0xdc, 0xfb, 
    0xd2, 0xf9, 0xe0, 0xfb, 0x16, 0x05, 0x0d, 0x03, 0x7c, 0x01, 0x21, 0xff, 0xdd, 0xf9, 0xca, 0xfe, 
    0x34, 0x04, 0xbd, 0x02, 0xe7, 0xfb, 0xf9, 0xf8, 0x24, 0x01, 0x4a, 0x07, 0x75, 0x01, 0xa8, 0xf7, 
    0x9c, 0xfa, 0x45, 0x02, 0x76, 0x03, 0xc3, 0x00, 0x93, 0xfb, 0x1a, 0x02, 0xaa, 0x05, 0x55, 0x00, 
    0x25, 0xfc, 0x33, 0xfb, 0x85, 0x04, 0xb5, 0x03, 0x2a, 0x01, 0x8a, 0x01, 0x0d, 0xfb, 0x36, 0xff, 
    0xfb, 0xfe, 0x97, 0xfe, 0x20, 0x06, 0x4b, 0x01, 0xb6, 0xf9, 0x48, 0xfb, 0x29, 0x04, 0x7e, 0x07, 
    0xf2, 0xff, 0x43, 0xf8, 0x8a, 0xfa, 0x6c, 0x04, 0x65, 0x06, 0x2b, 0x03, 0xa9, 0xfe, 0xcb, 0xf8, 
    0x8d, 0xff, 0x3d, 0x06, 0xbd, 0x02, 0xe0, 0x01, 0xb0, 0xfb, 0x8e, 0xfa, 0xa7, 0x03, 0x4c, 0x02, 
    0x24, 0xfe, 0x2c, 0x01, 0x14, 0x03, 0x45, 0x00, 0x1f, 0xfe, 0xf4, 0xfe, 0x4a, 0xfe, 0x06, 0x00, 
    0x2e, 0x05, 0x93, 0x02, 0xd5, 0xfa, 0xbf, 0xfa, 0xf9, 0x00, 0x7d, 0x05, 0x63, 0x05, 0x3f, 0xfd, 
    0x76, 0xf5, 0xdb, 0xfb, 0x34, 0x08, 0x3e, 0x07, 0x17, 0xfe, 0x88, 0xfb, 0x93, 0xfc, 0x0e, 0x02, 
    0x13, 0x07, 0xe6, 0x00, 0x57, 0xfc, 0xc6, 0xfe, 0xce, 0xff, 0x2a, 0x01, 0xa2, 0x00, 0x85, 0x00, 
    0xf8, 0xfe, 0xc2, 0xfb, 0xe7, 0xfe, 0xbe, 0x00, 0xfe, 0x03, 0x65, 0x02, 0x29, 0xfc, 0x38, 0xfd, 
    0x10, 0xfe, 0x46, 0x02, 0x7f, 0x02, 0xfc, 0x01, 0x9d, 0x01, 0xa4, 0xf9, 0x1a, 0xfc, 0xe7, 0xff, 
    0x74, 0x01, 0x36, 0x05, 0x4d, 0x03, 0x16, 0xfd, 0x3a, 0xfb, 0x44, 0x01, 0xef, 0xfe, 0x1e, 0x00, 
    0x9a, 0x05, 0x7a, 0x02, 0xf1, 0x00, 0x53, 0xfe, 0x59, 0xfc, 0xae, 0x00, 0x2f, 0x05, 0x23, 0x04, 
    0xdc, 0x00, 0x0e, 0xfd, 0x91, 0xfd, 0x6b, 0x01, 0x58, 0x01, 0xcf, 0x02, 0xd6, 0x01, 0x7e, 0xfe, 
    0xa0, 0xff, 0xf4, 0xfd, 0xb7, 0x00, 0x50, 0x06, 0x6a, 0x01, 0x57, 0xfc, 0x50, 0xfc, 0x42, 0xff, 
    0xd5, 0x05, 0xe0, 0x05, 0xf6, 0xff, 0x76, 0xfd, 0x19, 0xfd, 0xd5, 0xfe, 0x88, 0x00, 0x59, 0x00, 
    0xdc, 0x00, 0x46, 0xfe, 0xc4, 0xfa, 0x46, 0xff, 0x38, 0x01, 0x76, 0x01, 0x16, 0x02, 0x86, 0xf9, 
    0xad, 0xf8, 0x6c, 0x00, 0xed, 0x01, 0xd5, 0x00, 0x76, 0xfd, 0x4c, 0xf7, 0xcc, 0xf8, 0xab, 0x01, 
    0x58, 0x03, 0x2b, 0xfd, 0x01, 0xfb, 0x3e, 0xfb, 0x00, 0xfc, 0x83, 0xff, 0xd3, 0x01, 0x00, 0xff, 
    0xe5, 0xfc, 0x4b, 0x01, 0x43, 0x00, 0x3f, 0xff, 0x12, 0x05, 0x29, 0x05, 0x8d, 0x01, 0x0f, 0x02, 
    0x70, 0x04, 0xb2, 0x03, 0x0a, 0x06, 0x0f, 0x08, 0x62, 0x04, 0x6f, 0x03, 0x9a, 0x04, 0xf8, 0x06, 
    0xa7, 0x06, 0x7c, 0x06, 0xae, 0x04, 0x2f, 0x02, 0xfb, 0x04, 0x16, 0x04, 0x11, 0x05, 0x2a, 0x02, 
    0xb1, 0xfe, 0x64, 0x00, 0x84, 0xfe, 0xe2, 0xff, 0x47, 0xff, 0x45, 0xfe, 0xfc, 0xfd, 0x2e, 0xf9, 
    0x3a, 0xf8, 0x08, 0xfb, 0x59, 0xfb, 0x80, 0xfa, 0x33, 0xf8, 0x60, 0xf4, 0x26, 0xf7, 0xd0, 0xfc, 
    0x3d, 0xfa, 0x04, 0xf4, 0x61, 0xf3, 0x75, 0xf7, 0x99, 0xfb, 0x22, 0xfa, 0x05, 0xf6, 0x86, 0xf6, 
    0x03, 0xf9, 0x42, 0xfc, 0x0e, 0xfd, 0x01, 0xfc, 0x18, 0xfe, 0x9a, 0x00, 0xec, 0x00, 0x23, 0x01, 
    0x7b, 0x03, 0x90, 0x03, 0x9f, 0x07, 0x38, 0x0a, 0x02, 0x06, 0x3d, 0x08, 0xff, 0x0a, 0x03, 0x10, 
    0x66, 0x12, 0x00, 0x0b, 0xfb, 0x09, 0xd2, 0x0e, 0x33, 0x13, 0x41, 0x13, 0x98, 0x0d, 0x7d, 0x0a, 
    0x62, 0x0a, 0x0d, 0x0d, 0xa4, 0x0c, 0x03, 0x07, 0x89, 0x04, 0xbc, 0x02, 0xbe, 0x02, 0x37, 0x02, 
    0xa4, 0xfc, 0x47, 0xf9, 0x46, 0xfb, 0x9f, 0xfc, 0x9e, 0xf7, 0x07, 0xf2, 0xe0, 0xef, 0xb0, 0xf0, 
    0x2f, 0xf3, 0xc8, 0xf0, 0xc3, 0xeb, 0x79, 0xea, 0xc8, 0xeb, 0x42, 0xec, 0xd7, 0xea, 0x5e, 0xeb, 
    0xb2, 0xee, 0xfb, 0xee, 0xdc, 0xee, 0x6e, 0xf1, 0xe7, 0xf2, 0x27, 0xf6, 0x17, 0xfa, 0xb5, 0xfc, 
    0x3e, 0xfe, 0xcd, 0xfe, 0x62, 0x02, 0x0d, 0x09, 0xa7, 0x0f, 0xf9, 0x0f, 0xb3, 0x0b, 0x8e, 0x0b, 
    0x89, 0x13, 0x9e, 0x1c, 0x20, 0x1c, 0xd6, 0x15, 0x17, 0x12, 0x4a, 0x15, 0xbf, 0x1b, 0x27, 0x1c, 
    0xfd, 0x16, 0x21, 0x11, 0x71, 0x0f, 0x43, 0x13, 0xb0, 0x13, 0xa1, 0x0d, 0x4d, 0x08, 0x6a, 0x06, 
    0x7f, 0x05, 0x43, 0x04, 0x3a, 0x00, 0x36, 0xfb, 0xed, 0xf8, 0xfb, 0xf5, 0x2f, 0xf3, 0x17, 0xf2, 
    0xe7, 0xf0, 0x31, 0xef, 0xc9, 0xeb, 0x03, 0xe9, 0x1b, 0xe9, 0x80, 0xea, 0xaf, 0xe9, 0x72, 0xe7, 
    0x2c, 0xe4, 0x00, 0xe1, 0x33, 0xe6, 0x84, 0xee, 0xbf, 0xef, 0x96, 0xeb, 0x6e, 0xe8, 0xec, 0xec, 
    0x5b, 0xf7, 0x00, 0xfe, 0x21, 0xfc, 0x01, 0xf9, 0x8e, 0xfd, 0x0b, 0x06, 0x00, 0x0b, 0x2a, 0x0d, 
    0xa2, 0x0c, 0x66, 0x0c, 0xaf, 0x11, 0xc8, 0x17, 0x76, 0x1a, 0xb4, 0x1a, 0x7e, 0x19, 0xe1, 0x17, 
    0x7a, 0x19, 0x22, 0x1d, 0x32, 0x1d, 0x5e, 0x1a, 0xe9, 0x16, 0xe4, 0x14, 0x22, 0x13, 0x29, 0x11, 
    0x34, 0x0f, 0x74, 0x0b, 0x51, 0x08, 0x49, 0x05, 0x08, 0x02, 0x87, 0x00, 0x8c, 0xfe, 0x3f, 0xfb, 
    0x5d, 0xf7, 0x6d, 0xf4, 0x41, 0xf3, 0x9c, 0xf1, 0x6f, 0xef, 0x03, 0xed, 0xe0, 0xeb, 0xbb, 0xeb, 
    0x4e, 0xea, 0x59, 0xe8, 0x09, 0xe7, 0xec, 0xe6, 0x01, 0xe5, 0xa1, 0xe2, 0x85, 0xe5, 0xb8, 0xeb, 
    0xdb, 0xee, 0x9d, 0xec, 0x2b, 0xe9, 0x92, 0xec, 0xa4, 0xf6, 0xe0, 0xfb, 0x9b, 0xfb, 0xdd, 0xf9, 
    0xe2, 0xfa, 0x78, 0x03, 0xbe, 0x09, 0x15, 0x0b, 0x24, 0x0b, 0x75, 0x0b, 0xb6, 0x0f, 0xca, 0x15, 
    0x72, 0x19, 0x83, 0x19, 0x87, 0x18, 0x8e, 0x18, 0xd7, 0x1a, 0x61, 0x1c, 0x34, 0x1c, 0xd4, 0x1a, 
    0x81, 0x17, 0x91, 0x15, 0x9a, 0x13, 0x1f, 0x11, 0x70, 0x0f, 0x34, 0x0d, 0x12, 0x09, 0x9b, 0x04, 
    0x8f, 0x02, 0x29, 0x01, 0x6b, 0xff, 0x6a, 0xfc, 0xd5, 0xf8, 0x15, 0xf5, 0x26, 0xf2, 0x42, 0xf1, 
    0x28, 0xf0, 0xb4, 0xee, 0x38, 0xeb, 0x37, 0xe8, 0x4f, 0xe8, 0x42, 0xe9, 0x24, 0xe8, 0x85, 0xe4, 
    0x2f, 0xe2, 0x64, 0xe1, 0x6f, 0xe5, 0x60, 0xec, 0x16, 0xed, 0xda, 0xe9, 0x70, 0xe9, 0x3a, 0xee, 
    0xcb, 0xf7, 0x2a, 0xfd, 0x90, 0xf9, 0x80, 0xf8, 0x66, 0xfe, 0x99, 0x06, 0x9b, 0x0c, 0xf7, 0x0b, 
    0x10, 0x0a, 0x4f, 0x0d, 0x74, 0x13, 0x47, 0x17, 0x44, 0x19, 0x50, 0x1a, 0xa4, 0x19, 0x72, 0x1a, 
    0x80, 0x1b, 0x3a, 0x1c, 0xa3, 0x1c, 0x6e, 0x1b, 0x67, 0x18, 0x1b, 0x14, 0x98, 0x11, 0xc8, 0x10, 
    0xb9, 0x0e, 0x9c, 0x0b, 0x62, 0x08, 0x93, 0x03, 0x1e, 0x00, 0xc6, 0xfe, 0xf3, 0xfc, 0x3d, 0xfb, 
    0x1f, 0xf9, 0x2a, 0xf5, 0xf6, 0xf0, 0x8d, 0xf0, 0x60, 0xf0, 0x5c, 0xee, 0xf1, 0xec, 0x90, 0xea, 
    0x56, 0xea, 0x75, 0xea, 0x46, 0xe8, 0x1e, 0xe6, 0x1d, 0xe4, 0x34, 0xe4, 0x7d, 0xe7, 0xd4, 0xec, 
    0x88, 0xee, 0xc9, 0xea, 0x48, 0xe9, 0x3e, 0xef, 0xc9, 0xf8, 0xf0, 0xfc, 0x7a, 0xfa, 0xa4, 0xf8, 
    0xff, 0xfc, 0xad, 0x06, 0x8c, 0x0b, 0x8a, 0x0a, 0x25, 0x0a, 0x9d, 0x0b, 0x09, 0x11, 0x2a, 0x16, 
    0xb8, 0x18, 0x40, 0x19, 0x81, 0x18, 0xc6, 0x19, 0xdf, 0x1a, 0x39, 0x1b, 0x94, 0x1b, 0x5c, 0x1a, 
    0x05, 0x18, 0x36, 0x16, 0x3a, 0x13, 0x09, 0x10, 0xb9, 0x0e, 0xc2, 0x0c, 0xa4, 0x09, 0x9b, 0x05, 
    0x0c, 0x03, 0x0a, 0x01, 0xdf, 0xfe, 0x7b, 0xfc, 0x5a, 0xf8, 0x43, 0xf6, 0x15, 0xf5, 0x92, 0xf3, 
    0xd0, 0xf0, 0x54, 0xee, 0xc1, 0xed, 0xa3, 0xeb, 0xfe, 0xe9, 0x60, 0xe9, 0x23, 0xe8, 0x6c, 0xe6, 
    0x7c, 0xe4, 0x6c, 0xe2, 0xa3, 0xe4, 0xcd, 0xeb, 0x8f, 0xee, 0x93, 0xeb, 0xe2, 0xe8, 0xe0, 0xeb, 
    0x87, 0xf5, 0xc6, 0xfc, 0xb1, 0xfb, 0xfd, 0xf8, 0x62, 0xfb, 0xf3, 0x03, 0xe1, 0x0b, 0x7c, 0x0c, 
    0x91, 0x0b, 0x92, 0x0c, 0xb9, 0x10, 0x40, 0x17, 0xa4, 0x1a, 0xea, 0x1a, 0x86, 0x1a, 0x1a, 0x1b, 
    0x66, 0x1b, 0x97, 0x1c, 0xd3, 0x1d, 0x03, 0x1c, 0xcc, 0x18, 0xff, 0x14, 0xa6, 0x12, 0x9d, 0x11, 
    0xf8, 0x0f, 0x08, 0x0d, 0x91, 0x07, 0x1e, 0x03, 0x45, 0x02, 0xba, 0x00, 0x06, 0xfe, 0xfd, 0xfa, 
    0x75, 0xf6, 0xf3, 0xf3, 0xc8, 0xf3, 0xab, 0xf1, 0x57, 0xef, 0x52, 0xee, 0x82, 0xec, 0x4e, 0xeb, 
    0xfb, 0xe9, 0x96, 0xe8, 0xcc, 0xe7, 0xf1, 0xe5, 0xab, 0xe4, 0x96, 0xe3, 0x3e, 0xe5, 0x02, 0xec, 
    0xc0, 0xef, 0x04, 0xed, 0xae, 0xea, 0xdb, 0xed, 0xd4, 0xf6, 0x8b, 0xfe, 0xe7, 0xfc, 0x7f, 0xf9, 
    0x37, 0xfd, 0x97, 0x05, 0x95, 0x0b, 0x90, 0x0b, 0xfa, 0x0a, 0xae, 0x0d, 0xdc, 0x11, 0x06, 0x15, 
    0xce, 0x17, 0x80, 0x19, 0xa8, 0x1a, 0x57, 0x1b, 0x81, 0x19, 0x4f, 0x1a, 0x66, 0x1c, 0x5f, 0x1b, 
    0x51, 0x17, 0xca, 0x12, 0x64, 0x11, 0x68, 0x10, 0xe3, 0x0e, 0x91, 0x0b, 0xb6, 0x06, 0x41, 0x03, 
    0x94, 0x01, 0xb0, 0x00, 0x7b, 0xfe, 0x2f, 0xfb, 0x12, 0xf7, 0xd8, 0xf4, 0x9e, 0xf4, 0x21, 0xf4, 
    0x31, 0xf2, 0x10, 0xef, 0xc3, 0xed, 0xfa, 0xec, 0x11, 0xec, 0x07, 0xeb, 0x90, 0xe9, 0xb5, 0xe7, 
    0x04, 0xe6, 0xa0, 0xe4, 0x37, 0xe6, 0xa7, 0xed, 0x3e, 0xf0, 0x7f, 0xec, 0xba, 0xe9, 0x42, 0xed, 
    0x38, 0xf8, 0x87, 0xfd, 0x60, 0xfa, 0x43, 0xf7, 0xf9, 0xfb, 0xf6, 0x05, 0xff, 0x0a, 0xd3, 0x09, 
    0xea, 0x07, 0x07, 0x0c, 0xf2, 0x11, 0x35, 0x15, 0xfb, 0x16, 0xec, 0x16, 0x69, 0x18, 0xb6, 0x19, 
    0x75, 0x19, 0xa5, 0x1a, 0x7f, 0x1b, 0xd6, 0x19, 0x5c, 0x16, 0x8b, 0x13, 0xc3, 0x12, 0xe3, 0x11, 
    0x5a, 0x0f, 0x18, 0x0c, 0x60, 0x08, 0x75, 0x05, 0xd3, 0x03, 0x89, 0x01, 0x54, 0xfe, 0x34, 0xfb, 
    0xa0, 0xf8, 0x07, 0xf7, 0x92, 0xf5, 0xf8, 0xf2, 0x30, 0xf0, 0x21, 0xef, 0x18, 0xef, 0xaa, 0xed, 
    0x73, 0xea, 0x40, 0xe7, 0x64, 0xe7, 0x97, 0xe7, 0xda, 0xe5, 0x05, 0xe3, 0xad, 0xe3, 0x7e, 0xeb, 
    0x4f, 0xef, 0x94, 0xec, 0x15, 0xe9, 0x4b, 0xed, 0x07, 0xf8, 0x7a, 0xfd, 0x47, 0xfc, 0x76, 0xf9, 
    0x01, 0xfe, 0x57, 0x07, 0x98, 0x0c, 0xf4, 0x0b, 0xe1, 0x0a, 0xc4, 0x0e, 0xbf, 0x13, 0x08, 0x17, 
    0xab, 0x18, 0xbf, 0x19, 0xdb, 0x1a, 0x06, 0x1a, 0xdf, 0x18, 0x0a, 0x1a, 0x93, 0x1b, 0xea, 0x19, 
    0xbe, 0x14, 0x3f, 0x11, 0xd8, 0x10, 0x96, 0x0f, 0xd5, 0x0c, 0xf4, 0x08, 0xb5, 0x04, 0xb5, 0x02, 
    0xf5, 0x01, 0x7c, 0xff, 0xdd, 0xfb, 0x93, 0xf8, 0xb7, 0xf6, 0x1c, 0xf6, 0x32, 0xf5, 0x76, 0xf3, 
    0x58, 0xf0, 0xc0, 0xee, 0x80, 0xef, 0x13, 0xef, 0x8f, 0xec, 0xf9, 0xe9, 0x41, 0xe9, 0x7e, 0xe8, 
    0x37, 0xe8, 0x38, 0xe6, 0xdd, 0xe7, 0x17, 0xef, 0x47, 0xf0, 0x2f, 0xed, 0x52, 0xeb, 0xeb, 0xf0, 
    0x98, 0xf9, 0x4d, 0xfc, 0xa3, 0xfa, 0x9a, 0xf9, 0x89, 0xff, 0x45, 0x07, 0x4d, 0x0a, 0x7d, 0x08, 
    0x9c, 0x09, 0xad, 0x0f, 0xfa, 0x12, 0x83, 0x14, 0x1f, 0x15, 0x0d, 0x17, 0x7b, 0x1a, 0x1c, 0x1a, 
    0x57, 0x18, 0xd5, 0x18, 0x1f, 0x1a, 0x70, 0x18, 0xbb, 0x14, 0x8f, 0x12, 0x34, 0x11, 0x21, 0x0f, 
    0x32, 0x0c, 0x16, 0x09, 0x54, 0x05, 0x6c, 0x03, 0x6c, 0x02, 0xbf, 0xff, 0xc1, 0xfc, 0x10, 0xf9, 
    0x06, 0xf7, 0x36, 0xf6, 0xc8, 0xf5, 0x52, 0xf4, 0x07, 0xf1, 0x1c, 0xef, 0x65, 0xee, 0x44, 0xee, 
    0x48, 0xec, 0x58, 0xea, 0x78, 0xe8, 0x5e, 0xe6, 0xce, 0xe5, 0xe8, 0xe4, 0xa0, 0xe9, 0xc0, 0xee, 
    0xb3, 0xed, 0x3c, 0xeb, 0x60, 0xeb, 0x70, 0xf2, 0xf6, 0xf9, 0xb7, 0xfb, 0xc5, 0xf9, 0xd3, 0xfa, 
    0x46, 0x01, 0xfb, 0x07, 0xe6, 0x0a, 0x86, 0x09, 0xfe, 0x0b, 0x52, 0x11, 0x80, 0x14, 0xab, 0x16, 
    0xf0, 0x16, 0x95, 0x18, 0xb0, 0x1a, 0x8c, 0x1a, 0xd6, 0x19, 0xb7, 0x19, 0x94, 0x18, 0x48, 0x16, 
    0x59, 0x14, 0x34, 0x12, 0xf9, 0x0f, 0xf1, 0x0c, 0x64, 0x0a, 0x1c, 0x07, 0x49, 0x03, 0xc8, 0x01, 
    0xf5, 0x00, 0x98, 0xfe, 0xe2, 0xf9, 0x7a, 0xf6, 0x86, 0xf5, 0xa2, 0xf5, 0x64, 0xf5, 0x02, 0xf2, 
    0xf7, 0xee, 0x82, 0xee, 0xc9, 0xee, 0x28, 0xee, 0x2f, 0xec, 0x3c, 0xeb, 0xfb, 0xe8, 0x36, 0xe7, 
    0xb5, 0xe6, 0x96, 0xe7, 0xcf, 0xed, 0x84, 0xf0, 0x22, 0xee, 0xdc, 0xeb, 0x46, 0xee, 0xa5, 0xf6, 
    0x5a, 0xfb, 0x67, 0xfb, 0xf3, 0xfa, 0x8e, 0xfd, 0xba, 0x03, 0x1a, 0x09, 0x86, 0x0a, 0x22, 0x0a, 
    0xf4, 0x0c, 0xc4, 0x10, 0x6c, 0x14, 0x28, 0x17, 0x3a, 0x17, 0x73, 0x17, 0x10, 0x18, 0xbe, 0x18, 
    0xc0, 0x19, 0x95, 0x19, 0x7a, 0x16, 0x27, 0x14, 0x91, 0x13, 0xea, 0x11, 0x45, 0x0f, 0xfa, 0x0a, 
    0xaf, 0x08, 0xea, 0x05, 0x45, 0x02, 0xa9, 0x01, 0x23, 0x00, 0x1f, 0xfd, 0x57, 0xf9, 0x53, 0xf6, 
    0x8e, 0xf5, 0x61, 0xf5, 0xf3, 0xf3, 0x31, 0xf1, 0x19, 0xef, 0xbd, 0xed, 0x04, 0xed, 0x5c, 0xec, 
    0xbe, 0xeb, 0x7d, 0xeb, 0x81, 0xe8, 0x9d, 0xe5, 0xfd, 0xe4, 0xba, 0xe8, 0x2e, 0xf1, 0x3b, 0xf2, 
    0xa9, 0xec, 0x7e, 0xea, 0x1b, 0xf1, 0xe7, 0xfb, 0xed, 0xff, 0xdd, 0xfc, 0xb2, 0xf9, 0x2f, 0xff, 
    0x43, 0x09, 0x10, 0x0f, 0xd1, 0x0c, 0xf8, 0x08, 0x3d, 0x0d, 0xf3, 0x13, 0x5a, 0x19, 0xe3, 0x19, 
    0x51, 0x15, 0xc8, 0x13, 0xd4, 0x16, 0x14, 0x1b, 0x01, 0x00, 0x80, 0x07, 0x12, 0x1c, 0xfe, 0x17, 
    0xce, 0x10, 0x33, 0x0e, 0x53, 0x11, 0x84, 0x12, 0x9a, 0x0e, 0x0d, 0x07, 0xa9, 0x01, 0xf0, 0x00, 
    0x79, 0x03, 0xb0, 0x03, 0x9c, 0xfd, 0xc7, 0xf6, 0x5c, 0xf5, 0x98, 0xf8, 0xeb, 0xf8, 0xad, 0xf5, 
    0xf0, 0xf0, 0x6a, 0xee, 0xab, 0xf1, 0x9f, 0xf2, 0x15, 0xef, 0xdf, 0xeb, 0x68, 0xeb, 0xb6, 0xeb, 
    0xf6, 0xe9, 0x77, 0xe7, 0x2d, 0xe6, 0x37, 0xeb, 0x4a, 0xf1, 0x24, 0xf0, 0x87, 0xec, 0x6a, 0xed, 
    0x7f, 0xf5, 0xec, 0xfb, 0x81, 0xfc, 0xbb, 0xfb, 0x63, 0xfd, 0x63, 0x04, 0x76, 0x0a, 0xb7, 0x0b, 
    0x9b, 0x0b, 0xa0, 0x0d, 0xa8, 0x10, 0x87, 0x14, 0x63, 0x18, 0x68, 0x19, 0x8d, 0x17, 0x95, 0x15, 
    0xe0, 0x17, 0xbc, 0x1a, 0x7e, 0x1b, 0xfc, 0x16, 0xae, 0x10, 0xd7, 0x10, 0x91, 0x12, 0xc2, 0x10, 
    0x0c, 0x0b, 0x3e, 0x06, 0x81, 0x04, 0xb8, 0x03, 0x9f, 0x02, 0x79, 0xff, 0x1b, 0xfc, 0xf2, 0xf8, 
    0xd4, 0xf5, 0x6b, 0xf5, 0xb7, 0xf5, 0x2c, 0xf4, 0xab, 0xf0, 0x2e, 0xed, 0x62, 0xed, 0xba, 0xee, 
    0x27, 0xee, 0x98, 0xeb, 0x7d, 0xe8, 0x52, 0xe6, 0x8c, 0xe6, 0xfc, 0xe5, 0xe9, 0xe6, 0xb7, 0xed, 
    0x85, 0xef, 0x26, 0xec, 0x7c, 0xea, 0x34, 0xf0, 0x40, 0xfa, 0x8e, 0xfc, 0xdb, 0xf9, 0x58, 0xfa, 
    0xb7, 0x02, 0xbb, 0x0a, 0x9e, 0x0c, 0x23, 0x0b, 0xca, 0x0c, 0x3d, 0x14, 0x19, 0x17, 0x3d, 0x17, 
    0x6a, 0x18, 0xde, 0x19, 0x4e, 0x1b, 0xf7, 0x1a, 0x2b, 0x1a, 0x63, 0x1a, 0x8e, 0x19, 0xda, 0x15, 
    0xc2, 0x13, 0xec, 0x12, 0x6c, 0x11, 0x16, 0x0c, 0xfc, 0x05, 0xe6, 0x05, 0x9e, 0x05, 0x37, 0x02, 
    0x3d, 0xfd, 0x07, 0xf9, 0x3d, 0xf9, 0x6b, 0xf9, 0x44, 0xf6, 0x01, 0xf2, 0xbc, 0xef, 0x83, 0xf1, 
    0x0e, 0xf1, 0xe1, 0xed, 0x3c, 0xec, 0x1b, 0xec, 0xcc, 0xec, 0xf6, 0xeb, 0xa1, 0xe9, 0x6f, 0xe6, 
    0x84, 0xe5, 0x36, 0xe6, 0x52, 0xeb, 0xcf, 0xf1, 0x8b, 0xef, 0xa2, 0xea, 0xe6, 0xeb, 0xa0, 0xf5, 
    0xa9, 0xfe, 0xd6, 0xfe, 0x89, 0xfa, 0x9a, 0xfb, 0x45, 0x04, 0x05, 0x0d, 0x37, 0x0f, 0x95, 0x0c, 
    0x40, 0x0e, 0x9e, 0x11, 0xe5, 0x15, 0x03, 0x1b, 0xcb, 0x1b, 0x20, 0x19, 0x3a, 0x17, 0x33, 0x19, 
    0x0b, 0x1b, 0xb4, 0x1b, 0x52, 0x18, 0xe8, 0x12, 0xfc, 0x11, 0xad, 0x12, 0x51, 0x10, 0x6d, 0x0a, 
    0xa4, 0x06, 0x24, 0x05, 0x81, 0x03, 0x22, 0x02, 0x8f, 0xfe, 0xe9, 0xf9, 0x9a, 0xf7, 0xc3, 0xf6, 
    0xf5, 0xf5, 0xbe, 0xf4, 0x03, 0xf2, 0x83, 0xed, 0x6b, 0xeb, 0xdd, 0xed, 0x0d, 0xf0, 0xc2, 0xec, 
    0x97, 0xe7, 0x8f, 0xe5, 0xee, 0xe4, 0x7c, 0xe6, 0x6a, 0xe5, 0x9c, 0xe6, 0x40, 0xed, 0x7f, 0xee, 
    0x8f, 0xeb, 0x43, 0xea, 0xea, 0xf2, 0x75, 0xfd, 0x2e, 0xff, 0xa4, 0xfb, 0x25, 0xfc, 0xdf, 0x05, 
    0x06, 0x0e, 0xa2, 0x10, 0x89, 0x0e, 0x46, 0x10, 0xbd, 0x15, 0x40, 0x18, 0xb5, 0x1a, 0xd3, 0x1b, 
    0xb9, 0x1c, 0x7c, 0x1b, 0xee, 0x19, 0x90, 0x19, 0x9c, 0x1a, 0x7a, 0x19, 0xaf, 0x13, 0x3e, 0x10, 
    0xfc, 0x0e, 0xa3, 0x0e, 0x0f, 0x0a, 0x22, 0x03, 0x31, 0x00, 0x06, 0x00, 0x62, 0x00, 0x18, 0xfc, 
    0xe7, 0xf5, 0xa0, 0xf3, 0xf1, 0xf4, 0x8d, 0xf5, 0x85, 0xf2, 0xc5, 0xee, 0xf2, 0xec, 0xfb, 0xec, 
    0xed, 0xed, 0x70, 0xee, 0x6f, 0xed, 0x0d, 0xeb, 0xc4, 0xe7, 0x0e, 0xe6, 0x85, 0xe8, 0x84, 0xea, 
    0x27, 0xec, 0xc7, 0xef, 0xc3, 0xef, 0xd1, 0xee, 0x62, 0xf1, 0xaf, 0xf7, 0x7c, 0xfe, 0x1e, 0x00, 
    0xf7, 0xfe, 0xe8, 0x00, 0x7d, 0x07, 0x81, 0x0e, 0x0e, 0x11, 0xc3, 0x0e, 0x7a, 0x10, 0x0a, 0x15, 
    0x64, 0x17, 0x04, 0x1a, 0xdf, 0x18, 0x08, 0x18, 0x30, 0x18, 0x87, 0x17, 0x15, 0x17, 0x93, 0x15, 
    0x7b, 0x13, 0x60, 0x0f, 0xb0, 0x0d, 0xe4, 0x0c, 0x33, 0x0a, 0xef, 0x05, 0x3f, 0x02, 0xee, 0x00, 
    0xb8, 0xff, 0xac, 0xfe, 0x41, 0xfb, 0x49, 0xf8, 0xa6, 0xf7, 0xdf, 0xf7, 0x29, 0xf6, 0x0f, 0xf3, 
    0x10, 0xf2, 0x46, 0xf1, 0xf3, 0xf0, 0xd6, 0xef, 0x33, 0xef, 0x29, 0xef, 0xb4, 0xed, 0xc3, 0xe9, 
    0x4d, 0xe6, 0x3c, 0xe8, 0xbf, 0xe9, 0xbe, 0xec, 0x77, 0xf0, 0xed, 0xed, 0x24, 0xec, 0xa3, 0xef, 
    0x7b, 0xf7, 0x80, 0xfe, 0xf2, 0xfe, 0xf7, 0xfc, 0x2a, 0x00, 0x65, 0x08, 0xf0, 0x0f, 0x09, 0x10, 
    0x10, 0x0d, 0xe5, 0x11, 0x57, 0x16, 0x6a, 0x18, 0x9b, 0x19, 0xea, 0x17, 0x6a, 0x18, 0xc2, 0x18, 
    0xaa, 0x17, 0x48, 0x16, 0x86, 0x16, 0x9e, 0x13, 0x83, 0x0e, 0xa2, 0x0d, 0xf1, 0x0d, 0x05, 0x0b, 
    0xc0, 0x04, 0xb8, 0x01, 0x0e, 0x01, 0x8d, 0x00, 0x9e, 0xfe, 0xa8, 0xf9, 0x8d, 0xf6, 0xa8, 0xf7, 
    0x80, 0xf8, 0x83, 0xf4, 0x5b, 0xf0, 0x43, 0xf0, 0x21, 0xf2, 0x97, 0xf1, 0x15, 0xee, 0x6a, 0xeb, 
    0x18, 0xeb, 0x39, 0xed, 0x7d, 0xeb, 0x86, 0xe6, 0xf3, 0xe3, 0xd1, 0xe4, 0xdf, 0xec, 0xac, 0xf1, 
    0x4f, 0xef, 0x57, 0xec, 0x13, 0xef, 0xce, 0xf8, 0x73, 0xff, 0xd2, 0x01, 0x0a, 0x01, 0x2d, 0x04, 
    0xe8, 0x0b, 0xac, 0x11, 0xf4, 0x12, 0x79, 0x13, 0x31, 0x17, 0x45, 0x18, 0x4e, 0x19, 0x2a, 0x1b, 
    0x50, 0x1c, 0xa1, 0x1a, 0x69, 0x17, 0xe6, 0x15, 0x05, 0x15, 0x99, 0x15, 0xbc, 0x11, 0x0f, 0x0c, 
    0xa5, 0x0a, 0x6e, 0x0a, 0x24, 0x08, 0x0c, 0x03, 0xa5, 0x00, 0x78, 0xff, 0x49, 0xfe, 0xc6, 0xfc, 
    0x02, 0xf9, 0x06, 0xf8, 0x80, 0xf6, 0xbf, 0xf4, 0x27, 0xf3, 0x78, 0xf1, 0x2a, 0xf1, 0xc0, 0xef, 
    0xfd, 0xed, 0x9b, 0xec, 0xe5, 0xeb, 0xc0, 0xeb, 0xe8, 0xea, 0x43, 0xe6, 0x21, 0xe4, 0xb5, 0xe3, 
    0xdf, 0xe7, 0xfb, 0xee, 0x8a, 0xef, 0x12, 0xed, 0x28, 0xeb, 0xae, 0xf2, 0x31, 0xfd, 0xcd, 0x02, 
    0xff, 0x01, 0x6d, 0x01, 0x1a, 0x08, 0x5c, 0x11, 0xc0, 0x16, 0xe0, 0x14, 0x45, 0x15, 0x71, 0x18, 
    0x91, 0x1c, 0xb1, 0x1d, 0x56, 0x1b, 0x59, 0x19, 0xa6, 0x18, 0x8f, 0x19, 0x58, 0x17, 0xf2, 0x13, 
    0x81, 0x10, 0xbc, 0x0d, 0xa3, 0x0c, 0x38, 0x0b, 0xe8, 0x08, 0xbc, 0x04, 0x5f, 0xff, 0xbd, 0xfd, 
    0x70, 0xfe, 0x45, 0xfd, 0x22, 0xfa, 0x45, 0xf6, 0x3e, 0xf3, 0x4f, 0xf3, 0xec, 0xf5, 0x20, 0xf4, 
    0x49, 0xee, 0x6c, 0xeb, 0xef, 0xed, 0x03, 0xf1, 0xd4, 0xee, 0xc2, 0xea, 0x28, 0xe8, 0xfd, 0xe4, 
    0x01, 0xe7, 0x5d, 0xe7, 0x76, 0xe5, 0xaa, 0xeb, 0xb0, 0xef, 0x25, 0xee, 0x37, 0xee, 0x6a, 0xf4, 
    0xe2, 0xfb, 0x66, 0x02, 0x6b, 0x04, 0xc5, 0x04, 0xaa, 0x0a, 0xf1, 0x10, 0x43, 0x16, 0x9b, 0x16, 
    0xda, 0x17, 0xe2, 0x1a, 0x61, 0x1a, 0x9c, 0x1b, 0xba, 0x1d, 0x56, 0x1b, 0xb6, 0x17, 0x8f, 0x15, 
    0xf9, 0x12, 0x3b, 0x14, 0xd6, 0x12, 0xd2, 0x0b, 0xc7, 0x07, 0x74, 0x07, 0xa9, 0x06, 0x87, 0x04, 
    0x3e, 0x00, 0xc2, 0xfb, 0xe2, 0xfa, 0x31, 0xfb, 0xdb, 0xfb, 0x6b, 0xf8, 0xfb, 0xf3, 0x2f, 0xf3, 
    0x52, 0xf2, 0xfb, 0xf2, 0x25, 0xf1, 0x65, 0xed, 0x90, 0xeb, 0x69, 0xec, 0x49, 0xec, 0x08, 0xe9, 
    0xef, 0xe7, 0x61, 0xe6, 0x47, 0xe5, 0x35, 0xe2, 0xc6, 0xe4, 0x6a, 0xee, 0x32, 0xf1, 0x49, 0xf0, 
    0x17, 0xee, 0x5d, 0xf3, 0x2e, 0x00, 0x9c, 0x08, 0xab, 0x08, 0xf7, 0x06, 0x66, 0x0b, 0xb5, 0x14, 
    0xb2, 0x1b, 0x28, 0x1b, 0xaf, 0x1c, 0x22, 0x1d, 0xfb, 0x1a, 0x75, 0x1d, 0xf4, 0x1e, 0x76, 0x1d, 
    0x3c, 0x1a, 0x5f, 0x13, 0x77, 0x0f, 0xe4, 0x12, 0x42, 0x12, 0x34, 0x0c, 0x4b, 0x04, 0x99, 0x00, 
    0x23, 0x04, 0xe5, 0x03, 0x13, 0xff, 0xaf, 0xf9, 0xfd, 0xf5, 0xe7, 0xf6, 0xb5, 0xf9, 0x15, 0xf8, 
    0x98, 0xf4, 0xac, 0xf2, 0x4d, 0xef, 0xf9, 0xef, 0xa3, 0xf0, 0xcc, 0xed, 0x5a, 0xec, 0xc1, 0xe9, 
    0x0d, 0xea, 0x4a, 0xea, 0x99, 0xe7, 0x9a, 0xe4, 0x07, 0xe2, 0x04, 0xe2, 0xae, 0xe6, 0xf7, 0xef, 
    0x77, 0xf1, 0x5b, 0xee, 0xe7, 0xf0, 0xbd, 0xf9, 0xd1, 0x05, 0x95, 0x0b, 0x71, 0x0a, 0xf2, 0x09, 
    0x34, 0x13, 0x68, 0x1d, 0xb6, 0x1e, 0x08, 0x1e, 0x63, 0x1e, 0xb2, 0x1f, 0x41, 0x20, 0xb3, 0x1f, 
    0x06, 0x1d, 0x93, 0x19, 0x6a, 0x16, 0x4c, 0x11, 0x3b, 0x0d, 0x2a, 0x0c, 0xdf, 0x0a, 0x12, 0x07, 
    0x8c, 0x03, 0xcd, 0x00, 0x4a, 0xff, 0x41, 0xff, 0x72, 0xfe, 0xff, 0xfa, 0x47, 0xf7, 0x98, 0xf7, 
    0x13, 0xf8, 0xa2, 0xf7, 0x23, 0xf5, 0x4c, 0xf1, 0x76, 0xf0, 0x7f, 0xef, 0x17, 0xef, 0x22, 0xef, 
    0xad, 0xec, 0x78, 0xe9, 0x92, 0xe9, 0x4e, 0xe8, 0x36, 0xe3, 0xc9, 0xe1, 0x91, 0xde, 0x6a, 0xe2, 
    0xc0, 0xee, 0x66, 0xf1, 0x54, 0xee, 0x08, 0xef, 0x73, 0xf9, 0xdc, 0x05, 0xc7, 0x0d, 0x1c, 0x0e, 
    0xfa, 0x0c, 0x8b, 0x13, 0xe8, 0x1c, 0x55, 0x23, 0xe1, 0x20, 0x1b, 0x21, 0x7e, 0x20, 0xcf, 0x1d, 
    0xad, 0x1f, 0x0d, 0x1d, 0x9a, 0x17, 0x63, 0x12, 0x21, 0x0d, 0xeb, 0x09, 0x8a, 0x0b, 0x93, 0x08, 
    0x07, 0x02, 0x4d, 0xfe, 0x02, 0xff, 0x21, 0x02, 0x2a, 0x00, 0xd1, 0xfb, 0x4e, 0xf7, 0x97, 0xf7, 
    0x03, 0xfc, 0xa1, 0xfc, 0xeb, 0xf6, 0x8a, 0xf3, 0xbc, 0xf2, 0x33, 0xf2, 0xef, 0xf3, 0xc0, 0xef, 
    0xea, 0xea, 0x91, 0xe9, 0x9c, 0xea, 0x55, 0xeb, 0x63, 0xe6, 0x2f, 0xe2, 0x33, 0xe0, 0xd7, 0xdd, 
    0x77, 0xe2, 0x5d, 0xec, 0xa2, 0xf0, 0xa6, 0xf1, 0x41, 0xf4, 0xc5, 0xf9, 0x62, 0x06, 0xbd, 0x10, 
    0x15, 0x11, 0x6a, 0x13, 0x4a, 0x19, 0xaf, 0x20, 0x52, 0x24, 0xb5, 0x22, 0x6e, 0x23, 0xa1, 0x22, 
    0x95, 0x1f, 0x92, 0x1b, 0x54, 0x18, 0xa0, 0x14, 0xec, 0x0e, 0x01, 0x08, 0x21, 0x05, 0xb1, 0x04, 
    0xdb, 0x00, 0xac, 0xfe, 0x61, 0xfe, 0x42, 0xfe, 0x8f, 0xfe, 0xeb, 0xfd, 0x4a, 0xfb, 0xa3, 0xfb, 
    0x64, 0xfd, 0x89, 0xfd, 0x62, 0xfa, 0xc8, 0xf7, 0x3a, 0xf8, 0x9e, 0xf6, 0x3a, 0xf4, 0xe0, 0xed, 
    0x99, 0xea, 0xf8, 0xeb, 0x30, 0xed, 0x29, 0xeb, 0x4d, 0xe5, 0x9d, 0xe2, 0xb4, 0xe1, 0x78, 0xde, 
    0x08, 0xdb, 0x3a, 0xe3, 0x75, 0xee, 0x9b, 0xf2, 0x28, 0xf3, 0x8d, 0xf4, 0x56, 0xff, 0x8a, 0x0d, 
    0x44, 0x14, 0x8b, 0x15, 0x30, 0x1a, 0x00, 0x21, 0x8e, 0x25, 0x78, 0x25, 0x2a, 0x26, 0x17, 0x26, 
    0x08, 0x21, 0x61, 0x1c, 0xda, 0x16, 0xcd, 0x12, 0x14, 0x10, 0xb5, 0x09, 0xaf, 0x01, 0x0e, 0x00, 
    0xf1, 0xff, 0xf2, 0xfd, 0xb9, 0xfd, 0x5d, 0xfd, 0x85, 0xfe, 0x26, 0xfe, 0xa4, 0xfc, 0xbf, 0xfd, 
    0x97, 0xff, 0x09, 0x01, 0x4b, 0x00, 0xed, 0xfb, 0x8c, 0xfa, 0xd2, 0xf9, 0xa4, 0xf6, 0x13, 0xf3, 
    0xf8, 0xef, 0xbc, 0xee, 0x65, 0xeb, 0xae, 0xe8, 0x3c, 0xe6, 0x28, 0xe5, 0xda, 0xe0, 0x5a, 0xdc, 
    0x42, 0xd9, 0x0b, 0xda, 0xcb, 0xe6, 0x9c, 0xef, 0xb6, 0xf3, 0x73, 0xf5, 0xb2, 0xfb, 0x59, 0x06, 
    0x2c, 0x12, 0x1d, 0x1d, 0x15, 0x21, 0xf7, 0x23, 0x56, 0x24, 0x5c, 0x26, 0x9c, 0x26, 0x37, 0x27, 
    0x48, 0x24, 0x94, 0x1b, 0x11, 0x13, 0xb9, 0x0b, 0xa5, 0x08, 0x67, 0x04, 0x3c, 0x01, 0xcc, 0xfd, 
    0x55, 0xfb, 0x22, 0xfa, 0xee, 0xfb, 0x40, 0x00, 0x80, 0x02, 0x78, 0x03, 0x55, 0x02, 0x96, 0x02, 
    0xa3, 0x02, 0x4d, 0x04, 0xec, 0x05, 0x9d, 0x00, 0x7a, 0xfa, 0x8f, 0xf7, 0xbf, 0xf6, 0x02, 0xf4, 
    0x2e, 0xed, 0xd5, 0xe9, 0x29, 0xe8, 0x51, 0xe8, 0x41, 0xe6, 0xe1, 0xe2, 0xc0, 0xde, 0x2b, 0xdb, 
    0x23, 0xd9, 0x31, 0xd5, 0xe2, 0xe0, 0x14, 0xf0, 0xf6, 0xf8, 0x56, 0xf9, 0x4f, 0xfc, 0x12, 0x09, 
    0x1a, 0x16, 0xbb, 0x23, 0x1c, 0x27, 0x31, 0x28, 0xdf, 0x26, 0xaa, 0x27, 0x58, 0x25, 0xc1, 0x22, 
    0xfb, 0x21, 0xdb, 0x17, 0x30, 0x0e, 0x53, 0x03, 0x76, 0xfd, 0xd7, 0xfa, 0xaf, 0xfc, 0x30, 0xfc, 
    0xf7, 0xf8, 0x5e, 0xfa, 0x8d, 0xfd, 0xa8, 0x04, 0xf8, 0x07, 0x88, 0x0b, 0xe5, 0x0b, 0x1b, 0x0b, 
    0x6b, 0x09, 0x13, 0x06, 0x2a, 0x06, 0x24, 0x02, 0x11, 0xfe, 0xf3, 0xf8, 0xed, 0xf3, 0xd3, 0xed, 
    0x79, 0xe9, 0x3c, 0xe9, 0x36, 0xe6, 0xfc, 0xe5, 0x55, 0xe2, 0xa5, 0xde, 0x63, 0xdc, 0x80, 0xd9, 
    0x29, 0xd5, 0xc4, 0xd5, 0x8b, 0xe6, 0x53, 0xf3, 0x01, 0xf9, 0x03, 0xfd, 0x3d, 0x06, 0x1f, 0x13, 
    0xae, 0x1e, 0x1c, 0x27, 0xfe, 0x28, 0xb8, 0x2a, 0x11, 0x28, 0x8c, 0x25, 0xf2, 0x1f, 0xb2, 0x19, 
    0x54, 0x14, 0xa7, 0x0c, 0x8f, 0x05, 0xc7, 0xfd, 0x63, 0xf8, 0x92, 0xf5, 0xc1, 0xf8, 0x9b, 0xfd, 
    0x8f, 0x01, 0xad, 0x01, 0x22, 0x03, 0xd4, 0x09, 0x0a, 0x0e, 0xbd, 0x12, 0x0c, 0x12, 0xbc, 0x0a, 
    0x98, 0x05, 0x78, 0x05, 0x6f, 0x03, 0x67, 0xfd, 0xe9, 0xf8, 0x70, 0xf4, 0x83, 0xf0, 0x62, 0xe9, 
    0x02, 0xe5, 0x7f, 0xe7, 0x19, 0xe9, 0x10, 0xe8, 0x82, 0xe2, 0xea, 0xde, 0xb0, 0xda, 0xab, 0xd4, 
    0xcb, 0xd0, 0x78, 0xd7, 0x17, 0xea, 0x70, 0xf8, 0xe5, 0xfe, 0x15, 0x03, 0x07, 0x10, 0xb8, 0x1b, 
    0x4a, 0x24, 0x3a, 0x2a, 0x1f, 0x2b, 0x0c, 0x2b, 0xdc, 0x27, 0xe1, 0x20, 0x41, 0x14, 0xa9, 0x0f, 
    0xc1, 0x0b, 0x36, 0x05, 0x36, 0xff, 0x70, 0xfa, 0x86, 0xf5, 0xde, 0xf2, 0x8c, 0xfa, 0x35, 0x02, 
    0x44, 0x0b, 0x14, 0x0f, 0x47, 0x0e, 0xa8, 0x0e, 0x2b, 0x12, 0xdc, 0x15, 0xca, 0x10, 0x31, 0x0b, 
    0xfb, 0x04, 0x31, 0x00, 0xd8, 0xf9, 0x00, 0xf5, 0x5b, 0xf5, 0x8d, 0xf4, 0x99, 0xf1, 0x52, 0xe9, 
    0x8a, 0xe6, 0x85, 0xe4, 0x07, 0xe4, 0xcd, 0xe4, 0xff, 0xe1, 0xc9, 0xde, 0x97, 0xd8, 0x0f, 0xd1, 
    0xd2, 0xcc, 0x77, 0xdc, 0x2d, 0xf2, 0xfd, 0x01, 0x05, 0x0c, 0xc9, 0x11, 0x8d, 0x17, 0x3e, 0x1f, 
    0x45, 0x2a, 0xff, 0x2b, 0x86, 0x2a, 0x15, 0x27, 0x46, 0x1c, 0xf1, 0x0b, 0xe7, 0x03, 0x32, 0x03, 
    0x4d, 0xfe, 0x5c, 0xfd, 0x04, 0xfd, 0x0d, 0xf9, 0x64, 0xf5, 0x32, 0xf9, 0x95, 0x02, 0x02, 0x0f, 
    0x7c, 0x1a, 0x7e, 0x1d, 0xf3, 0x1a, 0xf9, 0x15, 0x82, 0x13, 0x5b, 0x10, 0x77, 0x0a, 0xe5, 0x04, 
    0xfa, 0xff, 0x5b, 0xf9, 0xcd, 0xf1, 0x68, 0xef, 0x7f, 0xef, 0x91, 0xf0, 0x01, 0x00, 0x80, 0x07, 
    0x77, 0xf0, 0xc6, 0xef, 0x87, 0xeb, 0x07, 0xe7, 0x54, 0xe6, 0x08, 0xe2, 0xdd, 0xdc, 0x29, 0xd9, 
    0xe7, 0xd4, 0xed, 0xce, 0x41, 0xd7, 0x34, 0xeb, 0x0f, 0x00, 0xb5, 0x0f, 0xd5, 0x14, 0x86, 0x17, 
    0x61, 0x1d, 0x1e, 0x27, 0x91, 0x27, 0xcd, 0x24, 0x44, 0x1f, 0x3a, 0x16, 0x9a, 0x0b, 0x0b, 0x02, 
    0x4f, 0xfa, 0x77, 0xf3, 0x7c, 0xf9, 0x3b, 0xff, 0x68, 0xfe, 0x8a, 0xfb, 0xf6, 0x00, 0xc9, 0x0a, 
    0x80, 0x13, 0xfd, 0x1b, 0x0e, 0x1e, 0x5f, 0x1e, 0xbd, 0x18, 0xfe, 0x0f, 0x7c, 0x07, 0x4f, 0x02, 
    0xf5, 0xfe, 0x22, 0xfa, 0x01, 0xf8, 0xba, 0xf5, 0x8d, 0xf6, 0xf6, 0xf5, 0x11, 0xf4, 0x7f, 0xf5, 
    0x7b, 0xf4, 0x31, 0xf0, 0xab, 0xe9, 0x1b, 0xe8, 0x4c, 0xe4, 0xc0, 0xda, 0xd6, 0xd2, 0xcd, 0xcc, 
    0x8a, 0xc8, 0x63, 0xd1, 0x79, 0xf1, 0x51, 0x0d, 0xd2, 0x19, 0xdb, 0x1d, 0x92, 0x1d, 0x80, 0x1d, 
    0x59, 0x1f, 0x96, 0x25, 0xd1, 0x24, 0x39, 0x1c, 0xec, 0x11, 0x66, 0x05, 0x0b, 0xf7, 0xa5, 0xee, 
    0x8d, 0xef, 0xed, 0xf6, 0x28, 0x02, 0x3a, 0x07, 0x4c, 0x05, 0x1e, 0x07, 0x9e, 0x10, 0x65, 0x1a, 
    0xbf, 0x1d, 0x88, 0x1d, 0xdd, 0x18, 0xb4, 0x0f, 0x93, 0x06, 0xa0, 0xfe, 0x32, 0xfa, 0x0f, 0xf9, 
    0xed, 0xf9, 0x5b, 0xf8, 0x42, 0xf5, 0x29, 0xf6, 0xdf, 0xf9, 0x6a, 0xfc, 0xa2, 0xfd, 0x01, 0xfb, 
    0x80, 0xf3, 0x0b, 0xed, 0xba, 0xe4, 0x88, 0xdb, 0xbd, 0xd4, 0x96, 0xd0, 0x21, 0xca, 0x90, 0xc8, 
    0x73, 0xdc, 0x47, 0xfc, 0x28, 0x14, 0xe5, 0x1d, 0x62, 0x25, 0x6d, 0x28, 0xb2, 0x25, 0x56, 0x24, 
    0xbb, 0x23, 0xb7, 0x1f, 0xda, 0x14, 0xfd, 0x06, 0xf8, 0xf5, 0xe4, 0xeb, 0x4b, 0xea, 0xf1, 0xf0, 
    0x49, 0xfb, 0xf6, 0x03, 0xdf, 0x0c, 0x21, 0x0e, 0xf5, 0x10, 0xdc, 0x18, 0x6a, 0x1f, 0x9b, 0x1f, 
    0x9c, 0x1a, 0xe8, 0x12, 0x72, 0x08, 0x82, 0xfd, 0x9c, 0xf4, 0xd9, 0xf1, 0x36, 0xf1, 0xe4, 0xf4, 
    0x3a, 0xf9, 0xd6, 0xfa, 0xe7, 0xfc, 0x44, 0xfd, 0xfa, 0xfc, 0xeb, 0xfa, 0xa2, 0xf5, 0x46, 0xed, 
    0xa6, 0xe4, 0x82, 0xdc, 0x2c, 0xd4, 0x96, 0xcd, 0x0b, 0xca, 0x11, 0xc9, 0xde, 0xd4, 0x33, 0xf3, 
    0x0a, 0x11, 0x80, 0x21, 0x67, 0x29, 0x6d, 0x30, 0xc7, 0x2f, 0xdc, 0x25, 0xd2, 0x1b, 0x76, 0x15, 
    0x23, 0x10, 0x5c, 0x06, 0xf3, 0xf9, 0x44, 0xee, 0xd5, 0xed, 0x1d, 0xf5, 0x55, 0xfd, 0x3e, 0x06, 
    0xa9, 0x0f, 0x5d, 0x18, 0xf4, 0x1a, 0x35, 0x1b, 0xf0, 0x1a, 0x2d, 0x1b, 0x11, 0x15, 0xfe, 0x0a, 
    0x7c, 0x00, 0x5f, 0xf6, 0xd4, 0xf3, 0xe8, 0xf3, 0x1b, 0xf5, 0x91, 0xf9, 0x41, 0xff, 0x63, 0x04, 
    0xad, 0x05, 0x50, 0x02, 0xc5, 0xfe, 0xd6, 0xf9, 0x9e, 0xf2, 0x24, 0xe8, 0xbb, 0xda, 0x80, 0xd1, 
    0x1f, 0xce, 0x0a, 0xcd, 0xe5, 0xce, 0x57, 0xcf, 0xea, 0xd6, 0xb7, 0xf0, 0xe9, 0x0e, 0xab, 0x22, 
    0x38, 0x2b, 0xa0, 0x31, 0x6b, 0x31, 0x52, 0x25, 0xb2, 0x16, 0x55, 0x0c, 0xa9, 0x05, 0x59, 0x03, 
    0x2d, 0x00, 0x4e, 0xf9, 0x03, 0xf4, 0xdb, 0xf4, 0x14, 0xfe, 0x11, 0x09, 0xc6, 0x14, 0xd5, 0x1f, 
    0xe6, 0x21, 0xea, 0x1a, 0xb9, 0x12, 0xb5, 0x0e, 0x77, 0x0a, 0x93, 0x03, 0xae, 0xfd, 0x01, 0xfb, 
    0x15, 0xf8, 0xc7, 0xf6, 0xb3, 0xf9, 0xa1, 0xfd, 0x0d, 0x04, 0xb8, 0x0a, 0x62, 0x0b, 0xc1, 0x04, 
    0x97, 0xfb, 0xe0, 0xf1, 0x38, 0xea, 0x67, 0xe1, 0x12, 0xd9, 0x1f, 0xd3, 0xef, 0xcf, 0x63, 0xcf, 
    0x2a, 0xd1, 0x77, 0xd0, 0xed, 0xd3, 0xc2, 0xe8, 0x4d, 0x06, 0xbd, 0x22, 0x40, 0x2e, 0x5d, 0x36, 
    0x77, 0x35, 0x0f, 0x28, 0x10, 0x18, 0x05, 0x09, 0xf7, 0x01, 0x81, 0xfd, 0xc6, 0xfb, 0x1d, 0xf5, 
    0x89, 0xf3, 0x52, 0xf5, 0xe1, 0xfd, 0x27, 0x08, 0xbe, 0x13, 0x5c, 0x22, 0x25, 0x27, 0xc7, 0x25, 
    0x2f, 0x1a, 0x98, 0x0f, 0xfd, 0x07, 0x09, 0x00, 0x8a, 0xfa, 0xe4, 0xf5, 0x82, 0xf3, 0xad, 0xf6, 
    0x9a, 0xfc, 0x7c, 0xff, 0x57, 0x02, 0x41, 0x06, 0x86, 0x0a, 0x6d, 0x05, 0x9c, 0xfe, 0x85, 0xf9, 
    0xc1, 0xf0, 0x67, 0xe4, 0x23, 0xd7, 0x71, 0xcf, 0x40, 0xca, 0x56, 0xce, 0x92, 0xd3, 0x1c, 0xd8, 
    0x76, 0xd8, 0x78, 0xe8, 0xd6, 0x07, 0x93, 0x1f, 0x9b, 0x2d, 0xd3, 0x34, 0xb4, 0x3c, 0xa7, 0x2b, 
    0x49, 0x13, 0x57, 0xfe, 0x0a, 0xf6, 0x7a, 0xf8, 0xe2, 0xf7, 0x8c, 0xfa, 0x05, 0xfc, 0xc9, 0x05, 
    0xef, 0x0a, 0xca, 0x0c, 0xad, 0x13, 0xe5, 0x20, 0x4c, 0x26, 0xa3, 0x1e, 0x80, 0x13, 0x52, 0x06, 
    0xc0, 0xff, 0xd6, 0xf6, 0xa2, 0xf1, 0x9c, 0xf3, 0x99, 0xf5, 0x57, 0xfc, 0x5d, 0x02, 0x64, 0x07, 
    0xfd, 0x0a, 0xa7, 0x0a, 0xae, 0x0a, 0xf4, 0x02, 0x00, 0xf8, 0x73, 0xf1, 0xfa, 0xe7, 0xd1, 0xde, 
    0x99, 0xd6, 0xcc, 0xcc, 0xda, 0xc8, 0x30, 0xd1, 0x72, 0xdc, 0xa8, 0xde, 0x85, 0xdf, 0xb3, 0xf2, 
    0x99, 0x0e, 0xe3, 0x1b, 0x3a, 0x24, 0xea, 0x2f, 0xb7, 0x32, 0x5a, 0x27, 0x24, 0x12, 0xcf, 0x05, 
    0x5a, 0xfc, 0x1f, 0xf4, 0xda, 0xf4, 0x41, 0xf6, 0x0f, 0x00, 0x9a, 0x0a, 0x49, 0x12, 0x9f, 0x13, 
    0x41, 0x1a, 0x8c, 0x22, 0x0f, 0x22, 0xea, 0x1a, 0xa7, 0x0e, 0xd8, 0x07, 0xed, 0xfd, 0xc9, 0xf8, 
    0xa3, 0xf4, 0xa5, 0xf5, 0x61, 0xfd, 0xbf, 0x00, 0x47, 0x03, 0x8d, 0x05, 0x06, 0x08, 0x5d, 0x05, 
    0x50, 0x01, 0x76, 0xfa, 0x62, 0xf5, 0x51, 0xf1, 0x7a, 0xe9, 0xe7, 0xdf, 0xe6, 0xd6, 0x9f, 0xd1, 
    0x24, 0xce, 0x2f, 0xd0, 0xa8, 0xd7, 0x7e, 0xdb, 0xc9, 0xdf, 0xd1, 0xf4, 0xcd, 0x0c, 0x16, 0x1e, 
    0xa4, 0x28, 0xba, 0x33, 0xc7, 0x36, 0xf6, 0x24, 0x09, 0x10, 0x9c, 0xff, 0xbd, 0xf4, 0xda, 0xee, 
    0x6f, 0xf3, 0x73, 0xfa, 0x5c, 0x01, 0x76, 0x0b, 0xd7, 0x15, 0xa1, 0x1b, 0x36, 0x1e, 0x93, 0x25, 
    0xc4, 0x22, 0x84, 0x18, 0xbd, 0x0f, 0x93, 0x04, 0x65, 0xf8, 0x1e, 0xf0, 0x60, 0xf2, 0xfd, 0xf6, 
    0x29, 0xfb, 0xd5, 0x03, 0x9a, 0x09, 0xd8, 0x0c, 0x9a, 0x0c, 0x63, 0x08, 0x4e, 0x01, 0x70, 0xf8, 
    0x40, 0xf1, 0xc2, 0xe8, 0x29, 0xdf, 0x20, 0xd7, 0xae, 0xd3, 0x6c, 0xcf, 0x5d, 0xd1, 0x02, 0xd7, 
    0x1e, 0xdb, 0x1d, 0xdc, 0xa8, 0xe4, 0xb2, 0xff, 0x85, 0x13, 0xb3, 0x1e, 0xcf, 0x2a, 0x1d, 0x36, 
    0xf7, 0x32, 0xb8, 0x1d, 0x61, 0x06, 0x83, 0xf9, 0xf8, 0xef, 0x07, 0xeb, 0x8c, 0xf0, 0x58, 0xfd, 
    0x27, 0x12, 0x1c, 0x1a, 0xac, 0x1c, 0x8b, 0x20, 0x11, 0x24, 0x5f, 0x25, 0xd8, 0x1a, 0xac, 0x0c, 
    0xa1, 0x03, 0x3e, 0xfc, 0xc9, 0xf4, 0xf3, 0xf2, 0xd4, 0xf2, 0xa0, 0xfb, 0x0a, 0x05, 0x7e, 0x0c, 
    0x79, 0x11, 0x75, 0x0d, 0xc5, 0x0a, 0x23, 0x02, 0xa2, 0xf4, 0x9f, 0xec, 0x64, 0xe6, 0x43, 0xe2, 
    0x5b, 0xe0, 0xd8, 0xdb, 0x22, 0xd8, 0x9c, 0xd5, 0x7e, 0xd6, 0xb9, 0xda, 0x53, 0xd9, 0x13, 0xdd, 
    0x1a, 0xee, 0xa9, 0x05, 0x5a, 0x19, 0x18, 0x21, 0x01, 0x2b, 0xcb, 0x33, 0xf0, 0x29, 0x4d, 0x13, 
    0xca, 0x01, 0x08, 0xf8, 0xae, 0xf4, 0xba, 0xf3, 0x3d, 0xf9, 0x41, 0x08, 0xc9, 0x12, 0xa1, 0x19, 
    0xd6, 0x17, 0x25, 0x19, 0x9d, 0x1e, 0xf6, 0x1c, 0x1a, 0x17, 0x3d, 0x0d, 0xbf, 0x05, 0x75, 0xff, 
    0x42, 0xf6, 0xe9, 0xef, 0x89, 0xf4, 0x48, 0xff, 0xee, 0x07, 0xb7, 0x0e, 0xcc, 0x10, 0x04, 0x0d, 
    0x09, 0x07, 0xa1, 0xff, 0xe6, 0xf7, 0xcd, 0xec, 0xf0, 0xe4, 0xcf, 0xde, 0x51, 0xda, 0xea, 0xd6, 
    0x18, 0xd2, 0x9a, 0xd1, 0xae, 0xd5, 0x59, 0xdb, 0x4b, 0xdb, 0x6c, 0xe5, 0xcd, 0xfb, 0x60, 0x10, 
    0xea, 0x1c, 0x40, 0x25, 0xcf, 0x31, 0x75, 0x30, 0x94, 0x1d, 0xb5, 0x0b, 0xf7, 0x00, 0xe6, 0xf8, 
    0xa7, 0xf1, 0xc9, 0xf3, 0xa7, 0x00, 0x41, 0x0c, 0x62, 0x12, 0xc6, 0x14, 0xb6, 0x18, 0x0e, 0x20, 
    0xc5, 0x21, 0x4f, 0x1b, 0x82, 0x11, 0x5d, 0x0a, 0xc0, 0x02, 0xdb, 0xf7, 0x0c, 0xef, 0xa6, 0xef, 
    0x6f, 0xf5, 0xfd, 0xfd, 0x65, 0x08, 0xf0, 0x0f, 0xb4, 0x14, 0x52, 0x10, 0x8a, 0x09, 0x7d, 0xfc, 
    0x72, 0xf0, 0xac, 0xeb, 0xf7, 0xe3, 0xd8, 0xde, 0x78, 0xda, 0x30, 0xd7, 0x78, 0xd1, 0xae, 0xd0, 
    0x93, 0xd5, 0xdb, 0xd7, 0x2c, 0xde, 0x89, 0xf2, 0x4e, 0x09, 0x52, 0x18, 0xf5, 0x27, 0xf7, 0x31, 
    0x89, 0x32, 0x84, 0x25, 0xfe, 0x14, 0x08, 0x03, 0xa8, 0xf0, 0x57, 0xeb, 0xcb, 0xee, 0x7f, 0xf7, 
    0xac, 0x07, 0xd6, 0x13, 0x53, 0x1a, 0x61, 0x1f, 0xf2, 0x1e, 0x20, 0x1f, 0xbd, 0x18, 0xb0, 0x12, 
    0x01, 0x0c, 0xc2, 0x00, 0x97, 0xfa, 0x1d, 0xf5, 0xde, 0xf2, 0x70, 0xf5, 0x34, 0xfd, 0xf0, 0x03, 
    0x11, 0x0c, 0xf5, 0x0f, 0x7d, 0x0f, 0xea, 0x0a, 0xbb, 0xfd, 0xcc, 0xf6, 0x30, 0xea, 0xb6, 0xe1, 
    0x4f, 0xe3, 0x42, 0xe3, 0x45, 0xe2, 0x92, 0xdb, 0x74, 0xd7, 0x88, 0xd5, 0x48, 0xd8, 0xb6, 0xdf, 
    0x7f, 0xea, 0x20, 0xfb, 0x98, 0x0d, 0x24, 0x18, 0xd9, 0x1d, 0x2e, 0x2a, 0x9e, 0x28, 0x61, 0x1b, 
    0x59, 0x0f, 0x73, 0x03, 0x40, 0xfb, 0x51, 0xf5, 0x4d, 0xfa, 0xd9, 0x02, 0xe3, 0x0a, 0x1b, 0x16, 
    0x63, 0x19, 0x16, 0x1a, 0x89, 0x1b, 0x19, 0x17, 0xd0, 0x12, 0xcc, 0x0d, 0xc0, 0x06, 0x99, 0x01, 
    0x7c, 0xf9, 0xda, 0xf5, 0x22, 0xf7, 0x28, 0xfa, 0xba, 0xff, 0x86, 0x04, 0x33, 0x0b, 0xf7, 0x0c, 
    0xc8, 0x07, 0x54, 0x01, 0x15, 0xfb, 0x0c, 0xf3, 0xf4, 0xeb, 0x39, 0xe5, 0xa7, 0xdd, 0x4a, 0xdb, 
    0x87, 0xdb, 0x0d, 0xdc, 0xf9, 0xd9, 0xa8, 0xdb, 0x08, 0xde, 0xaa, 0xde, 0x4d, 0xe8, 0x2b, 0xfa, 
    0x7f, 0x0f, 0x1d, 0x1e, 0x33, 0x2c, 0x54, 0x33, 0xb0, 0x2b, 0xc4, 0x1d, 0xab, 0x0a, 0xfd, 0xf7, 
    0xa2, 0xee, 0x78, 0xf0, 0x4e, 0xfa, 0x42, 0x09, 0x7e, 0x18, 0xfa, 0x21, 0xe4, 0x21, 0x40, 0x20, 
    0xf5, 0x1b, 0x69, 0x0f, 0xa8, 0x04, 0x4f, 0x02, 0xc7, 0x02, 0x95, 0x00, 0xac, 0xfd, 0x2c, 0xfd, 
    0x80, 0xfb, 0xd0, 0xfb, 0x36, 0xfe, 0xea, 0x03, 0xb5, 0x0a, 0x05, 0x0e, 0x16, 0x0b, 0x25, 0x00, 
    0x9c, 0xf6, 0x6a, 0xec, 0x8f, 0xe3, 0x13, 0xde, 0xb4, 0xdb, 0x1c, 0xdc, 0x41, 0xdc, 0x8d, 0xdb, 
    0xb0, 0xd9, 0xe2, 0xd9, 0xed, 0xdb, 0x60, 0xe4, 0xde, 0xf4, 0x9e, 0x07, 0x52, 0x18, 0x34, 0x28, 
    0x7a, 0x35, 0xe5, 0x2f, 0x94, 0x1e, 0x77, 0x0c, 0xfb, 0xfb, 0xd5, 0xf1, 0x5b, 0xec, 0x8f, 0xf6, 
    0x0e, 0x08, 0xf3, 0x16, 0xe2, 0x21, 0xad, 0x22, 0x26, 0x1d, 0x1e, 0x18, 0x0c, 0x10, 0x9a, 0x07, 
    0xbb, 0x02, 0x5e, 0x02, 0xc0, 0x04, 0x69, 0xfe, 0xd5, 0xfb, 0x82, 0xfc, 0x7a, 0xfa, 0x91, 0xfd, 
    0xb6, 0x03, 0x3a, 0x08, 0x5a, 0x0c, 0xec, 0x0c, 0x1d, 0x07, 0x44, 0xff, 0xf4, 0xf4, 0xa3, 0xeb, 
    0xac, 0xe2, 0xcc, 0xdb, 0xbc, 0xd7, 0x66, 0xd4, 0xa1, 0xd5, 0x6a, 0xd9, 0xda, 0xde, 0x5c, 0xe4, 
    0xab, 0xe3, 0xfd, 0xeb, 0x3f, 0xff, 0xe4, 0x0c, 0x16, 0x15, 0x94, 0x23, 0x98, 0x32, 0xd3, 0x29, 
    0x08, 0x18, 0x7b, 0x0b, 0x25, 0x01, 0xc5, 0xf6, 0x9f, 0xf3, 0xba, 0xf9, 0x46, 0x05, 0x1a, 0x14, 
    0xcf, 0x1b, 0x31, 0x1f, 0xdf, 0x1e, 0x2a, 0x1c, 0x66, 0x11, 0x9d, 0x07, 0x2f, 0x04, 0x82, 0xff, 
    0x47, 0xfb, 0x22, 0xfa, 0x2e, 0xfb, 0x0d, 0xfc, 0xa8, 0x01, 0x84, 0x07, 0x9b, 0x0b, 0x29, 0x0d, 
    0x7f, 0x0d, 0x04, 0x09, 0xdb, 0x01, 0xba, 0xf8, 0x56, 0xec, 0x4e, 0xe6, 0xb2, 0xde, 0x47, 0xd8, 
    0x39, 0xd7, 0x36, 0xda, 0xcb, 0xde, 0x86, 0xde, 0x6c, 0xdd, 0x0e, 0xdb, 0x7e, 0xe0, 0x3a, 0xf5, 
    0x40, 0x07, 0x20, 0x12, 0x2c, 0x23, 0x28, 0x33, 0xe6, 0x31, 0x0f, 0x22, 0x6f, 0x0e, 0x70, 0xff, 
    0x93, 0xf5, 0x0e, 0xed, 0x72, 0xef, 0x0a, 0xff, 0xab, 0x16, 0xf0, 0x22, 0xda, 0x1f, 0x49, 0x1e, 
    0x1a, 0x1b, 0x83, 0x10, 0xf8, 0x02, 0xdb, 0xfd, 0x5f, 0xfd, 0x1f, 0xff, 0x27, 0x01, 0x28, 0x00, 
    0x1a, 0xfe, 0xc0, 0xff, 0x9e, 0x03, 0x08, 0x04, 0xeb, 0x06, 0x2e, 0x0e, 0x66, 0x0f, 0x3b, 0x08, 
    0x0d, 0x02, 0x89, 0xf9, 0xe5, 0xee, 0x68, 0xe6, 0x66, 0xde, 0x9b, 0xd9, 0xdc, 0xd7, 0xe2, 0xd8, 
    0xc3, 0xda, 0x9f, 0xdb, 0x58, 0xdc, 0xf6, 0xd9, 0x0e, 0xe5, 0xe4, 0xf9, 0x1a, 0x0c, 0x90, 0x1c, 
    0x3b, 0x2c, 0xb3, 0x33, 0x59, 0x2a, 0xab, 0x1a, 0x7a, 0x0b, 0x9c, 0xff, 0xab, 0xf2, 0x21, 0xf1, 
    0x6d, 0xf8, 0x96, 0x07, 0x18, 0x18, 0x8f, 0x1d, 0xdb, 0x1e, 0x57, 0x1b, 0xad, 0x15, 0x16, 0x0c, 
    0xce, 0x02, 0xd8, 0xff, 0xdc, 0x02, 0x8f, 0x01, 0xf9, 0xfe, 0x0c, 0xfc, 0xda, 0xf9, 0x23, 0xfc, 
    0xa6, 0xfc, 0x1a, 0x01, 0x8d, 0x08, 0x93, 0x0d, 0x91, 0x0e, 0x37, 0x0b, 0x27, 0x04, 0xaf, 0xfa, 
    0x95, 0xed, 0x13, 0xe1, 0xe9, 0xd9, 0x7f, 0xd5, 0xf4, 0xd3, 0xc3, 0xd6, 0x10, 0xdd, 0x4a, 0xde, 
    0xe1, 0xd7, 0x33, 0xdd, 0x1d, 0xef, 0x22, 0xff, 0x4b, 0x10, 0x5c, 0x23, 0x42, 0x37, 0x82, 0x3a, 
    0xac, 0x2c, 0x0b, 0x1d, 0xcc, 0x0a, 0xf7, 0xf9, 0xc9, 0xea, 0xec, 0xe5, 0x2f, 0xf1, 0x66, 0x04, 
    0x8d, 0x14, 0xcc, 0x1f, 0x54, 0x23, 0x31, 0x26, 0x9c, 0x1e, 0x71, 0x09, 0xa4, 0xfd, 0xa4, 0xf7, 
    0x0f, 0xf7, 0xa0, 0xf7, 0xc3, 0xfa, 0x14, 0x01, 0x1f, 0x07, 0x00, 0x09, 0x93, 0x08, 0x16, 0x07, 
    0x6a, 0x08, 0x90, 0x09, 0x62, 0x02, 0xfe, 0x00, 0xe1, 0xfd, 0xa0, 0xf9, 0x8b, 0xef, 0x2e, 0xe4, 
    0xfa, 0xdc, 0x47, 0xd2, 0xd2, 0xcc, 0xb6, 0xcd, 0xdb, 0xd3, 0xae, 0xd6, 0x99, 0xe0, 0x47, 0xf6, 
    0x31, 0x08, 0x31, 0x13, 0x9f, 0x1f, 0x7b, 0x2a, 0xe3, 0x2b, 0xc9, 0x24, 0x27, 0x18, 0xc6, 0x0d, 
    0xd1, 0x04, 0x8f, 0xf7, 0xf2, 0xed, 0xf0, 0xf1, 0x1c, 0x01, 0x16, 0x0c, 0x6e, 0x11, 0x0c, 0x1b, 
    0x75, 0x20, 0xe8, 0x1b, 0xa3, 0x0f, 0x45, 0x04, 0x16, 0xfe, 0xc3, 0xfc, 0x61, 0xf8, 0x6a, 0xf7, 
    0x02, 0x00, 0x4e, 0x08, 0xb5, 0x0a, 0xb1, 0x08, 0x4b, 0x0c, 0x95, 0x0c, 0xf3, 0x04, 0x78, 0xff, 
    0x01, 0x00, 0x80, 0x07, 0x78, 0xff, 0xd5, 0xfb, 0x0f, 0xf7, 0x3a, 0xf4, 0x85, 0xec, 0x18, 0xe3, 
    0x7f, 0xdb, 0xfb, 0xd5, 0x21, 0xd1, 0xc0, 0xd3, 0x77, 0xdd, 0x7c, 0xdb, 0x97, 0xe0, 0xee, 0xf5, 
    0xf0, 0x08, 0x14, 0x13, 0xca, 0x1c, 0x8b, 0x30, 0x26, 0x31, 0x48, 0x25, 0x8f, 0x1b, 0x8a, 0x10, 
    0x8b, 0x00, 0x8f, 0xf2, 0x1c, 0xee, 0xa5, 0xf0, 0x84, 0xfb, 0xf6, 0x07, 0x74, 0x15, 0xea, 0x19, 
    0xba, 0x20, 0xd5, 0x1c, 0xd4, 0x0e, 0x76, 0x08, 0x12, 0x02, 0x10, 0xff, 0x3a, 0xfb, 0x12, 0xfc, 
    0x40, 0x00, 0x25, 0x00, 0x5d, 0x00, 0x88, 0x04, 0x5c, 0x05, 0x13, 0x06, 0xcd, 0x06, 0x8e, 0x04, 
    0x68, 0x05, 0x84, 0xfe, 0x64, 0xf9, 0x6a, 0xf2, 0x5d, 0xe3, 0x8f, 0xdc, 0x6c, 0xd5, 0xd8, 0xd0, 
    0x13, 0xd1, 0x4f, 0xd8, 0xde, 0xe1, 0x1c, 0xe3, 0x00, 0xeb, 0xd5, 0xff, 0xed, 0x0d, 0xd0, 0x12, 
    0x46, 0x22, 0xbd, 0x2f, 0xa2, 0x2e, 0xfd, 0x21, 0xd0, 0x15, 0x45, 0x0e, 0xf9, 0xfb, 0x77, 0xee, 
    0x19, 0xed, 0x20, 0xf3, 0x1f, 0x01, 0x30, 0x0c, 0x7a, 0x16, 0x0a, 0x21, 0xb2, 0x24, 0x84, 0x1d, 
    0xa4, 0x11, 0x2d, 0x06, 0xa0, 0xff, 0x0f, 0xf9, 0x9e, 0xf3, 0xed, 0xf5, 0xb0, 0xf9, 0x9e, 0xff, 
    0x1b, 0x03, 0xb1, 0x04, 0x9f, 0x06, 0x70, 0x08, 0x50, 0x06, 0x8f, 0x02, 0x9c, 0xfe, 0x5f, 0xfb, 
    0x4b, 0xf7, 0x5f, 0xec, 0xdd, 0xe4, 0xff, 0xde, 0x56, 0xdc, 0xf7, 0xd5, 0xc7, 0xd2, 0xc1, 0xda, 
    0x14, 0xe0, 0x4f, 0xe0, 0x8e, 0xe6, 0x6b, 0xfd, 0x66, 0x0f, 0x44, 0x19, 0x01, 0x25, 0x01, 0x31, 
    0x9e, 0x31, 0x9c, 0x26, 0x48, 0x17, 0x22, 0x06, 0xe4, 0xf9, 0xea, 0xf1, 0x94, 0xee, 0x1b, 0xf5, 
    0x5d, 0x06, 0xed, 0x14, 0x33, 0x1d, 0x45, 0x21, 0x24, 0x21, 0xc8, 0x17, 0x12, 0x0b, 0xfc, 0x00, 
    0xc7, 0xf8, 0x94, 0xf4, 0x28, 0xf6, 0x20, 0xfc, 0x7c, 0xff, 0xb5, 0x03, 0xb3, 0x06, 0xb3, 0x05, 
    0x3a, 0x03, 0xac, 0x01, 0x4b, 0x01, 0x24, 0xfe, 0x48, 0xfc, 0xc0, 0xfb, 0x06, 0xf6, 0xd5, 0xef, 
    0xcb, 0xe7, 0x13, 0xde, 0xfe, 0xd7, 0x3d, 0xd6, 0x44, 0xd6, 0x32, 0xd8, 0x50, 0xdb, 0xea, 0xde, 
    0xe2, 0xea, 0xc3, 0xfd, 0xd2, 0x0e, 0x5e, 0x1a, 0x8f, 0x29, 0xc5, 0x35, 0x2c, 0x32, 0x8e, 0x25, 
    0x86, 0x19, 0x4e, 0x0b, 0x7c, 0xfa, 0x25, 0xed, 0xad, 0xea, 0x5c, 0xf4, 0x9c, 0x02, 0xb0, 0x0f, 
    0xb6, 0x19, 0x4b, 0x21, 0x3f, 0x21, 0xe4, 0x19, 0xfc, 0x0e, 0xef, 0x06, 0x47, 0x00, 0x78, 0xfd, 
    0x3e, 0xfd, 0x80, 0xfe, 0x6f, 0xff, 0x09, 0x00, 0x9c, 0x00, 0x0d, 0xfc, 0x0c, 0xfc, 0xd4, 0xfc, 
    0xef, 0xfe, 0xd3, 0xfe, 0xbf, 0xff, 0x7b, 0x00, 0x47, 0xfa, 0x6f, 0xf3, 0xe1, 0xe7, 0x39, 0xdf, 
    0xb3, 0xd6, 0x78, 0xd2, 0x6b, 0xcf, 0xd6, 0xcf, 0x19, 0xd5, 0xa5, 0xd7, 0xfc, 0xea, 0x0e, 0x03, 
    0x80, 0x17, 0x39, 0x24, 0xaa, 0x33, 0xd8, 0x3b, 0x20, 0x2f, 0xa2, 0x20, 0x43, 0x12, 0x43, 0x02, 
    0xaa, 0xed, 0x12, 0xe8, 0x2a, 0xee, 0xca, 0xf8, 0x92, 0x07, 0x13, 0x17, 0x58, 0x24, 0x98, 0x27, 
    0xf8, 0x22, 0xae, 0x18, 0x64, 0x0b, 0xee, 0xff, 0xab, 0xf8, 0x9e, 0xf4, 0x8e, 0xf4, 0x9f, 0xfa, 
    0xcc, 0x00, 0xb5, 0x01, 0xb6, 0x04, 0xd3, 0x06, 0xff, 0x06, 0x8c, 0x02, 0x15, 0x02, 0xaa, 0x03, 
    0xbc, 0xff, 0x0a, 0xfb, 0x81, 0xf8, 0x85, 0xf0, 0x89, 0xe1, 0x4e, 0xd7, 0x3b, 0xd0, 0x88, 0xce, 
    0xa7, 0xcd, 0x6b, 0xd4, 0x0a, 0xda, 0xf0, 0xe2, 0xe0, 0xf8, 0x00, 0x0c, 0x9f, 0x13, 0xfc, 0x1d, 
    0x38, 0x30, 0xc1, 0x2f, 0x94, 0x25, 0xfc, 0x1c, 0xb1, 0x17, 0x89, 0x06, 0x15, 0xf6, 0xf2, 0xf4, 
    0x39, 0xf4, 0x20, 0xfa, 0x7b, 0x05, 0x18, 0x10, 0x19, 0x16, 0xfa, 0x1d, 0xc6, 0x1d, 0x83, 0x14, 
    0x41, 0x0c, 0xfc, 0x08, 0x5d, 0x03, 0x7b, 0xf9, 0xf2, 0xf9, 0xd0, 0xfe, 0xef, 0xfe, 0x7f, 0xfc, 
    0x76, 0xfd, 0x4d, 0xff, 0xfb, 0xff, 0x3d, 0xff, 0x68, 0x00, 0x22, 0x02, 0x2e, 0x02, 0xcd, 0xff, 
    0x8a, 0xf8, 0x1e, 0xee, 0x40, 0xe4, 0xe4, 0xdc, 0x03, 0xd5, 0x8d, 0xd1, 0xd1, 0xd2, 0x75, 0xd7, 
    0x52, 0xda, 0x2c, 0xe2, 0xf5, 0xf4, 0x2d, 0x07, 0x2a, 0x13, 0xaa, 0x1f, 0x52, 0x31, 0xf8, 0x31, 
    0x2a, 0x29, 0x4d, 0x20, 0x63, 0x15, 0xe7, 0x03, 0xed, 0xf2, 0xff, 0xf2, 0x60, 0xf4, 0xa5, 0xfb, 
    0x3b, 0x07, 0xad, 0x12, 0x89, 0x19, 0x10, 0x1d, 0xb3, 0x1a, 0x1d, 0x11, 0x2b, 0x0d, 0xff, 0x06, 
    0xbb, 0x01, 0xfd, 0xfc, 0xbe, 0xfe, 0x1c, 0x02, 0xa7, 0xff, 0x8f, 0x00, 0xf9, 0xff, 0xcb, 0xfd, 
    0x89, 0xfb, 0x66, 0xfb, 0x42, 0xfd, 0x11, 0xfe, 0x59, 0xff, 0x2f, 0xff, 0x65, 0xfa, 0x71, 0xf1, 
    0x51, 0xe8, 0x7a, 0xe0, 0xa8, 0xd6, 0x2a, 0xd1, 0xdd, 0xcf, 0xd6, 0xd2, 0x76, 0xd3, 0x36, 0xd8, 
    0xad, 0xed, 0x75, 0x02, 0xb7, 0x11, 0x17, 0x22, 0x60, 0x36, 0xcd, 0x39, 0x5b, 0x2f, 0x12, 0x27, 
    0xfd, 0x18, 0x59, 0x04, 0x0a, 0xf4, 0x9f, 0xed, 0xb1, 0xec, 0x07, 0xf5, 0xa7, 0x04, 0xb5, 0x10, 
    0xe9, 0x1a, 0x51, 0x23, 0xbb, 0x1f, 0x08, 0x15, 0xcf, 0x0b, 0xa7, 0x06, 0xb1, 0xfd, 0xfe, 0xfa, 
    0x91, 0x00, 0x10, 0x05, 0x5c, 0x05, 0x8c, 0x04, 0x45, 0x04, 0x30, 0xfd, 0x08, 0xf9, 0xcc, 0xf7, 
    0x6c, 0xf9, 0x75, 0xfa, 0xcf, 0xfe, 0xd8, 0x00, 0xb6, 0xfd, 0xbd, 0xf8, 0x3a, 0xee, 0x27, 0xe3, 
    0x82, 0xd6, 0x27, 0xcf, 0x3f, 0xcc, 0x43, 0xce, 0x09, 0xd0, 0xa5, 0xda, 0x14, 0xf0, 0xe7, 0x01, 
    0x67, 0x10, 0xc9, 0x20, 0x0c, 0x30, 0x06, 0x30, 0x43, 0x2b, 0xee, 0x25, 0x3e, 0x17, 0xe0, 0x05, 
    0x25, 0xfb, 0x81, 0xf2, 0x42, 0xf0, 0x00, 0xf8, 0x34, 0x03, 0xd9, 0x0b, 0x7a, 0x14, 0xf8, 0x1c, 
    0x0d, 0x1b, 0xdc, 0x15, 0x02, 0x13, 0x08, 0x0e, 0x07, 0x06, 0x2b, 0x03, 0xa6, 0x03, 0x51, 0x02, 
    0x2f, 0x00, 0x6c, 0x00, 0x87, 0xff, 0xe0, 0xfa, 0xd1, 0xfa, 0xf2, 0xfb, 0xa6, 0xfa, 0xd0, 0xfb, 
    0x36, 0xff, 0x4b, 0xff, 0x0a, 0xfd, 0x22, 0xf9, 0x63, 0xf1, 0xfd, 0xe5, 0x59, 0xde, 0x12, 0xd8, 
    0xe9, 0xcf, 0x16, 0xcd, 0x3b, 0xce, 0x45, 0xd2, 0x7c, 0xdd, 0x0d, 0xf2, 0x42, 0x07, 0xb6, 0x19, 
    0xc9, 0x2a, 0x78, 0x38, 0x8c, 0x36, 0x60, 0x2a, 0xfd, 0x1f, 0x43, 0x0f, 0x68, 0xfb, 0x28, 0xef, 
    0xfe, 0xf0, 0xf6, 0xf5, 0xaa, 0xfb, 0x6e, 0x09, 0xfc, 0x15, 0x5f, 0x1a, 0x41, 0x1a, 0x33, 0x16, 
    0x66, 0x0e, 0xb2, 0x07, 0x0c, 0x06, 0x53, 0x05, 0x80, 0x03, 0xa0, 0x06, 0xa9, 0x0a, 0xe7, 0x07, 
    0x37, 0x01, 0x8e, 0xfd, 0x99, 0xfa, 0x99, 0xf7, 0x65, 0xf8, 0x64, 0xfc, 0xfe, 0x00, 0xae, 0x05, 
    0x47, 0x06, 0x76, 0xfe, 0x84, 0xf3, 0xcb, 0xe7, 0x13, 0xda, 0x93, 0xce, 0x14, 0xca, 0x6e, 0xca, 
    0x29, 0xcc, 0xbb, 0xcf, 0xfe, 0xdf, 0x0e, 0xf5, 0x8b, 0x04, 0x7b, 0x14, 0x88, 0x26, 0x47, 0x33, 
    0x48, 0x30, 0xa3, 0x2a, 0x49, 0x24, 0x05, 0x15, 0x4e, 0x03, 0xd5, 0xf8, 0x74, 0xf1, 0xa9, 0xf2, 
    0xd3, 0xf9, 0x4c, 0x01, 0x72, 0x0a, 0x17, 0x13, 0x3a, 0x19, 0x95, 0x13, 0xbe, 0x0e, 0xdc, 0x0d, 
    0x4a, 0x0c, 0x5f, 0x07, 0xe7, 0x06, 0xab, 0x09, 0x33, 0x0a, 0x05, 0x07, 0xca, 0x01, 0xae, 0xff, 
    0x09, 0xfb, 0x4c, 0xfa, 0x91, 0xf9, 0xe9, 0xf9, 0xc4, 0xfe, 0xec, 0x03, 0x15, 0x03, 0xc7, 0xfe, 
    0x04, 0xfc, 0xa1, 0xf3, 0x72, 0xe5, 0xd0, 0xd9, 0xd1, 0xd4, 0x13, 0xd0, 0x35, 0xcd, 0x0c, 0xce, 
    0x69, 0xd4, 0x29, 0xe4, 0xd8, 0xf5, 0xa1, 0x06, 0x59, 0x18, 0xf0, 0x28, 0xc7, 0x34, 0xf4, 0x32, 
    0x17, 0x2b, 0x3e, 0x20, 0xec, 0x10, 0x20, 0x00, 0xe3, 0xf2, 0x5b, 0xf2, 0x1a, 0xf6, 0xd3, 0xfb, 
    0x97, 0x04, 0x59, 0x0e, 0x1e, 0x13, 0xbb, 0x13, 0xb9, 0x0e, 0xac, 0x08, 0x6d, 0x06, 0x95, 0x04, 
    0x29, 0x04, 0xf6, 0x04, 0x3b, 0x0b, 0x39, 0x0f, 0x04, 0x0c, 0x39, 0x04, 0x80, 0x00, 0x8a, 0xfd, 
    0xa5, 0xf7, 0xf5, 0xf3, 0xfd, 0xf8, 0x62, 0x01, 0x7f, 0x03, 0xb6, 0x04, 0x58, 0x02, 0x50, 0xfb, 
    0xa6, 0xee, 0x19, 0xe1, 0xb8, 0xd4, 0xa4, 0xcd, 0xdc, 0xcc, 0x7b, 0xd0, 0xb6, 0xd3, 0x98, 0xdc, 
    0xb1, 0xf0, 0x6c, 0xff, 0xd9, 0x0a, 0x77, 0x18, 0x19, 0x29, 0xcb, 0x2c, 0xa7, 0x2a, 0x80, 0x2a, 
    0x00, 0x21, 0xdd, 0x12, 0x51, 0x06, 0x3d, 0xfd, 0x68, 0xf4, 0x35, 0xf4, 0xaf, 0xf9, 0x6f, 0xfe, 
    0x51, 0x04, 0xba, 0x0c, 0xa0, 0x10, 0x1f, 0x0d, 0xaa, 0x0a, 0xd0, 0x0a, 0xff, 0x07, 0xc4, 0x04, 
    0x04, 0x06, 0x9d, 0x08, 0x4f, 0x09, 0x95, 0x09, 0x62, 0x07, 0x1e, 0x02, 0x7f, 0xff, 0x2b, 0xfc, 
    0x79, 0xf6, 0xab, 0xf4, 0x5f, 0xfa, 0x40, 0xfd, 0x11, 0xfe, 0x4e, 0xff, 0xf3, 0xfd, 0x4e, 0xf6, 
    0xf6, 0xeb, 0x4c, 0xe2, 0x03, 0xd7, 0x71, 0xd0, 0x20, 0xce, 0xc1, 0xcc, 0xe7, 0xcf, 0x0e, 0xe1, 
    0xfb, 0xf6, 0x4b, 0x07, 0x61, 0x18, 0x5c, 0x2e, 0x6c, 0x38, 0xfa, 0x34, 0x40, 0x2d, 0x94, 0x23, 
    0x71, 0x15, 0x9a, 0x04, 0x1e, 0xf9, 0xd4, 0xf2, 0xfc, 0xf6, 0x96, 0xfd, 0x32, 0x02, 0x6b, 0x07, 
    0xb2, 0x0e, 0x0c, 0x12, 0x9b, 0x0c, 0x1b, 0x06, 0x91, 0x05, 0xc9, 0x06, 0x57, 0x05, 0x66, 0x05, 
    0x22, 0x08, 0xf3, 0x0a, 0x11, 0x0a, 0x14, 0x05, 0xa5, 0xfe, 0x25, 0xfc, 0x60, 0xfc, 0x9c, 0xf9, 
    0x42, 0xf7, 0xa1, 0xfd, 0x8c, 0x04, 0x7a, 0x02, 0x5c, 0xfd, 0x15, 0xfb, 0xe8, 0xf4, 0xcb, 0xe6, 
    0xa7, 0xdb, 0x1c, 0xd5, 0x12, 0xd0, 0x34, 0xcd, 0xf0, 0xce, 0x24, 0xd0, 0x34, 0xda, 0x72, 0xf0, 
    0x36, 0x02, 0x2b, 0x10, 0x80, 0x23, 0x9a, 0x39, 0xe3, 0x3b, 0xf9, 0x31, 0x50, 0x2a, 0x0f, 0x1f, 
    0xe4, 0x0a, 0x88, 0xf7, 0x01, 0xf0, 0x35, 0xf1, 0x63, 0xf6, 0x13, 0xfe, 0xbe, 0x08, 0x33, 0x12, 
    0x45, 0x1a, 0xc9, 0x18, 0x71, 0x0f, 0x36, 0x08, 0x93, 0x05, 0x93, 0x01, 0xc4, 0xfc, 0x66, 0xff, 
    0x1d, 0x07, 0x18, 0x0a, 0x43, 0x07, 0xcc, 0x03, 0x50, 0x00, 0x91, 0xfd, 0x0d, 0xfa, 0xc7, 0xf6, 
    0x3d, 0xf8, 0xaa, 0x00, 0xef, 0x06, 0x7d, 0x04, 0x19, 0x00, 0xb2, 0xfd, 0x89, 0xf1, 0x47, 0xdf, 
    0xf1, 0xd3, 0xe5, 0xcc, 0xdd, 0xc6, 0x9b, 0xc6, 0x6f, 0xcb, 0x22, 0xd3, 0x33, 0xe7, 0xc7, 0xff, 
    0xad, 0x0e, 0xd6, 0x17, 0x31, 0x2b, 0x69, 0x36, 0x1b, 0x2f, 0x0a, 0x28, 0x8b, 0x24, 0x60, 0x1b, 
    0xa3, 0x08, 0x9c, 0xff, 0xc0, 0xfc, 0x9c, 0xf9, 0xc7, 0xfa, 0xda, 0xff, 0xc6, 0x04, 0x55, 0x09, 
    0x0f, 0x0e, 0xac, 0x0c, 0xaa, 0x09, 0xe8, 0x0a, 0x56, 0x0a, 0x3c, 0x05, 0x46, 0x05, 0x2f, 0x09, 
    0x14, 0x09, 0x43, 0x05, 0xaf, 0x04, 0x33, 0x03, 0xf8, 0xff, 0x50, 0xfd, 0xc8, 0xfb, 0xd7, 0xfd, 
    0xd5, 0xff, 0x6c, 0x02, 0x45, 0x01, 0x9b, 0xfe, 0x44, 0xfb, 0xd4, 0xf2, 0x7e, 0xe7, 0xaf, 0xdd, 
    0xae, 0xd6, 0x72, 0xcf, 0x5f, 0xcc, 0x3d, 0xce, 0x2c, 0xd1, 0x3d, 0xd8, 0xc1, 0xe9, 0x27, 0xfc, 
    0x24, 0x0a, 0xec, 0x1b, 0xd1, 0x2c, 0x8b, 0x34, 0xed, 0x32, 0x51, 0x2e, 0x48, 0x24, 0x57, 0x16, 
    0xf7, 0x08, 0xff, 0xfc, 0x25, 0xf7, 0x7c, 0xf7, 0xca, 0xfa, 0xd4, 0xfc, 0x87, 0x02, 0x41, 0x09, 
    0x83, 0x0a, 0x02, 0x08, 0xc4, 0x06, 0x88, 0x08, 0x3e, 0x07, 0x25, 0x06, 0x13, 0x09, 0x96, 0x0c, 
    0xaf, 0x0c, 0x99, 0x0b, 0xfa, 0x08, 0x7f, 0x04, 0x48, 0x00, 0x6d, 0xfd, 0x3d, 0xfc, 0x3e, 0xfb, 
    0xa8, 0xfe, 0x8b, 0x01, 0x84, 0x01, 0xfb, 0xfd, 0xeb, 0xf8, 0x7a, 0xf3, 0x66, 0xe8, 0x9c, 0xdd, 
    0x4b, 0xd5, 0xaf, 0xd1, 0xd7, 0xce, 0xb5, 0xce, 0xed, 0xd1, 0xfb, 0xd9, 0x11, 0xeb, 0x5b, 0xfb, 
    0xbf, 0x0b, 0x0e, 0x1b, 0xf0, 0x2b, 0xa0, 0x34, 0x02, 0x32, 0x51, 0x2c, 0x3b, 0x23, 0x9f, 0x17, 
    0xb3, 0x06, 0x7b, 0xfc, 0x00, 0xf9, 0xb0, 0xf7, 0x3a, 0xf8, 0x58, 0xfc, 0xe9, 0x02, 0x67, 0x06, 
    0x16, 0x09, 0xa1, 0x07, 0x53, 0x07, 0xa9, 0x09, 0x97, 0x09, 0x26, 0x09, 0x74, 0x0b, 0xc0, 0x0e, 
    0xfb, 0x0c, 0x21, 0x0a, 0x36, 0x09, 0x16, 0x05, 0x9a, 0x00, 0x8a, 0xfe, 0x35, 0xfd, 0x9c, 0xfc, 
    0x9d, 0xfd, 0x07, 0x01, 0x6e, 0x00, 0xf5, 0xfb, 0xf4, 0xf8, 0xcb, 0xf3, 0x7f, 0xe8, 0x71, 0xdd, 
    0xf1, 0xd8, 0x43, 0xd4, 0x43, 0xd0, 0x89, 0xd3, 0x55, 0xd8, 0xa8, 0xda, 0xee, 0xe4, 0xef, 0xf6, 
    0xec, 0x03, 0xe4, 0x0e, 0x91, 0x20, 0x90, 0x2e, 0xc4, 0x2f, 0xec, 0x2c, 0xf9, 0x28, 0xd1, 0x1f, 
    0x4f, 0x11, 0x91, 0x06, 0xe8, 0xfd, 0x83, 0xf7, 0x7c, 0xf8, 0x5b, 0xfa, 0x09, 0xfc, 0x55, 0xff, 
    0x7c, 0x06, 0xd7, 0x07, 0x14, 0x04, 0xcb, 0x04, 0x9c, 0x07, 0x7a, 0x08, 0x21, 0x08, 0xcd, 0x0b, 
    0xae, 0x0f, 0x58, 0x10, 0x2b, 0x0e, 0xdf, 0x0a, 0xa6, 0x06, 0x2c, 0x03, 0x0e, 0x01, 0x2a, 0xfd, 
    0x93, 0xfa, 0x99, 0xfd, 0xf4, 0xff, 0xe0, 0xfa, 0x94, 0xf6, 0x07, 0xf5, 0xd5, 0xed, 0xa4, 0xe2, 
    0x4a, 0xde, 0xb5, 0xdb, 0xe2, 0xd5, 0xf7, 0xd4, 0xc5, 0xd7, 0x34, 0xd8, 0xe2, 0xdc, 0xbb, 0xec, 
    0x29, 0xfc, 0x74, 0x07, 0x16, 0x18, 0x48, 0x2a, 0x8e, 0x2f, 0x2a, 0x2c, 0xd2, 0x29, 0x35, 0x23, 
    0xbe, 0x15, 0x4b, 0x0a, 0x30, 0x03, 0x3f, 0xfc, 0x7a, 0xfa, 0x7d, 0xfd, 0x06, 0xfd, 0x13, 0xfc, 
    0x36, 0x00, 0xee, 0x01, 0x5d, 0xfe, 0x2b, 0xfe, 0xc2, 0x02, 0x7e, 0x05, 0xbb, 0x08, 0x7a, 0x0e, 
    0x36, 0x13, 0x51, 0x15, 0xc3, 0x14, 0xdc, 0x10, 0x40, 0x0a, 0xd2, 0x05, 0x98, 0x01, 0xbe, 0xfb, 
    0x51, 0xf9, 0xff, 0xfc, 0x2f, 0x00, 0xf9, 0xfd, 0xfb, 0xfd, 0x09, 0xfe, 0x88, 0xf6, 0x8d, 0xeb, 
    0x76, 0xe5, 0x46, 0xe1, 0x33, 0xd9, 0xb4, 0xd5, 0xc5, 0xd6, 0xad, 0xd7, 0xe3, 0xd7, 0xcd, 0xde, 
    0x65, 0xec, 0x87, 0xf9, 0xb4, 0x06, 0xca, 0x14, 0x68, 0x23, 0x3d, 0x2a, 0x8b, 0x2a, 0x08, 0x27, 
    0x3e, 0x22, 0xa3, 0x19, 0x01, 0x00, 0x80, 0x07, 0xcf, 0x0d, 0xdf, 0x04, 0x64, 0xff, 0x62, 0xfc, 
    0xe2, 0xf8, 0x0f, 0xf9, 0x10, 0xfa, 0xc6, 0xfb, 0x3c, 0xfd, 0xc5, 0xfd, 0x2d, 0xff, 0x79, 0x01, 
    0x6e, 0x05, 0x34, 0x08, 0x18, 0x0d, 0xd1, 0x10, 0xae, 0x12, 0x7f, 0x13, 0xd5, 0x10, 0x80, 0x0c, 
    0xbb, 0x08, 0x50, 0x06, 0xdd, 0x00, 0x4f, 0xfe, 0xee, 0xff, 0x4c, 0x00, 0x0e, 0xfe, 0xde, 0xfb, 
    0x3c, 0xfa, 0xb3, 0xf4, 0x93, 0xec, 0xac, 0xe5, 0x71, 0xe2, 0x83, 0xdd, 0x6b, 0xd8, 0xe2, 0xd8, 
    0xa2, 0xdb, 0x86, 0xd9, 0xaa, 0xdb, 0xba, 0xe9, 0x61, 0xf7, 0x40, 0x00, 0xcc, 0x0d, 0x86, 0x20, 
    0x60, 0x28, 0x7f, 0x26, 0x41, 0x25, 0x95, 0x22, 0xb8, 0x18, 0x94, 0x0c, 0xe2, 0x05, 0xf3, 0x01, 
    0x6d, 0xff, 0x99, 0xfe, 0x97, 0xfe, 0x00, 0x00, 0xa9, 0x01, 0x62, 0x00, 0x2e, 0xfd, 0xad, 0xfc, 
    0xc2, 0xfe, 0xfd, 0xfe, 0x76, 0x00, 0xc8, 0x05, 0x41, 0x0d, 0x52, 0x12, 0xec, 0x13, 0x4b, 0x15, 
    0x7a, 0x14, 0x3f, 0x10, 0x8c, 0x09, 0xda, 0x03, 0x67, 0xff, 0xa7, 0xfc, 0x6a, 0xfc, 0x22, 0xfc, 
    0xfb, 0xfb, 0xe6, 0xfb, 0x53, 0xf9, 0xc7, 0xf3, 0xce, 0xec, 0x81, 0xe6, 0x9d, 0xe0, 0x5f, 0xdb, 
    0xa4, 0xd9, 0x76, 0xda, 0xae, 0xda, 0xc1, 0xd9, 0x27, 0xe2, 0x90, 0xef, 0xa2, 0xf6, 0xac, 0xff, 
    0xca, 0x11, 0x97, 0x20, 0xb6, 0x21, 0xf2, 0x24, 0xef, 0x29, 0xe4, 0x23, 0x5e, 0x17, 0xf8, 0x0e, 
    0x1a, 0x0a, 0x12, 0x02, 0xfb, 0xfc, 0xa3, 0xfb, 0x35, 0xfc, 0xeb, 0xfd, 0x24, 0xfe, 0x3e, 0xfc, 
    0x6b, 0xfa, 0x5c, 0xfd, 0x8d, 0xff, 0x70, 0xff, 0x73, 0x03, 0xf8, 0x0b, 0x6b, 0x11, 0x85, 0x12, 
    0xd7, 0x13, 0x5f, 0x14, 0x30, 0x12, 0xeb, 0x0d, 0x43, 0x08, 0x3d, 0x03, 0xa1, 0x01, 0x26, 0xff, 
    0xa7, 0xfb, 0xd5, 0xfa, 0xac, 0xfb, 0xa1, 0xf9, 0x19, 0xf5, 0x02, 0xf1, 0xd9, 0xea, 0xd4, 0xe5, 
    0x88, 0xe2, 0xea, 0xdc, 0xeb, 0xd7, 0xfa, 0xd9, 0xb6, 0xdd, 0xaf, 0xda, 0x68, 0xdf, 0x53, 0xf0, 
    0x8e, 0xfb, 0x60, 0x00, 0xee, 0x0e, 0x4d, 0x1f, 0x7a, 0x20, 0x79, 0x20, 0x9a, 0x24, 0x3e, 0x20, 
    0x14, 0x17, 0x5c, 0x14, 0x07, 0x10, 0x4d, 0x07, 0xf2, 0x05, 0xec, 0x04, 0x63, 0xfe, 0x54, 0xfb, 
    0x1d, 0xfe, 0x71, 0xfb, 0x62, 0xf6, 0x58, 0xf9, 0x62, 0xfd, 0x99, 0xfe, 0x49, 0x01, 0x04, 0x09, 
    0x2a, 0x0e, 0xf6, 0x0f, 0xf8, 0x12, 0x7b, 0x13, 0xc8, 0x11, 0x72, 0x0f, 0x4c, 0x0d, 0xb5, 0x06, 
    0x05, 0x02, 0x98, 0x01, 0xeb, 0xfd, 0x1a, 0xf9, 0x14, 0xf8, 0xe5, 0xf8, 0x3d, 0xf4, 0x53, 0xef, 
    0x12, 0xed, 0x2f, 0xea, 0xd3, 0xe5, 0xfe, 0xe1, 0xc3, 0xe0, 0xd0, 0xdf, 0xb7, 0xde, 0x8b, 0xde, 
    0x9b, 0xe2, 0xbc, 0xeb, 0x3d, 0xf5, 0xeb, 0xfc, 0x1e, 0x07, 0x3e, 0x14, 0x14, 0x1b, 0xfb, 0x19, 
    0xf5, 0x1b, 0x94, 0x1e, 0x4f, 0x19, 0x57, 0x12, 0xef, 0x11, 0x54, 0x11, 0x46, 0x0b, 0x19, 0x08, 
    0x22, 0x06, 0xda, 0x02, 0x37, 0xff, 0x99, 0xfc, 0x26, 0xfa, 0xbc, 0xf9, 0xf2, 0xfc, 0x39, 0xfd, 
    0x12, 0xfe, 0x3e, 0x02, 0x58, 0x08, 0xa0, 0x0a, 0x74, 0x0a, 0x42, 0x0d, 0x3a, 0x10, 0xe4, 0x0f, 
    0x67, 0x0b, 0x90, 0x09, 0x0d, 0x09, 0xd9, 0x05, 0x83, 0x00, 0x33, 0xfd, 0xa5, 0xfc, 0x15, 0xfa, 
    0x4e, 0xf6, 0x82, 0xf2, 0xa7, 0xf0, 0x3d, 0xee, 0x53, 0xea, 0x39, 0xe6, 0x7c, 0xe3, 0xee, 0xe2, 
    0xb9, 0xdf, 0x5d, 0xdc, 0xea, 0xdd, 0xd6, 0xe5, 0xd5, 0xed, 0x32, 0xf4, 0x5c, 0xff, 0x1c, 0x0c, 
    0x2b, 0x15, 0xec, 0x17, 0xde, 0x19, 0x23, 0x1c, 0x1c, 0x1a, 0xe6, 0x14, 0x45, 0x10, 0xfd, 0x10, 
    0x85, 0x10, 0x93, 0x0d, 0xbf, 0x0b, 0x1b, 0x0b, 0xdc, 0x08, 0x23, 0x03, 0x29, 0xfe, 0x20, 0xfa, 
    0x0d, 0xf9, 0xb5, 0xf8, 0x7c, 0xf8, 0xe5, 0xfb, 0xa1, 0x02, 0x45, 0x07, 0x69, 0x08, 0x16, 0x0b, 
    0x1c, 0x0d, 0x60, 0x0c, 0x3b, 0x0b, 0x34, 0x0a, 0xe0, 0x07, 0xd8, 0x06, 0xea, 0x06, 0x4e, 0x03, 
    0x32, 0xff, 0xa0, 0xfe, 0x60, 0xfc, 0x13, 0xf6, 0xc3, 0xf1, 0x62, 0xf0, 0xed, 0xec, 0x79, 0xe9, 
    0x35, 0xe8, 0x6b, 0xe6, 0xed, 0xe5, 0x58, 0xe7, 0xdf, 0xe5, 0x70, 0xe4, 0x53, 0xea, 0xce, 0xf1, 
    0xe0, 0xf3, 0xfc, 0xf8, 0x57, 0x04, 0xa5, 0x0b, 0x53, 0x0e, 0xec, 0x10, 0x5b, 0x14, 0x4e, 0x16, 
    0x94, 0x15, 0x81, 0x11, 0xe6, 0x0e, 0x51, 0x13, 0x80, 0x12, 0x2d, 0x0c, 0x1b, 0x0b, 0xd5, 0x0d, 
    0x99, 0x09, 0xe8, 0x00, 0x90, 0xff, 0xb3, 0xfe, 0xed, 0xfb, 0x3d, 0xfa, 0x8a, 0xfb, 0x3a, 0xff, 
    0x44, 0x02, 0x7a, 0x04, 0x18, 0x04, 0x3b, 0x07, 0xdb, 0x0b, 0x17, 0x0b, 0x80, 0x08, 0x10, 0x09, 
    0xa8, 0x0a, 0x58, 0x06, 0x91, 0x01, 0xdc, 0x00, 0x2b, 0xff, 0x4d, 0xfb, 0x32, 0xf7, 0x3b, 0xf5, 
    0x9b, 0xf3, 0x68, 0xf1, 0xb3, 0xef, 0x7f, 0xed, 0xa9, 0xeb, 0x7a, 0xe9, 0xf6, 0xe7, 0xc3, 0xe5, 
    0x18, 0xe3, 0x7d, 0xe6, 0xf7, 0xec, 0x36, 0xf1, 0x9e, 0xf5, 0x66, 0xff, 0x8b, 0x07, 0x4b, 0x08, 
    0x65, 0x0a, 0xdc, 0x0e, 0x13, 0x11, 0x7c, 0x0f, 0x66, 0x0e, 0xff, 0x0f, 0x5f, 0x12, 0x6c, 0x13, 
    0xea, 0x10, 0x2c, 0x10, 0xf0, 0x10, 0x52, 0x0d, 0x0b, 0x06, 0xd7, 0x01, 0x2b, 0x02, 0xac, 0xff, 
    0x4c, 0xfc, 0x81, 0xfd, 0xc4, 0x00, 0x01, 0x01, 0xfa, 0xff, 0x4f, 0x02, 0x87, 0x04, 0xbc, 0x05, 
    0xf4, 0x06, 0x97, 0x07, 0xf1, 0x08, 0x7f, 0x0a, 0x60, 0x09, 0x5f, 0x05, 0xc3, 0x03, 0x5e, 0x02, 
    0x0b, 0xfd, 0x4e, 0xf9, 0x23, 0xf9, 0xd5, 0xf7, 0xb1, 0xf4, 0x84, 0xf3, 0x30, 0xf3, 0x46, 0xf0, 
    0xb7, 0xec, 0xb4, 0xe9, 0xc0, 0xe7, 0x2a, 0xe6, 0xd2, 0xe3, 0x44, 0xe5, 0xa9, 0xeb, 0x3d, 0xf2, 
    0x2d, 0xf5, 0x0e, 0xfb, 0xbe, 0x04, 0x28, 0x08, 0xfa, 0x06, 0xcb, 0x08, 0xe5, 0x0d, 0xf5, 0x0d, 
    0x7f, 0x0c, 0x8c, 0x0f, 0x34, 0x13, 0x30, 0x15, 0x7a, 0x14, 0x30, 0x13, 0x5b, 0x10, 0xcf, 0x0d, 
    0x42, 0x09, 0x15, 0x02, 0x4d, 0xff, 0x7c, 0xff, 0x56, 0xfe, 0xb3, 0xfb, 0xe7, 0xfd, 0xbd, 0x01, 
    0x14, 0x02, 0x60, 0x02, 0xc9, 0x03, 0x07, 0x06, 0xed, 0x06, 0x9f, 0x07, 0x4a, 0x08, 0x7d, 0x09, 
    0xdc, 0x09, 0x9d, 0x06, 0xc4, 0x03, 0x5c, 0x02, 0x8a, 0xff, 0xb7, 0xfa, 0xb9, 0xf8, 0x18, 0xf9, 
    0x2d, 0xf7, 0xd4, 0xf4, 0x2e, 0xf4, 0xb0, 0xf3, 0x2e, 0xf0, 0x8e, 0xeb, 0x2d, 0xe9, 0x0c, 0xe8, 
    0x3a, 0xe6, 0x35, 0xe5, 0x24, 0xea, 0x25, 0xf1, 0xa4, 0xf4, 0x0f, 0xf8, 0x9a, 0xfe, 0x07, 0x05, 
    0xad, 0x05, 0xf7, 0x05, 0xf9, 0x08, 0x62, 0x0c, 0xb4, 0x0d, 0x89, 0x0c, 0xfe, 0x0e, 0xf8, 0x12, 
    0xc1, 0x14, 0xbb, 0x11, 0x53, 0x0f, 0x99, 0x0f, 0xf0, 0x0b, 0x10, 0x06, 0x4e, 0x01, 0x2c, 0x01, 
    0xab, 0x00, 0xe7, 0xfe, 0xc5, 0xfe, 0x06, 0x00, 0x5b, 0x02, 0xf1, 0x01, 0x04, 0x02, 0x19, 0x04, 
    0xc6, 0x06, 0x1c, 0x07, 0x47, 0x06, 0x94, 0x08, 0x05, 0x0a, 0x1d, 0x08, 0xc1, 0x04, 0x4e, 0x03, 
    0xf6, 0x01, 0x5b, 0xfe, 0xe6, 0xfa, 0x8e, 0xf9, 0x1c, 0xfa, 0xb9, 0xf8, 0x79, 0xf5, 0xb2, 0xf3, 
    0xdd, 0xf2, 0x0b, 0xef, 0x50, 0xe9, 0x07, 0xe6, 0xeb, 0xe4, 0x56, 0xe5, 0x7f, 0xe7, 0xb6, 0xeb, 
    0xb0, 0xf0, 0xfc, 0xf6, 0xa9, 0xfc, 0x5d, 0xff, 0xa5, 0x02, 0x13, 0x06, 0x99, 0x07, 0xc0, 0x07, 
    0x65, 0x0a, 0xde, 0x0d, 0xd6, 0x0e, 0x85, 0x10, 0x5c, 0x12, 0x33, 0x13, 0x5e, 0x12, 0x7a, 0x10, 
    0xf8, 0x0c, 0xf3, 0x08, 0xd0, 0x06, 0x2c, 0x03, 0xf7, 0xff, 0xb6, 0xff, 0xa8, 0x00, 0x09, 0x00, 
    0xc9, 0xff, 0xb8, 0x01, 0xa6, 0x02, 0x29, 0x03, 0xf9, 0x03, 0x52, 0x05, 0x4f, 0x06, 0xea, 0x07, 
    0x66, 0x09, 0x03, 0x09, 0x5d, 0x07, 0xc6, 0x04, 0xfa, 0x02, 0xbb, 0xff, 0x0a, 0xfc, 0x04, 0xfa, 
    0xb6, 0xf9, 0xf5, 0xf9, 0xf2, 0xf8, 0x98, 0xf7, 0x94, 0xf5, 0x3b, 0xf4, 0xd2, 0xf0, 0x29, 0xeb, 
    0xb5, 0xe8, 0x63, 0xe8, 0x5c, 0xe7, 0xb8, 0xe7, 0xff, 0xec, 0xa4, 0xf1, 0xda, 0xf3, 0x39, 0xf9, 
    0xfb, 0xfd, 0xba, 0xff, 0x94, 0x02, 0xff, 0x06, 0x24, 0x08, 0x99, 0x08, 0xdc, 0x0d, 0x48, 0x11, 
    0xc4, 0x10, 0xe0, 0x11, 0x97, 0x14, 0x10, 0x13, 0x57, 0x0e, 0x7c, 0x0c, 0xf7, 0x09, 0x9f, 0x05, 
    0x56, 0x02, 0xdf, 0x00, 0xf5, 0xff, 0xc8, 0xff, 0xbb, 0x00, 0x1e, 0x00, 0x2c, 0x01, 0xc7, 0x03, 
    0x34, 0x04, 0xa5, 0x03, 0x05, 0x06, 0xa0, 0x08, 0xe6, 0x07, 0x63, 0x08, 0x3b, 0x09, 0xd2, 0x07, 
    0xe5, 0x04, 0x5c, 0x02, 0x9c, 0xff, 0xf2, 0xfc, 0x09, 0xfc, 0x67, 0xfa, 0x50, 0xf9, 0xb6, 0xf9, 
    0xcd, 0xf8, 0x83, 0xf5, 0x7c, 0xf2, 0x2e, 0xf0, 0xcc, 0xeb, 0x72, 0xe7, 0xe6, 0xe5, 0x63, 0xe6, 
    0x1c, 0xe8, 0x3c, 0xeb, 0x6a, 0xef, 0xa4, 0xf3, 0x9f, 0xf8, 0x7f, 0xfd, 0xe4, 0xff, 0x65, 0x02, 
    0xc6, 0x06, 0x3b, 0x09, 0xa8, 0x09, 0xd5, 0x0c, 0x36, 0x11, 0x24, 0x11, 0xc0, 0x10, 0xc3, 0x13, 
    0x5e, 0x13, 0x4c, 0x0e, 0xdb, 0x0b, 0x7f, 0x0b, 0xea, 0x06, 0x3e, 0x02, 0xd8, 0x01, 0x07, 0x02, 
    0xda, 0x00, 0x20, 0x00, 0xaf, 0x00, 0xe7, 0x01, 0xdf, 0x03, 0xf4, 0x03, 0x4a, 0x03, 0xca, 0x05, 
    0xce, 0x08, 0x41, 0x08, 0xd5, 0x06, 0x88, 0x08, 0x7e, 0x09, 0xc7, 0x06, 0x11, 0x03, 0x82, 0x01, 
    0x06, 0x01, 0xf6, 0xfd, 0x47, 0xfb, 0xd2, 0xfb, 0x97, 0xfc, 0x46, 0xfa, 0xb5, 0xf6, 0x2d, 0xf5, 
    0xdc, 0xf1, 0x38, 0xed, 0xce, 0xe8, 0xfd, 0xe4, 0xe0, 0xe3, 0x26, 0xe5, 0x5c, 0xe8, 0x04, 0xeb, 
    0x51, 0xf0, 0x70, 0xf5, 0x58, 0xf8, 0x19, 0xfd, 0xaf, 0x00, 0xe6, 0x02, 0xd2, 0x04, 0x76, 0x09, 
    0x6f, 0x0c, 0x5b, 0x0d, 0x47, 0x11, 0x0a, 0x13, 0xef, 0x12, 0x67, 0x12, 0xf5, 0x10, 0x33, 0x0d, 
    0xbf, 0x0a, 0xd4, 0x09, 0x08, 0x05, 0xbc, 0x01, 0x74, 0x02, 0x8f, 0x02, 0x34, 0x00, 0xb4, 0xff, 
    0x2b, 0x01, 0x41, 0x02, 0x38, 0x03, 0xa4, 0x03, 0x13, 0x05, 0x76, 0x08, 0x5a, 0x0a, 0xee, 0x08, 
    0xc2, 0x09, 0x85, 0x0b, 0xc5, 0x09, 0x28, 0x06, 0x6c, 0x03, 0x48, 0x01, 0x70, 0xfe, 0x27, 0xfc, 
    0xb9, 0xfa, 0x6b, 0xfb, 0x07, 0xfc, 0x8e, 0xf9, 0xac, 0xf6, 0x22, 0xf5, 0x11, 0xf2, 0x38, 0xec, 
    0xf8, 0xe7, 0xb2, 0xe5, 0xa4, 0xe4, 0xea, 0xe5, 0xf3, 0xe8, 0xc6, 0xed, 0x53, 0xf2, 0x9a, 0xf6, 
    0x3a, 0xfa, 0x4e, 0xfd, 0xb3, 0xff, 0x5d, 0x01, 0x84, 0x04, 0x0c, 0x07, 0x64, 0x0a, 0xca, 0x0d, 
    0xf2, 0x0f, 0x7f, 0x11, 0x71, 0x12, 0x55, 0x12, 0xcd, 0x0e, 0xab, 0x0c, 0x2b, 0x0b, 0x1d, 0x08, 
    0x86, 0x05, 0x31, 0x04, 0x45, 0x04, 0x06, 0x03, 0xdd, 0x01, 0x31, 0x01, 0x83, 0x01, 0xc0, 0x01, 
    0xdf, 0x00, 0x21, 0x02, 0x9a, 0x04, 0x9c, 0x06, 0xcd, 0x07, 0x9b, 0x09, 0x6f, 0x0b, 0x3d, 0x0b, 
    0xf7, 0x09, 0xc0, 0x07, 0x77, 0x05, 0x7b, 0x03, 0xa8, 0x00, 0x00, 0xfe, 0x74, 0xfd, 0xb3, 0xfd, 
    0x17, 0xfc, 0xbc, 0xf8, 0x6a, 0xf6, 0x09, 0xf4, 0x6d, 0xee, 0x2c, 0xe9, 0x32, 0xe6, 0x46, 0xe3, 
    0x25, 0xe0, 0x4a, 0xe1, 0xa9, 0xe6, 0xd5, 0xea, 0xad, 0xef, 0xba, 0xf5, 0x60, 0xfb, 0xaa, 0xff, 
    0x22, 0x02, 0x01, 0x04, 0x94, 0x06, 0x1d, 0x0b, 0x06, 0x0d, 0xf9, 0x0d, 0x89, 0x11, 0x79, 0x13, 
    0x67, 0x13, 0xc0, 0x12, 0xf0, 0x10, 0x70, 0x0c, 0xd9, 0x09, 0xce, 0x07, 0x10, 0x03, 0x7d, 0x00, 
    0x2b, 0x01, 0x68, 0x01, 0xae, 0xff, 0xc5, 0x00, 0x40, 0x01, 0xaf, 0x00, 0xb0, 0x01, 0x34, 0x02, 
    0xba, 0x03, 0x76, 0x06, 0xc5, 0x09, 0x32, 0x0b, 0x53, 0x0d, 0xc4, 0x0f, 0xb1, 0x0d, 0xee, 0x0a, 
    0xdf, 0x08, 0x4c, 0x05, 0xd4, 0x00, 0x78, 0xfe, 0x58, 0xfe, 0xce, 0xfc, 0x66, 0xfc, 0xef, 0xfc, 
    0xe0, 0xf9, 0x98, 0xf5, 0x89, 0xf1, 0xd1, 0xeb, 0x3e, 0xe5, 0x57, 0xe1, 0xd8, 0xde, 0xc5, 0xdb, 
    0x26, 0xdf, 0x95, 0xe6, 0xa2, 0xea, 0x4c, 0xef, 0x25, 0xf8, 0xbf, 0xfe, 0x09, 0x01, 0xdd, 0x05, 
    0xcf, 0x09, 0x6d, 0x0c, 0x56, 0x10, 0x60, 0x12, 0x9e, 0x12, 0xd9, 0x14, 0xa1, 0x16, 0x63, 0x11, 
    0xcc, 0x0d, 0xb5, 0x0c, 0x0b, 0x07, 0xa4, 0x00, 0x17, 0xff, 0x3c, 0xff, 0x4b, 0xfc, 0x97, 0xfc, 
    0x40, 0xfe, 0x15, 0xff, 0x3d, 0x00, 0xa1, 0x00, 0x6c, 0x01, 0xfd, 0x02, 0x7d, 0x06, 0x9b, 0x07, 
    0x83, 0x09, 0xfc, 0x0e, 0xf5, 0x11, 0x42, 0x11, 0x51, 0x10, 0x1c, 0x11, 0x24, 0x0e, 0x78, 0x08, 
    0x42, 0x05, 0x79, 0x03, 0xad, 0x01, 0x29, 0xff, 0xad, 0xfc, 0x52, 0xfb, 0xde, 0xf9, 0x46, 0xf5, 
    0xb2, 0xef, 0x5b, 0xec, 0x84, 0xe8, 0xda, 0xe2, 0x4b, 0xdf, 0x40, 0xdd, 0x4d, 0xda, 0x56, 0xdb, 
    0x39, 0xe2, 0x94, 0xe9, 0x79, 0xf1, 0xac, 0xfc, 0xe7, 0x05, 0x5a, 0x0b, 0x60, 0x10, 0x8a, 0x14, 
    0x2a, 0x14, 0xd4, 0x12, 0x66, 0x14, 0x14, 0x13, 0x02, 0x11, 0x13, 0x10, 0xf3, 0x0c, 0x13, 0x08, 
    0x39, 0x03, 0x9f, 0xfe, 0x43, 0xf8, 0xdb, 0xf5, 0xd3, 0xf6, 0xad, 0xf6, 0x70, 0xf9, 0xcf, 0xfe, 
    0xea, 0x02, 0x7b, 0x04, 0x22, 0x07, 0x37, 0x09, 0x55, 0x09, 0xfc, 0x09, 0x77, 0x0b, 0xd4, 0x0e, 
    0xe3, 0x11, 0x90, 0x14, 0x8c, 0x15, 0x66, 0x15, 0x84, 0x14, 0xac, 0x0f, 0x61, 0x09, 0x70, 0x04, 
    0xf9, 0x01, 0x36, 0xff, 0x8f, 0xfc, 0x63, 0xfc, 0xff, 0xfb, 0xf8, 0xf9, 0xa8, 0xf4, 0x19, 0xee, 
    0x72, 0xea, 0xc4, 0xe6, 0xc9, 0xdf, 0x81, 0xdb, 0x08, 0xdd, 0xbd, 0xdb, 0x3d, 0xd9, 0x88, 0xe0, 
    0xda, 0xeb, 0x1b, 0xf2, 0x90, 0xfa, 0xe1, 0x06, 0xd1, 0x0d, 0x3b, 0x11, 0x8d, 0x14, 0xfe, 0x13, 
    0xd8, 0x10, 0xb9, 0x11, 0xbb, 0x11, 0x1c, 0x0b, 0x86, 0x08, 0x1b, 0x0a, 0x42, 0x06, 0x75, 0xfd, 
    0xa9, 0xf8, 0x5b, 0xf7, 0x45, 0xf3, 0xee, 0xf2, 0x04, 0xf6, 0x4f, 0xfa, 0xc0, 0x00, 0x0e, 0x07, 
    0x34, 0x0a, 0xb2, 0x0a, 0x4d, 0x0e, 0x4f, 0x0f, 0x01, 0x00, 0x80, 0x07, 0xb4, 0x0c, 0x7e, 0x0c, 
    0x89, 0x0f, 0xcd, 0x13, 0xdd, 0x14, 0x75, 0x15, 0xc5, 0x15, 0x7b, 0x14, 0xfc, 0x10, 0xaa, 0x0a, 
    0xf9, 0x04, 0x23, 0x01, 0x7b, 0x00, 0x7f, 0xff, 0xba, 0xfd, 0x77, 0xfe, 0x8f, 0xfe, 0x32, 0xfb, 
    0x51, 0xf4, 0xd4, 0xee, 0xbf, 0xea, 0xf0, 0xe5, 0x59, 0xe1, 0x59, 0xde, 0x71, 0xdf, 0xc9, 0xdc, 
    0xb6, 0xd9, 0xe0, 0xe0, 0x05, 0xec, 0x44, 0xf3, 0xf7, 0xf9, 0x1e, 0x06, 0x05, 0x0f, 0xd9, 0x11, 
    0x94, 0x12, 0xe7, 0x10, 0xab, 0x0f, 0xb0, 0x0e, 0x98, 0x0b, 0x5a, 0x06, 0x92, 0x05, 0x19, 0x06, 
    0x46, 0x01, 0x17, 0xfb, 0xfe, 0xf6, 0xa9, 0xf4, 0x0d, 0xf2, 0x57, 0xf2, 0x8d, 0xf6, 0x34, 0xfd, 
    0xb8, 0x04, 0xb0, 0x09, 0x22, 0x0c, 0x12, 0x0e, 0x5b, 0x10, 0xdd, 0x0e, 0x98, 0x0b, 0xa7, 0x0c, 
    0xaf, 0x10, 0x0d, 0x13, 0x9c, 0x13, 0xa0, 0x15, 0xc3, 0x16, 0x92, 0x13, 0xe6, 0x0d, 0xe7, 0x09, 
    0x0a, 0x06, 0x9d, 0x01, 0xc0, 0x00, 0x5b, 0x02, 0x69, 0x02, 0x68, 0x01, 0xab, 0xff, 0xa6, 0xfb, 
    0xf8, 0xf5, 0xe2, 0xef, 0x5c, 0xeb, 0x65, 0xe7, 0x2a, 0xe5, 0xd2, 0xe3, 0x71, 0xe2, 0x20, 0xe0, 
    0x3e, 0xdb, 0x5e, 0xde, 0x7c, 0xe6, 0x72, 0xec, 0x2f, 0xf5, 0x66, 0x01, 0xeb, 0x0b, 0x14, 0x10, 
    0xb7, 0x12, 0x88, 0x12, 0x51, 0x0e, 0x7f, 0x0b, 0x56, 0x09, 0xab, 0x05, 0xa8, 0x03, 0x7f, 0x04, 
    0xb8, 0x02, 0x41, 0xfd, 0xe1, 0xf6, 0xca, 0xf3, 0xa8, 0xf1, 0xdc, 0xef, 0x90, 0xf3, 0xc2, 0xfa, 
    0xac, 0x02, 0x85, 0x09, 0x36, 0x0e, 0xaf, 0x10, 0x96, 0x12, 0x2c, 0x12, 0x59, 0x0e, 0xf0, 0x0c, 
    0x21, 0x0f, 0x79, 0x10, 0xac, 0x10, 0x3d, 0x13, 0x59, 0x15, 0xe9, 0x13, 0x58, 0x10, 0xe7, 0x0c, 
    0x02, 0x0a, 0xa2, 0x06, 0x4e, 0x04, 0x5e, 0x03, 0xc4, 0x03, 0x7d, 0x04, 0x77, 0x03, 0x6d, 0xff, 
    0x5e, 0xfa, 0xb9, 0xf5, 0x91, 0xf0, 0xd7, 0xeb, 0x9b, 0xe8, 0x35, 0xe6, 0xa4, 0xe3, 0x67, 0xe2, 
    0x0b, 0xdc, 0x7f, 0xd6, 0x1b, 0xdf, 0x89, 0xe8, 0xf2, 0xeb, 0xbf, 0xf5, 0xe7, 0x06, 0xb7, 0x0f, 
    0x92, 0x0d, 0xa4, 0x0e, 0x95, 0x10, 0xcc, 0x0b, 0x38, 0x07, 0xa2, 0x06, 0x47, 0x06, 0x1a, 0x06, 
    0x7c, 0x05, 0xc3, 0x01, 0x5f, 0xfa, 0xbd, 0xf3, 0xc9, 0xf0, 0xc7, 0xec, 0x13, 0xec, 0xdc, 0xf3, 
    0x67, 0xfe, 0x67, 0x06, 0xf6, 0x0c, 0x10, 0x13, 0x2c, 0x14, 0xdc, 0x11, 0x0f, 0x0f, 0xaa, 0x0c, 
    0x9a, 0x0c, 0xc3, 0x0d, 0x1f, 0x10, 0xc7, 0x13, 0xde, 0x16, 0xd3, 0x17, 0xf9, 0x15, 0xac, 0x11, 
    0x45, 0x0d, 0x6e, 0x09, 0x0f, 0x06, 0x9e, 0x04, 0x70, 0x05, 0xa7, 0x07, 0x91, 0x08, 0x11, 0x08, 
    0x88, 0x05, 0xf6, 0xff, 0xd8, 0xf8, 0x7c, 0xf1, 0x73, 0xec, 0xa9, 0xe8, 0x9d, 0xe5, 0xf6, 0xe3, 
    0x41, 0xe3, 0x5f, 0xdf, 0x95, 0xd9, 0x9c, 0xdc, 0x35, 0xe3, 0x5a, 0xe7, 0x17, 0xef, 0x73, 0xfb, 
    0xe0, 0x05, 0x9d, 0x09, 0x43, 0x0c, 0x35, 0x0e, 0x41, 0x0c, 0x9f, 0x08, 0x7d, 0x04, 0xd9, 0x01, 
    0xf5, 0x00, 0x8f, 0x00, 0x80, 0xfd, 0x33, 0xf8, 0x8d, 0xf5, 0xea, 0xf3, 0xb6, 0xf0, 0xea, 0xee, 
    0x84, 0xf3, 0x23, 0xfd, 0x06, 0x04, 0x4c, 0x08, 0x25, 0x0e, 0xa3, 0x13, 0x54, 0x15, 0x5d, 0x12, 
    0x8d, 0x0f, 0xde, 0x10, 0x4f, 0x12, 0xca, 0x10, 0x8a, 0x10, 0x5c, 0x14, 0xb4, 0x17, 0xc7, 0x16, 
    0x8d, 0x13, 0x3e, 0x11, 0x70, 0x0f, 0x29, 0x0c, 0xed, 0x08, 0x96, 0x07, 0x1c, 0x08, 0xf1, 0x08, 
    0x18, 0x08, 0x6e, 0x06, 0x5b, 0x04, 0x5f, 0x00, 0xe7, 0xf9, 0x34, 0xf3, 0x1b, 0xee, 0x29, 0xea, 
    0xd7, 0xe5, 0x3a, 0xe3, 0x15, 0xe2, 0x2f, 0xdc, 0xdf, 0xd9, 0xa2, 0xdf, 0x1c, 0xe4, 0xa1, 0xe7, 
    0xbe, 0xef, 0xcd, 0xfb, 0x71, 0x01, 0xb5, 0x03, 0x29, 0x09, 0xcb, 0x0a, 0xc7, 0x08, 0x63, 0x06, 
    0x1e, 0x05, 0x6c, 0x02, 0xba, 0x00, 0x95, 0x00, 0x9c, 0xfc, 0x96, 0xf8, 0x6a, 0xf6, 0xfb, 0xf4, 
    0xbb, 0xf1, 0x84, 0xf1, 0xda, 0xf6, 0x23, 0xfb, 0x28, 0x00, 0x47, 0x06, 0x7b, 0x0b, 0xc6, 0x0e, 
    0x9a, 0x10, 0xe5, 0x10, 0x1e, 0x0f, 0xf0, 0x0f, 0xa0, 0x11, 0x91, 0x11, 0x7c, 0x12, 0x40, 0x15, 
    0x10, 0x18, 0x50, 0x17, 0x0f, 0x15, 0xf1, 0x13, 0xb6, 0x11, 0x4d, 0x0e, 0xac, 0x0b, 0x17, 0x0b, 
    0x6e, 0x0a, 0x17, 0x09, 0x10, 0x09, 0x8e, 0x08, 0xe9, 0x05, 0x5f, 0x01, 0x44, 0xfc, 0x35, 0xf7, 
    0xd7, 0xf1, 0x54, 0xec, 0xcd, 0xe8, 0x3c, 0xe7, 0x3b, 0xe4, 0x68, 0xe0, 0x11, 0xde, 0xe5, 0xde, 
    0x2b, 0xe1, 0x61, 0xe4, 0xba, 0xe9, 0x6d, 0xf0, 0xa2, 0xf7, 0xe4, 0xfc, 0xad, 0x00, 0xc7, 0x03, 
    0xe3, 0x05, 0x6b, 0x05, 0x9d, 0x02, 0x8f, 0x00, 0xdf, 0xfe, 0x25, 0xfd, 0x56, 0xfa, 0xc1, 0xf8, 
    0xa6, 0xf8, 0x54, 0xf7, 0x3e, 0xf7, 0x7e, 0xf8, 0x27, 0xfb, 0x09, 0xfe, 0x5f, 0x00, 0x88, 0x03, 
    0x3d, 0x06, 0x2e, 0x09, 0x79, 0x0b, 0x23, 0x0c, 0x56, 0x0d, 0x3a, 0x0f, 0x47, 0x10, 0xf2, 0x0f, 
    0xe2, 0x10, 0xec, 0x12, 0xfb, 0x13, 0xf2, 0x14, 0xc8, 0x15, 0x77, 0x16, 0x46, 0x16, 0x9a, 0x15, 
    0x80, 0x13, 0x75, 0x10, 0x2e, 0x0f, 0xdd, 0x0c, 0x3b, 0x09, 0xc3, 0x06, 0xc9, 0x05, 0x0b, 0x04, 
    0x37, 0x00, 0x1c, 0xfd, 0x14, 0xfb, 0x5d, 0xf8, 0x09, 0xf5, 0x0d, 0xf2, 0x6a, 0xef, 0x10, 0xec, 
    0x14, 0xe8, 0xcb, 0xe5, 0x90, 0xe5, 0xcf, 0xe6, 0xa9, 0xe9, 0xa6, 0xec, 0xff, 0xef, 0xd2, 0xf2, 
    0x12, 0xf5, 0x29, 0xf7, 0xf0, 0xf7, 0x59, 0xf8, 0x1c, 0xf8, 0x71, 0xf7, 0x0e, 0xf7, 0xd0, 0xf6, 
    0xb7, 0xf6, 0x8b, 0xf6, 0x0a, 0xf7, 0x2f, 0xf8, 0x3f, 0xf9, 0x32, 0xfb, 0x89, 0xfd, 0x37, 0xff, 
    0x0f, 0x01, 0x3b, 0x03, 0xe8, 0x04, 0xf6, 0x05, 0x89, 0x07, 0xf8, 0x08, 0xbc, 0x09, 0x60, 0x0a, 
    0xb6, 0x0a, 0x0a, 0x0b, 0x7e, 0x0b, 0x6f, 0x0c, 0x50, 0x0d, 0x17, 0x0e, 0xe1, 0x0f, 0x1c, 0x12, 
    0x07, 0x13, 0xda, 0x12, 0x87, 0x13, 0xdf, 0x13, 0xf9, 0x12, 0x52, 0x12, 0x27, 0x12, 0x6b, 0x11, 
    0x23, 0x10, 0xcb, 0x0e, 0xfb, 0x0c, 0x0d, 0x0b, 0x16, 0x09, 0xc4, 0x06, 0xe0, 0x03, 0x08, 0x01, 
    0x7a, 0xfe, 0x3e, 0xfb, 0x75, 0xf7, 0x61, 0xf3, 0xde, 0xef, 0x09, 0xee, 0xc5, 0xec, 0xc0, 0xeb, 
    0x70, 0xeb, 0x5f, 0xeb, 0x3f, 0xeb, 0x0f, 0xea, 0x32, 0xe9, 0xec, 0xe8, 0x0a, 0xe8, 0x5c, 0xe7, 
    0xd0, 0xe6, 0x03, 0xe7, 0x9e, 0xe7, 0xb0, 0xe8, 0xe2, 0xea, 0x38, 0xed, 0xe8, 0xef, 0x1d, 0xf3, 
    0x53, 0xf6, 0x24, 0xf9, 0xc8, 0xfb, 0x76, 0xfe, 0xf3, 0x00, 0xab, 0x03, 0xd0, 0x06, 0x1c, 0x09, 
    0x03, 0x0b, 0xaa, 0x0d, 0x65, 0x0f, 0x68, 0x10, 0xa9, 0x11, 0x90, 0x12, 0xd7, 0x12, 0x36, 0x13, 
    0xce, 0x13, 0x31, 0x14, 0xf0, 0x14, 0xc9, 0x15, 0x5d, 0x16, 0x82, 0x16, 0xc0, 0x16, 0xdd, 0x16, 
    0x1d, 0x16, 0x3b, 0x15, 0x7b, 0x14, 0x6f, 0x13, 0xf6, 0x11, 0xea, 0x10, 0xd9, 0x0f, 0xf0, 0x0d, 
    0xfa, 0x0b, 0x71, 0x0a, 0x9b, 0x08, 0xc3, 0x05, 0x7a, 0x02, 0xdf, 0xfe, 0xc7, 0xfa, 0xc6, 0xf6, 
    0x32, 0xf3, 0x06, 0xf0, 0xd2, 0xed, 0x6c, 0xec, 0x12, 0xeb, 0x6e, 0xe9, 0x28, 0xe7, 0x05, 0xe5, 
    0x3d, 0xe3, 0xa3, 0xe1, 0x4a, 0xe0, 0x9c, 0xdf, 0x0a, 0xe0, 0x72, 0xe0, 0xdb, 0xe0, 0x5b, 0xe2, 
    0x9d, 0xe4, 0x68, 0xe6, 0x73, 0xe8, 0xed, 0xeb, 0x6e, 0xef, 0x80, 0xf2, 0xa0, 0xf5, 0xe1, 0xf8, 
    0x22, 0xfc, 0x46, 0xff, 0x1a, 0x03, 0xb0, 0x06, 0x61, 0x09, 0x83, 0x0c, 0xcf, 0x0f, 0x37, 0x12, 
    0xe3, 0x13, 0x72, 0x15, 0x84, 0x16, 0x2e, 0x17, 0x49, 0x18, 0x98, 0x19, 0xa2, 0x1a, 0x58, 0x1b, 
    0xf0, 0x1b, 0x4f, 0x1c, 0x08, 0x1c, 0x5d, 0x1b, 0xce, 0x1a, 0x19, 0x1a, 0xfc, 0x18, 0x17, 0x18, 
    0x5d, 0x17, 0x43, 0x16, 0x12, 0x15, 0xbc, 0x13, 0xdf, 0x11, 0xc0, 0x0f, 0x13, 0x0d, 0x27, 0x0a, 
    0x49, 0x07, 0x88, 0x03, 0x7f, 0xff, 0xc5, 0xfb, 0xe1, 0xf7, 0xab, 0xf3, 0x83, 0xef, 0x02, 0xec, 
    0x64, 0xe9, 0x63, 0xe7, 0xc9, 0xe5, 0x95, 0xe4, 0xbb, 0xe2, 0x68, 0xe0, 0xba, 0xde, 0x72, 0xdd, 
    0x86, 0xdc, 0xff, 0xdb, 0x40, 0xdc, 0x66, 0xdd, 0x8b, 0xde, 0xf1, 0xdf, 0x3b, 0xe2, 0xd9, 0xe4, 
    0xad, 0xe7, 0x02, 0xeb, 0x8a, 0xee, 0xe6, 0xf1, 0x28, 0xf5, 0xe4, 0xf8, 0xb8, 0xfc, 0x2e, 0x00, 
    0xd1, 0x03, 0x92, 0x07, 0xee, 0x0a, 0xaf, 0x0d, 0x59, 0x10, 0x34, 0x13, 0x5e, 0x15, 0xde, 0x16, 
    0x86, 0x18, 0xe5, 0x19, 0xba, 0x1a, 0xe6, 0x1b, 0x56, 0x1d, 0x18, 0x1e, 0x99, 0x1e, 0x63, 0x1f, 
    0x6d, 0x1f, 0xb0, 0x1e, 0xf3, 0x1d, 0x2e, 0x1d, 0x21, 0x1c, 0xba, 0x1a, 0x74, 0x19, 0x5f, 0x18, 
    0xf4, 0x16, 0x31, 0x15, 0x40, 0x13, 0xd6, 0x10, 0xf4, 0x0d, 0xfc, 0x0a, 0xad, 0x07, 0x23, 0x04, 
    0xba, 0x00, 0x31, 0xfd, 0x86, 0xf9, 0xac, 0xf5, 0x86, 0xf1, 0x43, 0xed, 0x50, 0xe9, 0x7e, 0xe6, 
    0x4a, 0xe4, 0x35, 0xe2, 0x87, 0xe0, 0xa7, 0xde, 0xcf, 0xdc, 0x4f, 0xdb, 0x42, 0xda, 0xe5, 0xd9, 
    0x9d, 0xd9, 0x08, 0xda, 0x46, 0xdb, 0xaa, 0xdc, 0xc2, 0xde, 0xeb, 0xe0, 0xf1, 0xe2, 0x1d, 0xe6, 
    0xfd, 0xe9, 0x0a, 0xee, 0x29, 0xf2, 0x44, 0xf6, 0xa0, 0xfa, 0x6c, 0xfe, 0x10, 0x02, 0xff, 0x05, 
    0x8f, 0x09, 0x82, 0x0c, 0x24, 0x0f, 0x25, 0x12, 0xa2, 0x14, 0xb8, 0x16, 0xcf, 0x18, 0x32, 0x1a, 
    0x4d, 0x1b, 0x33, 0x1c, 0x22, 0x1d, 0xfd, 0x1d, 0x96, 0x1e, 0x69, 0x1f, 0xf2, 0x1f, 0x10, 0x20, 
    0xf7, 0x1f, 0x71, 0x1f, 0x61, 0x1e, 0xf7, 0x1c, 0xca, 0x1b, 0xd4, 0x1a, 0x9f, 0x19, 0x19, 0x18, 
    0x57, 0x16, 0x4c, 0x14, 0xc8, 0x11, 0x1e, 0x0f, 0x50, 0x0c, 0x05, 0x09, 0x91, 0x05, 0xbd, 0x01, 
    0x94, 0xfd, 0x86, 0xf9, 0x8e, 0xf5, 0x5e, 0xf1, 0xb4, 0xec, 0x53, 0xe8, 0xe6, 0xe4, 0x83, 0xe2, 
    0xa3, 0xe0, 0xde, 0xde, 0x67, 0xdd, 0xa7, 0xdb, 0xa3, 0xd9, 0x5d, 0xd8, 0xe0, 0xd7, 0x8c, 0xd7, 
    0xb9, 0xd7, 0xe1, 0xd8, 0x80, 0xda, 0x6c, 0xdc, 0xb8, 0xde, 0x61, 0xe1, 0x81, 0xe4, 0x19, 0xe8, 
    0x29, 0xec, 0x3e, 0xf0, 0x01, 0xf4, 0xd9, 0xf7, 0xd5, 0xfb, 0xbd, 0xff, 0x8a, 0x03, 0x29, 0x07, 
    0xba, 0x0a, 0x21, 0x0e, 0x40, 0x11, 0x43, 0x14, 0x26, 0x17, 0xbe, 0x19, 0xe1, 0x1b, 0x77, 0x1d, 
    0x99, 0x1e, 0xbe, 0x1f, 0xf1, 0x20, 0xd4, 0x21, 0x9a, 0x22, 0x28, 0x23, 0x38, 0x23, 0xd7, 0x22, 
    0x29, 0x22, 0x81, 0x21, 0x84, 0x20, 0x20, 0x1f, 0xde, 0x1d, 0x5a, 0x1c, 0x77, 0x1a, 0x69, 0x18, 
    0x34, 0x16, 0xa8, 0x13, 0x82, 0x10, 0x54, 0x0d, 0x16, 0x0a, 0x89, 0x06, 0xf8, 0x02, 0x21, 0xff, 
    0x2c, 0xfb, 0x72, 0xf7, 0x71, 0xf3, 0x2a, 0xef, 0xed, 0xea, 0xb3, 0xe6, 0x5a, 0xe3, 0xeb, 0xe0, 
    0xf9, 0xde, 0xaf, 0xdd, 0x1a, 0xdc, 0x41, 0xda, 0xcd, 0xd8, 0x59, 0xd7, 0x5d, 0xd6, 0x64, 0xd6, 
    0xd6, 0xd6, 0x92, 0xd7, 0x14, 0xd9, 0x28, 0xdb, 0xa0, 0xdd, 0x35, 0xe0, 0x38, 0xe3, 0x02, 0xe7, 
    0xad, 0xea, 0x87, 0xee, 0xb9, 0xf2, 0x9d, 0xf6, 0x54, 0xfa, 0x43, 0xfe, 0xb5, 0x02, 0xcb, 0x06, 
    0x3e, 0x0a, 0xd2, 0x0d, 0x3f, 0x11, 0x30, 0x14, 0xcd, 0x16, 0x81, 0x19, 0xfd, 0x1b, 0xa7, 0x1d, 
    0x2c, 0x1f, 0xbc, 0x20, 0xba, 0x21, 0x74, 0x22, 0x45, 0x23, 0xff, 0x23, 0x0f, 0x24, 0x8e, 0x23, 
    0x14, 0x23, 0xf9, 0x21, 0xad, 0x20, 0x99, 0x1f, 0x30, 0x1e, 0xcd, 0x1c, 0x28, 0x1b, 0x62, 0x19, 
    0x70, 0x17, 0xd4, 0x14, 0x1d, 0x12, 0x3e, 0x0f, 0x28, 0x0c, 0x06, 0x09, 0xd3, 0x05, 0x20, 0x02, 
    0x07, 0xfe, 0x4f, 0xfa, 0x62, 0xf6, 0x0f, 0xf2, 0xdb, 0xed, 0xb3, 0xe9, 0x90, 0xe5, 0x1b, 0xe2, 
    0xd8, 0xdf, 0x0b, 0xde, 0x42, 0xdc, 0xaf, 0xda, 0x7a, 0xd9, 0x28, 0xd8, 0xa3, 0xd6, 0x52, 0xd6, 
    0xc2, 0xd6, 0x14, 0xd7, 0x51, 0xd8, 0x71, 0xda, 0xb7, 0xdc, 0xe3, 0xde, 0x79, 0xe1, 0xd2, 0xe4, 
    0x5a, 0xe8, 0xfd, 0xeb, 0xde, 0xef, 0xe0, 0xf3, 0xa9, 0xf7, 0x8f, 0xfb, 0xce, 0xff, 0xab, 0x03, 
    0x67, 0x07, 0x18, 0x0b, 0x5c, 0x0e, 0x4c, 0x11, 0x10, 0x14, 0xfb, 0x16, 0x97, 0x19, 0x81, 0x1b, 
    0x2a, 0x1d, 0xd1, 0x1e, 0x45, 0x20, 0x74, 0x21, 0x9f, 0x22, 0x71, 0x23, 0xcd, 0x23, 0x08, 0x24, 
    0xac, 0x23, 0xcf, 0x22, 0xe1, 0x21, 0xd4, 0x20, 0xd4, 0x1f, 0xb2, 0x1e, 0x69, 0x1d, 0xf0, 0x1b, 
    0xd1, 0x19, 0x68, 0x17, 0xeb, 0x14, 0x09, 0x12, 0xce, 0x0e, 0x6e, 0x0b, 0x08, 0x08, 0x6d, 0x04, 
    0xa0, 0x00, 0xef, 0xfc, 0x26, 0xf9, 0x25, 0xf5, 0x36, 0xf1, 0x29, 0xed, 0xd6, 0xe8, 0xed, 0xe4, 
    0xfe, 0xe1, 0xb5, 0xdf, 0xc8, 0xdd, 0x6c, 0xdc, 0x53, 0xdb, 0xd8, 0xd9, 0x3c, 0xd8, 0x5a, 0xd7, 
    0x0e, 0xd7, 0xe0, 0xd6, 0x60, 0xd7, 0xf4, 0xd8, 0xe1, 0xda, 0xf3, 0xdc, 0xc6, 0xdf, 0xf9, 0xe2, 
    0x29, 0xe6, 0x7f, 0xe9, 0x15, 0xed, 0xd5, 0xf0, 0x3d, 0xf4, 0xe2, 0xf7, 0xe4, 0xfb, 0x92, 0xff, 
    0x48, 0x03, 0x1a, 0x07, 0xdd, 0x0a, 0x28, 0x0e, 0x1f, 0x11, 0x40, 0x14, 0xe9, 0x16, 0xea, 0x18, 
    0xb2, 0x1a, 0x71, 0x1c, 0xfe, 0x1d, 0x56, 0x1f, 0xd7, 0x20, 0x21, 0x22, 0x01, 0x23, 0x83, 0x23, 
    0x90, 0x23, 0x32, 0x23, 0x3b, 0x22, 0x4a, 0x21, 0x7d, 0x20, 0x60, 0x1f, 0x55, 0x1e, 0x15, 0x1d, 
    0x65, 0x1b, 0x78, 0x19, 0x49, 0x17, 0xe2, 0x14, 0x1b, 0x12, 0x21, 0x0f, 0xf4, 0x0b, 0x83, 0x08, 
    0x17, 0x05, 0x9c, 0x01, 0x19, 0xfe, 0x9f, 0xfa, 0x08, 0xf7, 0x06, 0xf3, 0x86, 0xee, 0x11, 0xea, 
    0xf2, 0xe5, 0x8d, 0xe2, 0x6e, 0xe0, 0x03, 0xdf, 0x8f, 0xdd, 0x06, 0xdc, 0x8d, 0xda, 0x3e, 0xd9, 
    0xe3, 0xd7, 0x02, 0xd7, 0x10, 0xd7, 0x8c, 0xd7, 0x96, 0xd8, 0x7d, 0xda, 0xf7, 0xdc, 0x72, 0xdf, 
    0x05, 0xe2, 0x50, 0xe5, 0xdd, 0xe8, 0x51, 0xec, 0xef, 0xef, 0xa1, 0xf3, 0x01, 0x00, 0x80, 0x07, 
    0x24, 0xf7, 0x8d, 0xfa, 0x7c, 0xfe, 0x91, 0x02, 0x2e, 0x06, 0xac, 0x09, 0x1f, 0x0d, 0x46, 0x10, 
    0xf1, 0x12, 0x92, 0x15, 0x31, 0x18, 0x16, 0x1a, 0x8e, 0x1b, 0x10, 0x1d, 0x8e, 0x1e, 0xd3, 0x1f, 
    0x00, 0x21, 0x45, 0x22, 0xf2, 0x22, 0x0e, 0x23, 0xe9, 0x22, 0x43, 0x22, 0x4c, 0x21, 0x4c, 0x20, 
    0x71, 0x1f, 0x65, 0x1e, 0x16, 0x1d, 0xca, 0x1b, 0x1d, 0x1a, 0xf1, 0x17, 0x7c, 0x15, 0xcd, 0x12, 
    0xdd, 0x0f, 0xb7, 0x0c, 0xb3, 0x09, 0x9a, 0x06, 0x3b, 0x03, 0xbd, 0xff, 0xf6, 0xfb, 0xe9, 0xf7, 
    0xc8, 0xf3, 0x8f, 0xef, 0x40, 0xeb, 0x4a, 0xe7, 0x36, 0xe4, 0x03, 0xe2, 0x32, 0xe0, 0x8e, 0xde, 
    0x0b, 0xdd, 0x34, 0xdb, 0x5c, 0xd9, 0x35, 0xd8, 0x6c, 0xd7, 0x14, 0xd7, 0x90, 0xd7, 0xa0, 0xd8, 
    0x57, 0xda, 0x7d, 0xdc, 0xb5, 0xde, 0x56, 0xe1, 0x31, 0xe4, 0x4d, 0xe7, 0x08, 0xeb, 0xa5, 0xee, 
    0x21, 0xf2, 0xd9, 0xf5, 0x70, 0xf9, 0x42, 0xfd, 0x10, 0x01, 0x8e, 0x04, 0x2c, 0x08, 0x67, 0x0b, 
    0x60, 0x0e, 0x87, 0x11, 0x56, 0x14, 0xd1, 0x16, 0xdf, 0x18, 0x66, 0x1a, 0xe2, 0x1b, 0x54, 0x1d, 
    0xb4, 0x1e, 0x0c, 0x20, 0x1d, 0x21, 0xdf, 0x21, 0x2c, 0x22, 0xd8, 0x21, 0x56, 0x21, 0xd1, 0x20, 
    0x00, 0x20, 0x29, 0x1f, 0x33, 0x1e, 0xf9, 0x1c, 0xa3, 0x1b, 0xd5, 0x19, 0xf0, 0x17, 0xd5, 0x15, 
    0x13, 0x13, 0x6f, 0x10, 0xa9, 0x0d, 0xa9, 0x0a, 0xbf, 0x07, 0x79, 0x04, 0x0a, 0x01, 0x6b, 0xfd, 
    0x99, 0xf9, 0x9d, 0xf5, 0x66, 0xf1, 0x1e, 0xed, 0xcc, 0xe8, 0x55, 0xe5, 0x17, 0xe3, 0x72, 0xe1, 
    0xe2, 0xdf, 0x24, 0xde, 0x64, 0xdc, 0x79, 0xda, 0xec, 0xd8, 0x0d, 0xd8, 0x65, 0xd7, 0x51, 0xd7, 
    0xef, 0xd7, 0x77, 0xd9, 0x7c, 0xdb, 0x6e, 0xdd, 0xf8, 0xdf, 0xb0, 0xe2, 0x83, 0xe5, 0x19, 0xe9, 
    0xe1, 0xec, 0x67, 0xf0, 0xcd, 0xf3, 0x4e, 0xf7, 0x2d, 0xfb, 0x3f, 0xff, 0xfe, 0x02, 0x9c, 0x06, 
    0x23, 0x0a, 0x3f, 0x0d, 0x83, 0x10, 0xa7, 0x13, 0x2e, 0x16, 0x7b, 0x18, 0x4e, 0x1a, 0xbc, 0x1b, 
    0x0f, 0x1d, 0x67, 0x1e, 0x0b, 0x20, 0x86, 0x21, 0x6f, 0x22, 0x05, 0x23, 0x23, 0x23, 0xac, 0x22, 
    0x11, 0x22, 0x62, 0x21, 0x85, 0x20, 0x90, 0x1f, 0x8f, 0x1e, 0x77, 0x1d, 0xe6, 0x1b, 0x03, 0x1a, 
    0xfa, 0x17, 0x6e, 0x15, 0xae, 0x12, 0xde, 0x0f, 0xdf, 0x0c, 0xde, 0x09, 0xc5, 0x06, 0x83, 0x03, 
    0xec, 0xff, 0x16, 0xfc, 0x1d, 0xf8, 0xb2, 0xf3, 0x02, 0xef, 0x7a, 0xea, 0xa2, 0xe6, 0xbe, 0xe3, 
    0x72, 0xe1, 0xbc, 0xdf, 0x34, 0xde, 0x24, 0xdc, 0x03, 0xda, 0x44, 0xd8, 0xd8, 0xd6, 0xd9, 0xd5, 
    0x80, 0xd5, 0xe9, 0xd5, 0xb3, 0xd6, 0x2f, 0xd8, 0xa8, 0xda, 0x17, 0xdd, 0x59, 0xdf, 0x5b, 0xe2, 
    0x1c, 0xe6, 0xba, 0xe9, 0x41, 0xed, 0x4c, 0xf1, 0x3f, 0xf5, 0xda, 0xf8, 0xcc, 0xfc, 0x26, 0x01, 
    0x38, 0x05, 0xc2, 0x08, 0x61, 0x0c, 0xee, 0x0f, 0x14, 0x13, 0x23, 0x16, 0xf8, 0x18, 0x37, 0x1b, 
    0xbd, 0x1c, 0x15, 0x1e, 0xa7, 0x1f, 0x0b, 0x21, 0x5a, 0x22, 0xb9, 0x23, 0xa6, 0x24, 0xd9, 0x24, 
    0x80, 0x24, 0xf8, 0x23, 0x3c, 0x23, 0x34, 0x22, 0x5a, 0x21, 0x8f, 0x20, 0x28, 0x1f, 0x88, 0x1d, 
    0xd2, 0x1b, 0xa9, 0x19, 0x54, 0x17, 0xda, 0x14, 0x1d, 0x12, 0x16, 0x0f, 0xe9, 0x0b, 0xd2, 0x08, 
    0x63, 0x05, 0xa7, 0x01, 0x14, 0xfe, 0x28, 0xfa, 0xae, 0xf5, 0x3f, 0xf1, 0x95, 0xec, 0xa5, 0xe7, 
    0xc4, 0xe3, 0x32, 0xe1, 0x14, 0xdf, 0x52, 0xdd, 0xd1, 0xdb, 0xfb, 0xd9, 0xc4, 0xd7, 0xf0, 0xd5, 
    0xde, 0xd4, 0x10, 0xd4, 0x9c, 0xd3, 0x52, 0xd4, 0xb1, 0xd5, 0x1b, 0xd7, 0x65, 0xd9, 0x42, 0xdc, 
    0x1a, 0xdf, 0x43, 0xe2, 0x0b, 0xe6, 0x66, 0xea, 0x4c, 0xee, 0x11, 0xf2, 0x4b, 0xf6, 0x2d, 0xfa, 
    0x14, 0xfe, 0x53, 0x02, 0x92, 0x06, 0x88, 0x0a, 0x3d, 0x0e, 0x29, 0x12, 0xd7, 0x15, 0xe1, 0x18, 
    0x7f, 0x1b, 0xd8, 0x1d, 0x88, 0x1f, 0xda, 0x20, 0x9d, 0x22, 0x1b, 0x24, 0x4f, 0x25, 0x75, 0x26, 
    0x3f, 0x27, 0xb3, 0x27, 0x26, 0x27, 0x6d, 0x26, 0xd1, 0x25, 0x74, 0x24, 0x1a, 0x23, 0xba, 0x21, 
    0x2b, 0x20, 0x73, 0x1e, 0x28, 0x1c, 0xc3, 0x19, 0x2a, 0x17, 0x2c, 0x14, 0x3b, 0x11, 0x3e, 0x0e, 
    0x06, 0x0b, 0xbd, 0x07, 0x18, 0x04, 0x02, 0x00, 0xf8, 0xfb, 0xa6, 0xf7, 0x15, 0xf3, 0x92, 0xee, 
    0xc9, 0xe9, 0x39, 0xe5, 0x97, 0xe1, 0x13, 0xdf, 0x42, 0xdd, 0x80, 0xdb, 0xd2, 0xd9, 0x29, 0xd8, 
    0x4a, 0xd6, 0xa4, 0xd4, 0xc0, 0xd3, 0x4f, 0xd3, 0x43, 0xd3, 0xfd, 0xd3, 0x5c, 0xd5, 0x31, 0xd7, 
    0x58, 0xd9, 0x35, 0xdc, 0xa4, 0xdf, 0x22, 0xe3, 0x42, 0xe7, 0xae, 0xeb, 0xad, 0xef, 0x80, 0xf3, 
    0x59, 0xf7, 0x41, 0xfb, 0x20, 0xff, 0x02, 0x03, 0x04, 0x07, 0xe6, 0x0a, 0x8e, 0x0e, 0x5c, 0x12, 
    0x22, 0x16, 0x4f, 0x19, 0x12, 0x1c, 0x32, 0x1e, 0xad, 0x1f, 0xed, 0x20, 0x17, 0x22, 0x9b, 0x23, 
    0xef, 0x24, 0xee, 0x25, 0xdc, 0x26, 0x0a, 0x27, 0xdd, 0x26, 0x63, 0x26, 0x7c, 0x25, 0x7a, 0x24, 
    0xe6, 0x22, 0x43, 0x21, 0xab, 0x1f, 0x7d, 0x1d, 0x44, 0x1b, 0x15, 0x19, 0x98, 0x16, 0xca, 0x13, 
    0xab, 0x10, 0x75, 0x0d, 0x1e, 0x0a, 0xae, 0x06, 0x29, 0x03, 0x25, 0xff, 0xb7, 0xfa, 0x35, 0xf6, 
    0xbb, 0xf1, 0x21, 0xed, 0x6a, 0xe8, 0x25, 0xe4, 0x5e, 0xe0, 0x65, 0xdd, 0x9a, 0xdb, 0x34, 0xda, 
    0xbc, 0xd8, 0x37, 0xd7, 0x88, 0xd5, 0xc3, 0xd3, 0x82, 0xd2, 0x5a, 0xd2, 0xc8, 0xd2, 0x88, 0xd3, 
    0x29, 0xd5, 0x86, 0xd7, 0xe9, 0xd9, 0x9f, 0xdc, 0x38, 0xe0, 0x24, 0xe4, 0x1a, 0xe8, 0x46, 0xec, 
    0xa2, 0xf0, 0xaf, 0xf4, 0x31, 0xf8, 0x38, 0xfc, 0x83, 0x00, 0x81, 0x04, 0xdf, 0x08, 0x35, 0x0d, 
    0x4d, 0x11, 0x21, 0x15, 0x92, 0x18, 0x03, 0x1c, 0x9f, 0x1e, 0x56, 0x20, 0x2f, 0x22, 0xab, 0x23, 
    0xb1, 0x24, 0x21, 0x26, 0x9f, 0x27, 0x97, 0x28, 0x10, 0x29, 0x1a, 0x29, 0xd0, 0x28, 0xc9, 0x27, 
    0x68, 0x26, 0x64, 0x25, 0xf1, 0x23, 0x06, 0x22, 0x21, 0x20, 0xe1, 0x1d, 0x23, 0x1b, 0x35, 0x18, 
    0x4b, 0x15, 0x48, 0x12, 0xca, 0x0e, 0x3e, 0x0b, 0x00, 0x08, 0x4b, 0x04, 0x45, 0x00, 0x1b, 0xfc, 
    0xb5, 0xf7, 0x3e, 0xf3, 0x78, 0xee, 0xc2, 0xe9, 0x44, 0xe5, 0xd1, 0xe0, 0x07, 0xdd, 0x71, 0xda, 
    0xd2, 0xd8, 0x3b, 0xd7, 0x8d, 0xd5, 0x1b, 0xd4, 0xb6, 0xd2, 0x6a, 0xd1, 0x62, 0xd0, 0x77, 0xd0, 
    0xef, 0xd0, 0x6b, 0xd1, 0x68, 0xd3, 0x16, 0xd6, 0xce, 0xd8, 0xb8, 0xdb, 0x32, 0xdf, 0x98, 0xe3, 
    0x9f, 0xe7, 0x0d, 0xec, 0x2c, 0xf1, 0x5c, 0xf5, 0x56, 0xf9, 0x9f, 0xfd, 0xee, 0x01, 0x0d, 0x06, 
    0x03, 0x0a, 0x7f, 0x0e, 0x0d, 0x13, 0xf1, 0x16, 0xbc, 0x1a, 0x9f, 0x1e, 0x8a, 0x21, 0x9b, 0x23, 
    0x7d, 0x25, 0xa1, 0x26, 0x1e, 0x27, 0x9a, 0x27, 0x95, 0x28, 0xe3, 0x29, 0x56, 0x2a, 0x71, 0x2a, 
    0x75, 0x2a, 0x65, 0x29, 0xe8, 0x27, 0x93, 0x26, 0x1e, 0x25, 0x35, 0x23, 0xed, 0x20, 0xc2, 0x1e, 
    0x53, 0x1c, 0x46, 0x19, 0x64, 0x16, 0xaa, 0x13, 0x54, 0x10, 0xbe, 0x0c, 0x63, 0x09, 0xed, 0x05, 
    0xf5, 0x01, 0xac, 0xfd, 0x48, 0xf9, 0x8e, 0xf4, 0x6e, 0xef, 0x8c, 0xea, 0xe1, 0xe5, 0x28, 0xe1, 
    0x42, 0xdd, 0xbb, 0xda, 0xec, 0xd8, 0xa2, 0xd7, 0x81, 0xd6, 0x9e, 0xd4, 0xa7, 0xd2, 0x08, 0xd1, 
    0xa3, 0xcf, 0xba, 0xce, 0xbe, 0xce, 0xcd, 0xcf, 0xfb, 0xd0, 0xe5, 0xd2, 0x27, 0xd6, 0x81, 0xd9, 
    0xed, 0xdc, 0x0d, 0xe1, 0xf0, 0xe5, 0xa5, 0xea, 0xa1, 0xee, 0x2d, 0xf3, 0xae, 0xf7, 0xa4, 0xfb, 
    0x2e, 0x00, 0x40, 0x05, 0x13, 0x0a, 0x82, 0x0e, 0x62, 0x13, 0x1d, 0x18, 0xdc, 0x1b, 0x4d, 0x1f, 
    0x9b, 0x22, 0xaf, 0x24, 0x63, 0x25, 0x67, 0x26, 0x8a, 0x27, 0x00, 0x28, 0xd0, 0x28, 0x2e, 0x2a, 
    0x4a, 0x2b, 0x62, 0x2b, 0xfb, 0x2a, 0x68, 0x2a, 0xc0, 0x28, 0xaa, 0x26, 0x15, 0x25, 0x64, 0x23, 
    0x0d, 0x21, 0xed, 0x1e, 0x2a, 0x1d, 0xbc, 0x1a, 0xe8, 0x17, 0x35, 0x15, 0x2a, 0x12, 0x63, 0x0e, 
    0x94, 0x0a, 0xeb, 0x06, 0xe9, 0x02, 0xe4, 0xfe, 0xd2, 0xfa, 0x4a, 0xf6, 0xb4, 0xf1, 0xf0, 0xec, 
    0x9a, 0xe7, 0x66, 0xe2, 0xeb, 0xdd, 0xae, 0xda, 0x45, 0xd8, 0xb1, 0xd6, 0x42, 0xd6, 0xb9, 0xd4, 
    0x34, 0xd2, 0x9f, 0xd0, 0x24, 0xcf, 0x93, 0xcd, 0xde, 0xcc, 0x98, 0xcd, 0xec, 0xce, 0x35, 0xd0, 
    0xef, 0xd2, 0x96, 0xd6, 0xe9, 0xd9, 0x94, 0xdd, 0x4a, 0xe2, 0x7e, 0xe7, 0x0a, 0xec, 0x50, 0xf0, 
    0x15, 0xf5, 0x8f, 0xf9, 0xe0, 0xfd, 0xeb, 0x02, 0x3b, 0x08, 0x35, 0x0d, 0xa8, 0x11, 0x37, 0x16, 
    0xa6, 0x1a, 0x03, 0x1e, 0xf4, 0x20, 0xa8, 0x23, 0x52, 0x25, 0x63, 0x26, 0xbb, 0x27, 0xe7, 0x28, 
    0xae, 0x29, 0x85, 0x2a, 0xa9, 0x2b, 0x8e, 0x2c, 0x1b, 0x2c, 0x1d, 0x2b, 0xf4, 0x29, 0x17, 0x28, 
    0x4c, 0x26, 0xb3, 0x24, 0x38, 0x23, 0x45, 0x21, 0xe9, 0x1e, 0xda, 0x1c, 0x08, 0x1a, 0xc8, 0x16, 
    0xaf, 0x13, 0x4c, 0x10, 0xa8, 0x0c, 0xc3, 0x08, 0x2b, 0x05, 0xa7, 0x01, 0xc0, 0xfd, 0xce, 0xf9, 
    0xc6, 0xf5, 0x57, 0xf1, 0xc3, 0xec, 0x21, 0xe8, 0x39, 0xe3, 0x20, 0xde, 0x46, 0xd9, 0x56, 0xd5, 
    0x5c, 0xd3, 0xc6, 0xd2, 0x30, 0xd2, 0xd3, 0xd1, 0xcc, 0xd0, 0x08, 0xcf, 0xa1, 0xcd, 0x19, 0xcd, 
    0x72, 0xce, 0x7f, 0xd0, 0x0d, 0xd2, 0xe5, 0xd4, 0xad, 0xd8, 0x29, 0xdc, 0xd3, 0xdf, 0x69, 0xe4, 
    0xd5, 0xe9, 0x7c, 0xee, 0xe2, 0xf2, 0x9c, 0xf7, 0x06, 0xfc, 0x55, 0x00, 0x19, 0x05, 0x0b, 0x0a, 
    0x50, 0x0e, 0x50, 0x12, 0x3c, 0x16, 0x26, 0x1a, 0xca, 0x1d, 0x82, 0x20, 0xba, 0x22, 0x4a, 0x24, 
    0x10, 0x25, 0x0d, 0x26, 0x2f, 0x27, 0xbd, 0x27, 0x01, 0x28, 0xbf, 0x28, 0x80, 0x29, 0x23, 0x2a, 
    0x07, 0x2b, 0xbf, 0x2b, 0x32, 0x2c, 0xbc, 0x2b, 0x9d, 0x2a, 0x0a, 0x29, 0x40, 0x27, 0x65, 0x25, 
    0x25, 0x22, 0x7e, 0x1e, 0x09, 0x1b, 0x24, 0x17, 0xe3, 0x12, 0x79, 0x0d, 0xd8, 0x06, 0xd2, 0xff, 
    0xfe, 0xf8, 0x53, 0xf2, 0x87, 0xeb, 0x96, 0xe5, 0x20, 0xe0, 0x6d, 0xd9, 0x55, 0xd2, 0x27, 0xcc, 
    0x4b, 0xc5, 0x43, 0xbe, 0x6b, 0xba, 0xc3, 0xba, 0x35, 0xbe, 0x85, 0xc4, 0x07, 0xce, 0x40, 0xd8, 
    0xfb, 0xe0, 0x09, 0xe8, 0x56, 0xed, 0x1e, 0xf0, 0x62, 0xf0, 0x1a, 0xf0, 0x9f, 0xef, 0xfe, 0xee, 
    0xac, 0xef, 0x52, 0xf1, 0x66, 0xf3, 0x72, 0xf5, 0x57, 0xf7, 0xea, 0xf8, 0x44, 0xf9, 0xa2, 0xfa, 
    0xab, 0xfd, 0xa3, 0x01, 0x84, 0x06, 0xab, 0x0c, 0x30, 0x14, 0x7f, 0x1a, 0x96, 0x1f, 0x9e, 0x23, 
    0xb7, 0x25, 0x9a, 0x26, 0x15, 0x27, 0x7c, 0x27, 0x3b, 0x27, 0x4d, 0x27, 0xfc, 0x28, 0x29, 0x2b, 
    0xbd, 0x2b, 0x74, 0x2b, 0x7b, 0x2b, 0x8b, 0x29, 0x2e, 0x26, 0x6e, 0x22, 0x84, 0x1e, 0x4c, 0x1c, 
    0x8f, 0x1a, 0x9d, 0x18, 0x8b, 0x16, 0xc4, 0x13, 0xe0, 0x0f, 0xc0, 0x09, 0x76, 0x02, 0x4e, 0xfb, 
    0xa0, 0xf4, 0xc1, 0xee, 0x5e, 0xe9, 0x2e, 0xe4, 0x6b, 0xe0, 0x19, 0xde, 0x81, 0xda, 0x25, 0xd7, 
    0x9c, 0xd5, 0x5e, 0xd3, 0x14, 0xd0, 0x26, 0xcd, 0x48, 0xc8, 0x7f, 0xc1, 0x0f, 0xc1, 0xe8, 0xc8, 
    0x6b, 0xd1, 0x49, 0xdb, 0xa2, 0xed, 0x52, 0x00, 0x6f, 0x07, 0x03, 0x08, 0x85, 0x09, 0x62, 0x07, 
    0x10, 0xfd, 0x81, 0xf3, 0x03, 0xf0, 0x5f, 0xed, 0x71, 0xeb, 0x6f, 0xed, 0x95, 0xf1, 0x62, 0xf4, 
    0xc3, 0xf8, 0x0d, 0xff, 0x04, 0x04, 0x95, 0x09, 0xc9, 0x11, 0x60, 0x1b, 0x96, 0x22, 0x0d, 0x28, 
    0x97, 0x2d, 0xab, 0x30, 0x47, 0x2f, 0x37, 0x2b, 0x7b, 0x27, 0x3d, 0x22, 0x6c, 0x1c, 0xe7, 0x18, 
    0xdf, 0x16, 0xf7, 0x16, 0x91, 0x18, 0x1d, 0x1b, 0x0f, 0x1c, 0x9e, 0x1b, 0x55, 0x1c, 0x40, 0x1b, 
    0x6e, 0x18, 0x04, 0x16, 0x14, 0x15, 0x76, 0x13, 0xb6, 0x10, 0x9c, 0x0e, 0x90, 0x0b, 0x27, 0x07, 
    0x33, 0x01, 0x46, 0xfb, 0xd2, 0xf5, 0x90, 0xf0, 0x10, 0xed, 0x97, 0xe9, 0x6b, 0xe6, 0xb9, 0xe4, 
    0x0c, 0xe2, 0xba, 0xdd, 0x57, 0xda, 0x87, 0xd8, 0x69, 0xd6, 0x20, 0xd2, 0x01, 0xcd, 0xd3, 0xc9, 
    0xf7, 0xc4, 0xe7, 0xc0, 0x73, 0xc5, 0x43, 0xd0, 0x5a, 0xde, 0x12, 0xf0, 0x35, 0x02, 0x62, 0x0f, 
    0x1b, 0x14, 0xd1, 0x12, 0xc0, 0x0e, 0x77, 0x05, 0x2f, 0xfa, 0xc3, 0xf3, 0x52, 0xf2, 0xd3, 0xf2, 
    0xc2, 0xf2, 0x74, 0xf5, 0xca, 0xfb, 0x75, 0xfe, 0x88, 0xff, 0xef, 0x04, 0xdd, 0x0c, 0x1b, 0x15, 
    0xd3, 0x1c, 0x3f, 0x25, 0xa8, 0x2c, 0x48, 0x2f, 0x5d, 0x2d, 0x8c, 0x28, 0x05, 0x21, 0x2d, 0x19, 
    0x03, 0x14, 0x8a, 0x0f, 0x46, 0x0d, 0xda, 0x0f, 0x54, 0x15, 0xa4, 0x19, 0x87, 0x1a, 0x2c, 0x1c, 
    0x90, 0x1d, 0x64, 0x1a, 0xbd, 0x16, 0x28, 0x15, 0x3f, 0x14, 0x3e, 0x12, 0xe3, 0x0e, 0x24, 0x0c, 
    0x98, 0x08, 0x11, 0x04, 0xda, 0xfe, 0x0f, 0xf9, 0x98, 0xf5, 0x53, 0xf4, 0x18, 0xf3, 0x4e, 0xf1, 
    0x9f, 0xf0, 0x84, 0xf0, 0xfa, 0xed, 0xdd, 0xe8, 0x13, 0xe3, 0x89, 0xdd, 0x17, 0xd8, 0xce, 0xd3, 
    0x55, 0xd1, 0x7c, 0xcf, 0x63, 0xcb, 0x62, 0xc6, 0xed, 0xc4, 0xdd, 0xc8, 0xb9, 0xd3, 0xb4, 0xe3, 
    0xd8, 0xf6, 0x05, 0x0a, 0x9e, 0x17, 0x7b, 0x1c, 0x0d, 0x18, 0xc8, 0x10, 0x0c, 0x08, 0xc2, 0xfa, 
    0xe4, 0xef, 0xd8, 0xed, 0xd0, 0xf0, 0xcd, 0xf0, 0x3e, 0xf1, 0x9d, 0xf7, 0xcb, 0xfd, 0xf9, 0x00, 
    0x16, 0x05, 0x29, 0x0e, 0xfb, 0x18, 0xf6, 0x20, 0xde, 0x27, 0x13, 0x2c, 0x09, 0x2c, 0x17, 0x28, 
    0x32, 0x21, 0x56, 0x18, 0x9d, 0x0f, 0x20, 0x0c, 0xba, 0x0a, 0xe7, 0x09, 0x96, 0x0d, 0x0c, 0x14, 
    0xba, 0x18, 0x1e, 0x19, 0xd2, 0x19, 0xaf, 0x1b, 0x73, 0x1a, 0xea, 0x17, 0x49, 0x15, 0x72, 0x12, 
    0xb1, 0x0e, 0x00, 0x0a, 0xc5, 0x05, 0xdd, 0x00, 0x75, 0xfd, 0xdf, 0xfb, 0x56, 0xfa, 0xc3, 0xf9, 
    0x01, 0x00, 0x80, 0x07, 0xd9, 0xf9, 0x75, 0xfa, 0xa5, 0xf9, 0xc7, 0xf7, 0xdc, 0xf5, 0x1e, 0xf2, 
    0x8c, 0xed, 0xc0, 0xe8, 0x46, 0xe3, 0x5e, 0xdd, 0x33, 0xd8, 0x42, 0xd5, 0x61, 0xd1, 0xef, 0xcb, 
    0x71, 0xc9, 0x08, 0xc6, 0xcd, 0xc4, 0xff, 0xcf, 0x30, 0xe2, 0x6b, 0xf3, 0x3f, 0x04, 0x14, 0x17, 
    0x84, 0x22, 0x32, 0x1d, 0xeb, 0x13, 0xbc, 0x0c, 0xdb, 0xff, 0xc2, 0xf0, 0x0e, 0xea, 0x6a, 0xec, 
    0xbd, 0xed, 0xdc, 0xee, 0x99, 0xf5, 0x5a, 0xfd, 0x32, 0x02, 0x85, 0x06, 0xe0, 0x0e, 0xb7, 0x17, 
    0x19, 0x1e, 0x6b, 0x24, 0x58, 0x28, 0xc1, 0x27, 0x71, 0x22, 0xaf, 0x1b, 0x91, 0x13, 0xb7, 0x0a, 
    0x17, 0x07, 0x1c, 0x07, 0x3a, 0x09, 0x86, 0x0d, 0x9b, 0x13, 0xbe, 0x18, 0xab, 0x18, 0x2e, 0x1a, 
    0xf3, 0x1c, 0x40, 0x1b, 0x79, 0x18, 0x49, 0x16, 0xca, 0x13, 0x3d, 0x0d, 0x7b, 0x05, 0xdd, 0x00, 
    0xed, 0xfb, 0x64, 0xf8, 0x33, 0xf8, 0xd3, 0xfa, 0x8d, 0xfe, 0xb1, 0x01, 0x25, 0x04, 0x1c, 0x04, 
    0x6f, 0x02, 0xbd, 0xfe, 0xe1, 0xf8, 0xfc, 0xf1, 0x2f, 0xec, 0x13, 0xe7, 0xd0, 0xde, 0x97, 0xd8, 
    0x6c, 0xd5, 0xd7, 0xd1, 0x76, 0xce, 0x05, 0xcc, 0xa5, 0xcd, 0xfc, 0xcd, 0x24, 0xcf, 0x8c, 0xdb, 
    0x66, 0xec, 0x06, 0xfb, 0x87, 0x09, 0x02, 0x18, 0xc5, 0x1f, 0x58, 0x1b, 0x1c, 0x12, 0xce, 0x07, 
    0x0c, 0xfa, 0x13, 0xee, 0xa6, 0xe9, 0x37, 0xe9, 0x84, 0xea, 0xbc, 0xf1, 0x41, 0xfa, 0xf1, 0xff, 
    0xee, 0x05, 0xe7, 0x0c, 0x9a, 0x13, 0xcd, 0x17, 0xbf, 0x1c, 0xba, 0x22, 0x96, 0x22, 0x11, 0x1f, 
    0xd3, 0x1b, 0x50, 0x15, 0xd8, 0x0c, 0x29, 0x07, 0xb4, 0x05, 0x7d, 0x06, 0x34, 0x09, 0x6e, 0x0e, 
    0x30, 0x13, 0x43, 0x16, 0xef, 0x19, 0x9d, 0x1c, 0xfb, 0x1a, 0x0a, 0x18, 0x1c, 0x17, 0x18, 0x14, 
    0xce, 0x0d, 0x94, 0x08, 0x16, 0x04, 0x57, 0xff, 0x3f, 0xfb, 0xeb, 0xf9, 0x4c, 0xfc, 0xbd, 0xfe, 
    0x4f, 0x02, 0xa2, 0x06, 0xf2, 0x07, 0x27, 0x07, 0x69, 0x03, 0x69, 0xfd, 0x11, 0xf7, 0x35, 0xf0, 
    0xfa, 0xe9, 0x53, 0xe4, 0x8b, 0xdf, 0x47, 0xdc, 0xc3, 0xda, 0x0f, 0xda, 0x3d, 0xd8, 0x79, 0xd6, 
    0x26, 0xd5, 0x8a, 0xd1, 0xde, 0xcd, 0x52, 0xd4, 0xd8, 0xe5, 0x23, 0xf6, 0x7d, 0x05, 0xa7, 0x18, 
    0x75, 0x23, 0xd3, 0x1e, 0x7d, 0x12, 0x59, 0x06, 0xbf, 0xf9, 0x5c, 0xec, 0x02, 0xe8, 0xf1, 0xeb, 
    0x9a, 0xf0, 0x8c, 0xf7, 0xd4, 0xfc, 0x95, 0xff, 0x84, 0x03, 0xce, 0x06, 0x25, 0x0b, 0xfc, 0x11, 
    0xb9, 0x1a, 0x84, 0x22, 0x21, 0x24, 0xd6, 0x20, 0x31, 0x1b, 0xe3, 0x11, 0x91, 0x07, 0x2c, 0x02, 
    0xf1, 0x01, 0x8a, 0x05, 0x28, 0x0c, 0xb8, 0x12, 0x52, 0x18, 0x4d, 0x1a, 0x15, 0x19, 0x29, 0x18, 
    0xd0, 0x15, 0x75, 0x13, 0x2c, 0x12, 0xed, 0x0f, 0x8c, 0x0d, 0xee, 0x09, 0x57, 0x04, 0x7b, 0xfe, 
    0x2b, 0xfa, 0xd0, 0xf9, 0xab, 0xfc, 0x2b, 0x00, 0x87, 0x05, 0xfb, 0x0a, 0xe3, 0x0b, 0x20, 0x09, 
    0x4e, 0x04, 0x2a, 0xff, 0xbc, 0xf9, 0x21, 0xf3, 0xf7, 0xee, 0x72, 0xeb, 0x0e, 0xe6, 0xf3, 0xe0, 
    0x39, 0xdc, 0x59, 0xd9, 0xec, 0xd7, 0x9a, 0xd6, 0x66, 0xd7, 0xe1, 0xd7, 0xe5, 0xd3, 0x25, 0xd3, 
    0x92, 0xdc, 0x37, 0xe9, 0xa8, 0xf6, 0x72, 0x08, 0xf4, 0x19, 0x15, 0x20, 0x7e, 0x1a, 0x6b, 0x13, 
    0x53, 0x07, 0x7a, 0xf6, 0x46, 0xed, 0x41, 0xeb, 0x3b, 0xec, 0xa7, 0xf0, 0x36, 0xf8, 0x2b, 0xfe, 
    0x0e, 0x00, 0xab, 0x03, 0x51, 0x08, 0xc4, 0x0a, 0xf2, 0x0e, 0x5a, 0x17, 0x81, 0x1e, 0x6d, 0x20, 
    0xa8, 0x1f, 0xc2, 0x1a, 0x8b, 0x12, 0x57, 0x0a, 0x85, 0x04, 0xf8, 0x02, 0x11, 0x03, 0xc3, 0x08, 
    0x7d, 0x11, 0xa9, 0x14, 0x45, 0x17, 0x50, 0x19, 0x3f, 0x18, 0xc4, 0x15, 0x78, 0x12, 0x31, 0x12, 
    0xbe, 0x10, 0x0b, 0x0c, 0xa2, 0x08, 0x50, 0x03, 0xae, 0xfe, 0x02, 0xfd, 0x21, 0xfb, 0xbd, 0xfd, 
    0xb8, 0x03, 0xbe, 0x08, 0xb2, 0x0b, 0x60, 0x0a, 0x9a, 0x08, 0x7b, 0x04, 0x3e, 0xfc, 0xf8, 0xf5, 
    0x12, 0xf1, 0xa7, 0xed, 0x85, 0xeb, 0xe7, 0xe8, 0x3a, 0xe6, 0x5f, 0xe2, 0x7b, 0xdf, 0x26, 0xdd, 
    0xcb, 0xda, 0x2d, 0xda, 0xd0, 0xd9, 0xc4, 0xd6, 0xb6, 0xd2, 0x7c, 0xd9, 0x5d, 0xe7, 0xc9, 0xf1, 
    0x30, 0x01, 0xfc, 0x13, 0xc0, 0x1e, 0xb2, 0x1b, 0xa6, 0x11, 0xd4, 0x0a, 0x2f, 0xfe, 0x8c, 0xf0, 
    0x1f, 0xee, 0xd0, 0xef, 0x2a, 0xf3, 0x90, 0xf6, 0xdd, 0xfa, 0xbf, 0xff, 0xa7, 0x00, 0x86, 0x04, 
    0x6b, 0x09, 0xe4, 0x0c, 0xcf, 0x14, 0x11, 0x1c, 0xfe, 0x1e, 0xf8, 0x1d, 0x67, 0x19, 0x6f, 0x12, 
    0x03, 0x0a, 0x32, 0x04, 0x2c, 0x02, 0x46, 0x04, 0x38, 0x09, 0xa9, 0x0e, 0xfc, 0x14, 0x35, 0x19, 
    0xf6, 0x19, 0x51, 0x18, 0x99, 0x15, 0xa1, 0x13, 0xa0, 0x10, 0x20, 0x0d, 0x24, 0x0b, 0xd4, 0x08, 
    0xdf, 0x04, 0xdb, 0x00, 0x09, 0xff, 0x76, 0xff, 0x1f, 0x00, 0xc3, 0x01, 0x7b, 0x06, 0xc5, 0x09, 
    0xdd, 0x08, 0xb5, 0x06, 0xe1, 0x02, 0x8c, 0xfe, 0x1d, 0xfa, 0xc4, 0xf4, 0x4d, 0xf1, 0x95, 0xee, 
    0xbb, 0xeb, 0xf6, 0xe7, 0x64, 0xe2, 0xdc, 0xdf, 0x68, 0xdf, 0x01, 0xdd, 0xb5, 0xda, 0x7d, 0xdb, 
    0xab, 0xdc, 0x0d, 0xd7, 0xdb, 0xd2, 0x1e, 0xdc, 0x3e, 0xea, 0x44, 0xf7, 0xc0, 0x07, 0x88, 0x18, 
    0x40, 0x1f, 0xea, 0x19, 0xc2, 0x10, 0xf1, 0x03, 0x60, 0xf5, 0x2e, 0xed, 0x87, 0xea, 0xb0, 0xec, 
    0x1a, 0xf3, 0x38, 0xfb, 0x39, 0x01, 0xee, 0x02, 0x22, 0x06, 0x08, 0x0a, 0x20, 0x0c, 0x21, 0x0f, 
    0x81, 0x14, 0xa0, 0x1b, 0x71, 0x1d, 0xe0, 0x19, 0x4a, 0x15, 0xe4, 0x0e, 0xea, 0x07, 0xf3, 0x01, 
    0x2a, 0x01, 0xae, 0x05, 0x03, 0x0c, 0xf6, 0x11, 0xb6, 0x15, 0x82, 0x1a, 0x9b, 0x1c, 0x71, 0x18, 
    0x87, 0x13, 0x97, 0x10, 0x2e, 0x0f, 0xaa, 0x0b, 0x7f, 0x08, 0x02, 0x08, 0x25, 0x05, 0xde, 0x01, 
    0xd3, 0xff, 0xba, 0xfe, 0x7b, 0x00, 0xe2, 0x03, 0xe7, 0x07, 0x31, 0x0a, 0xe0, 0x09, 0x39, 0x08, 
    0x39, 0x04, 0x72, 0xfe, 0x9d, 0xf8, 0x41, 0xf4, 0xc2, 0xf0, 0x2e, 0xec, 0xe8, 0xe8, 0x95, 0xe7, 
    0x65, 0xe5, 0xdf, 0xe2, 0x60, 0xe2, 0x3f, 0xe3, 0x7f, 0xe1, 0xc5, 0xdf, 0x0b, 0xdf, 0xeb, 0xd7, 
    0xd4, 0xd1, 0x6a, 0xd7, 0x64, 0xe3, 0x48, 0xf0, 0x79, 0xfe, 0x50, 0x0f, 0xa5, 0x1b, 0x4c, 0x1b, 
    0xfe, 0x12, 0x10, 0x08, 0x72, 0xfc, 0x96, 0xf2, 0x2e, 0xeb, 0x08, 0xeb, 0x03, 0xf4, 0x57, 0xfb, 
    0x71, 0xfd, 0xd0, 0x00, 0x02, 0x05, 0xcb, 0x07, 0xd5, 0x07, 0x32, 0x0a, 0xe0, 0x12, 0x78, 0x19, 
    0x3a, 0x1c, 0x30, 0x1c, 0x18, 0x19, 0xe1, 0x15, 0xa9, 0x0f, 0x95, 0x07, 0x63, 0x03, 0x87, 0x04, 
    0x24, 0x08, 0x7c, 0x0b, 0x47, 0x10, 0x2c, 0x17, 0xd3, 0x1a, 0x86, 0x17, 0x6f, 0x14, 0xc7, 0x12, 
    0xb5, 0x0f, 0xb9, 0x0d, 0x99, 0x0a, 0x27, 0x0a, 0x71, 0x09, 0xf9, 0x03, 0xa6, 0x01, 0x26, 0x00, 
    0x42, 0x00, 0xa7, 0x01, 0xae, 0x01, 0xd6, 0x05, 0xfe, 0x07, 0xda, 0x06, 0x0d, 0x05, 0x6c, 0x00, 
    0x67, 0xfc, 0x6d, 0xf7, 0xf5, 0xf1, 0x67, 0xee, 0x52, 0xeb, 0xf5, 0xe9, 0xea, 0xe8, 0x38, 0xe6, 
    0x57, 0xe4, 0x32, 0xe4, 0x53, 0xe2, 0xe9, 0xde, 0xc5, 0xdc, 0x9a, 0xd9, 0x56, 0xd3, 0xef, 0xd0, 
    0x43, 0xda, 0xea, 0xe7, 0x69, 0xf4, 0x88, 0x06, 0xbd, 0x18, 0xa7, 0x1e, 0x97, 0x19, 0xa2, 0x11, 
    0xc8, 0x06, 0xfe, 0xf7, 0x29, 0xee, 0xbd, 0xec, 0x0a, 0xef, 0xc0, 0xf3, 0x22, 0xfa, 0xf3, 0x00, 
    0x60, 0x05, 0x40, 0x07, 0xd5, 0x09, 0x69, 0x0c, 0xe8, 0x0f, 0x12, 0x15, 0x8a, 0x1a, 0x09, 0x1e, 
    0xb4, 0x1b, 0xb8, 0x17, 0x40, 0x13, 0x7f, 0x0b, 0x29, 0x05, 0xc3, 0x02, 0x48, 0x05, 0xa3, 0x09, 
    0xc3, 0x0d, 0x62, 0x14, 0x85, 0x19, 0x5e, 0x1b, 0x97, 0x19, 0x82, 0x15, 0x7f, 0x12, 0x9e, 0x0e, 
    0xff, 0x0a, 0x3b, 0x08, 0x67, 0x06, 0xde, 0x05, 0x8a, 0x04, 0xd4, 0x02, 0x78, 0x00, 0x75, 0xff, 
    0xe1, 0x00, 0x03, 0x03, 0xf7, 0x04, 0x5b, 0x06, 0x8f, 0x07, 0x97, 0x05, 0xdd, 0x00, 0x39, 0xfb, 
    0xec, 0xf4, 0x34, 0xef, 0xc8, 0xe9, 0xf9, 0xe6, 0x4a, 0xe5, 0xdf, 0xe4, 0x68, 0xe6, 0x85, 0xe6, 
    0xdb, 0xe6, 0xd4, 0xe4, 0x3f, 0xe2, 0xf8, 0xde, 0xba, 0xd5, 0x3a, 0xd0, 0x5d, 0xd4, 0xba, 0xdf, 
    0x9c, 0xeb, 0x77, 0xf8, 0x8e, 0x0c, 0xb3, 0x17, 0x57, 0x15, 0x4e, 0x11, 0x52, 0x0b, 0x3a, 0x02, 
    0x2e, 0xf6, 0x3f, 0xf0, 0xd8, 0xf2, 0x0c, 0xf5, 0x78, 0xf8, 0xad, 0xfc, 0x6d, 0x01, 0x90, 0x05, 
    0x41, 0x05, 0x9b, 0x06, 0x28, 0x0b, 0xd5, 0x10, 0x6e, 0x16, 0x13, 0x1a, 0x85, 0x1d, 0xf7, 0x1d, 
    0x7b, 0x19, 0x9a, 0x11, 0x74, 0x0a, 0x61, 0x07, 0x35, 0x04, 0xe9, 0x03, 0x30, 0x09, 0x44, 0x10, 
    0x28, 0x17, 0xa6, 0x19, 0x04, 0x1a, 0xc5, 0x18, 0xa1, 0x14, 0x24, 0x11, 0xa0, 0x0c, 0x1d, 0x0b, 
    0xf9, 0x0b, 0x49, 0x09, 0x9e, 0x06, 0x12, 0x04, 0xab, 0x02, 0xfd, 0x00, 0x9b, 0xfd, 0x0d, 0xff, 
    0xb6, 0x02, 0x6c, 0x04, 0x01, 0x05, 0x7a, 0x05, 0x5c, 0x05, 0x1b, 0x01, 0x5e, 0xfc, 0x57, 0xf8, 
    0xdd, 0xf1, 0x6c, 0xec, 0x95, 0xe8, 0xfb, 0xe5, 0x94, 0xe3, 0xb8, 0xe0, 0x3a, 0xe2, 0x80, 0xe4, 
    0xa7, 0xe3, 0x0b, 0xe2, 0x1b, 0xe0, 0x2b, 0xde, 0x8a, 0xd7, 0x85, 0xd4, 0xdf, 0xde, 0x9a, 0xea, 
    0x11, 0xf8, 0xe5, 0x08, 0xf3, 0x13, 0x05, 0x18, 0x63, 0x13, 0x17, 0x0a, 0xf4, 0xfc, 0x89, 0xf0, 
    0x36, 0xef, 0x19, 0xef, 0x22, 0xf0, 0x5f, 0xf9, 0x9b, 0x02, 0x81, 0x06, 0xde, 0x05, 0x5e, 0x08, 
    0xad, 0x0c, 0xae, 0x0b, 0x7a, 0x0c, 0xe2, 0x12, 0x61, 0x19, 0x70, 0x1a, 0xf2, 0x17, 0x8e, 0x16, 
    0x58, 0x13, 0x94, 0x0d, 0x4c, 0x08, 0x7c, 0x06, 0x6f, 0x09, 0x18, 0x0d, 0x3c, 0x10, 0x83, 0x14, 
    0x4a, 0x19, 0xc4, 0x1b, 0x85, 0x18, 0x27, 0x14, 0x86, 0x12, 0x47, 0x0f, 0x58, 0x0b, 0xf2, 0x08, 
    0x40, 0x08, 0xea, 0x07, 0x8b, 0x04, 0x1d, 0x02, 0x79, 0x01, 0x95, 0x00, 0x8e, 0x01, 0xc8, 0x02, 
    0x26, 0x04, 0x42, 0x04, 0xe8, 0x02, 0xa0, 0x01, 0x34, 0xfd, 0x66, 0xf8, 0x0e, 0xf5, 0x04, 0xf2, 
    0x4e, 0xef, 0xcb, 0xeb, 0xd8, 0xea, 0xc0, 0xe9, 0x09, 0xe6, 0xae, 0xe3, 0x51, 0xe1, 0x60, 0xdf, 
    0x8f, 0xdd, 0x89, 0xdb, 0xff, 0xd8, 0x1e, 0xd5, 0xcc, 0xd9, 0x23, 0xe4, 0xe8, 0xe9, 0xf3, 0xf3, 
    0x26, 0x05, 0x39, 0x12, 0x02, 0x13, 0x4d, 0x0f, 0x6d, 0x0e, 0x03, 0x05, 0x11, 0xf6, 0x44, 0xef, 
    0xc0, 0xef, 0x54, 0xf2, 0x52, 0xf4, 0x0d, 0xfa, 0x89, 0x01, 0xe9, 0x04, 0x87, 0x07, 0x31, 0x0a, 
    0x28, 0x0e, 0xad, 0x12, 0xe6, 0x15, 0x9c, 0x18, 0x17, 0x19, 0x9f, 0x19, 0x39, 0x18, 0xfe, 0x12, 
    0xd3, 0x0e, 0x39, 0x0c, 0x28, 0x0a, 0xac, 0x07, 0x6f, 0x08, 0x80, 0x0e, 0x13, 0x13, 0xb0, 0x14, 
    0xe3, 0x16, 0x2c, 0x19, 0xde, 0x17, 0x02, 0x14, 0xff, 0x11, 0xea, 0x0f, 0x31, 0x0b, 0xca, 0x06, 
    0x82, 0x04, 0x04, 0x02, 0xfe, 0xff, 0x44, 0x00, 0x7c, 0x01, 0x29, 0x03, 0xac, 0x05, 0x07, 0x08, 
    0x06, 0x07, 0x02, 0x04, 0x88, 0x01, 0x1f, 0xfd, 0xb2, 0xf7, 0xd9, 0xf2, 0x96, 0xef, 0xe9, 0xec, 
    0x80, 0xe9, 0x8d, 0xe8, 0x25, 0xe8, 0xb6, 0xe7, 0x0d, 0xe8, 0x86, 0xe7, 0x78, 0xe7, 0x1e, 0xe5, 
    0x88, 0xe1, 0x58, 0xde, 0x21, 0xd9, 0x46, 0xd6, 0x42, 0xd9, 0x04, 0xe3, 0xc0, 0xef, 0xd2, 0xfb, 
    0x3e, 0x09, 0x2e, 0x12, 0x90, 0x12, 0x38, 0x0d, 0xe3, 0x05, 0x45, 0xff, 0x95, 0xf6, 0xd7, 0xf0, 
    0x2f, 0xf3, 0xd7, 0xf7, 0x08, 0xfc, 0x46, 0x00, 0x46, 0x05, 0x65, 0x07, 0xfe, 0x05, 0xa0, 0x08, 
    0x13, 0x0d, 0xfa, 0x0f, 0x56, 0x14, 0xc0, 0x18, 0x98, 0x1a, 0x7f, 0x18, 0xd8, 0x14, 0x74, 0x11, 
    0xe6, 0x0c, 0x85, 0x09, 0x18, 0x09, 0xbc, 0x0a, 0x26, 0x0e, 0x85, 0x12, 0x04, 0x16, 0x72, 0x18, 
    0x2c, 0x19, 0x8f, 0x16, 0xdd, 0x12, 0x99, 0x0f, 0xee, 0x0c, 0x62, 0x0a, 0xc7, 0x07, 0x54, 0x07, 
    0x01, 0x06, 0x6d, 0x03, 0xfe, 0x01, 0xd4, 0x00, 0x59, 0x01, 0xcf, 0x01, 0xfb, 0x01, 0xab, 0x02, 
    0x84, 0x02, 0x03, 0x02, 0x2f, 0xff, 0x2e, 0xfc, 0xe0, 0xf9, 0xd9, 0xf5, 0xa7, 0xf1, 0xff, 0xec, 
    0x54, 0xe9, 0x0d, 0xe6, 0xf3, 0xe2, 0x30, 0xe3, 0x42, 0xe4, 0x80, 0xe5, 0xef, 0xe5, 0xc0, 0xe4, 
    0x3e, 0xe3, 0xa2, 0xdd, 0xa5, 0xd8, 0x18, 0xdc, 0x70, 0xe4, 0x6a, 0xee, 0xc1, 0xfa, 0xf7, 0x07, 
    0x7a, 0x0f, 0x9e, 0x0e, 0x4d, 0x0b, 0x38, 0x04, 0xed, 0xf8, 0x47, 0xf3, 0x7c, 0xf2, 0xf8, 0xf1, 
    0xcb, 0xf5, 0xd0, 0xfd, 0x91, 0x04, 0x4b, 0x06, 0x57, 0x07, 0x7e, 0x0a, 0xb8, 0x0a, 0xe8, 0x0a, 
    0xbb, 0x0e, 0x09, 0x13, 0x36, 0x16, 0x7f, 0x17, 0x58, 0x17, 0x3b, 0x15, 0x4f, 0x11, 0x45, 0x0e, 
    0x3d, 0x0b, 0xd8, 0x08, 0x5e, 0x0a, 0x20, 0x0e, 0x9c, 0x11, 0x47, 0x15, 0xc0, 0x18, 0xc9, 0x19, 
    0xaf, 0x16, 0x06, 0x12, 0x1b, 0x0f, 0x9f, 0x0c, 0x88, 0x09, 0x67, 0x07, 0x82, 0x07, 0x96, 0x07, 
    0x38, 0x05, 0x04, 0x03, 0x62, 0x02, 0x52, 0x02, 0x06, 0x02, 0x70, 0x01, 0xc5, 0x01, 0x92, 0x01, 
    0x01, 0x00, 0x92, 0xfd, 0xb7, 0xfa, 0x5e, 0xf8, 0xb9, 0xf4, 0x90, 0xf0, 0x65, 0xee, 0xc7, 0xec, 
    0xa6, 0xea, 0xc1, 0xe8, 0xa2, 0xe7, 0xca, 0xe6, 0xc1, 0xe5, 0x04, 0xe5, 0x32, 0xe5, 0x9f, 0xe4, 
    0xba, 0xe1, 0x7f, 0xdd, 0xe1, 0xda, 0x20, 0xe0, 0x0b, 0xea, 0x42, 0xf2, 0x99, 0xfd, 0xf9, 0x09, 
    0x6a, 0x10, 0x02, 0x0e, 0xa1, 0x06, 0xe2, 0x02, 0xc6, 0xfc, 0x6c, 0xf3, 0xa9, 0xf0, 0x00, 0xf4, 
    0xed, 0xf9, 0x67, 0xfd, 0xa8, 0x01, 0x38, 0x09, 0x39, 0x0b, 0x5a, 0x0b, 0x43, 0x0d, 0x0e, 0x0e, 
    0x47, 0x10, 0x39, 0x13, 0xa9, 0x15, 0x7b, 0x15, 0x3c, 0x13, 0xc3, 0x12, 0x27, 0x10, 0x7f, 0x0b, 
    0x7d, 0x0a, 0xd4, 0x0c, 0x01, 0x00, 0x80, 0x07, 0x0f, 0x0f, 0xb9, 0x0f, 0x84, 0x12, 0x39, 0x17, 
    0xa4, 0x17, 0x41, 0x15, 0xc3, 0x13, 0xbc, 0x11, 0x26, 0x0e, 0xa4, 0x0a, 0x7d, 0x09, 0xcd, 0x08, 
    0x83, 0x07, 0xf6, 0x06, 0x79, 0x05, 0xcf, 0x03, 0x61, 0x03, 0xe1, 0x02, 0x59, 0x01, 0x8a, 0xff, 
    0x50, 0xff, 0x88, 0xfe, 0x03, 0xfc, 0x0c, 0xfb, 0xe2, 0xfa, 0x44, 0xf8, 0x85, 0xf4, 0xec, 0xf1, 
    0x2f, 0xef, 0x2c, 0xec, 0xd1, 0xe9, 0xc4, 0xe8, 0x2d, 0xe8, 0x97, 0xe6, 0x74, 0xe6, 0x62, 0xe6, 
    0xcc, 0xe5, 0x06, 0xe6, 0xd1, 0xe2, 0xb0, 0xde, 0x53, 0xde, 0xf7, 0xe2, 0xf5, 0xea, 0x63, 0xf3, 
    0xc9, 0xff, 0x7b, 0x0a, 0xc4, 0x0c, 0x44, 0x0b, 0x5d, 0x06, 0xe5, 0xfe, 0xf3, 0xf7, 0x26, 0xf4, 
    0x9e, 0xf4, 0x3d, 0xf7, 0xbc, 0xfc, 0x8c, 0x02, 0x1f, 0x05, 0x0a, 0x07, 0xf0, 0x08, 0xe5, 0x08, 
    0xa0, 0x08, 0x50, 0x0b, 0x44, 0x10, 0xfd, 0x13, 0xc6, 0x15, 0x99, 0x17, 0xde, 0x16, 0xb9, 0x12, 
    0x52, 0x0f, 0x53, 0x0c, 0x34, 0x0a, 0xfa, 0x09, 0x6f, 0x0b, 0xa3, 0x0e, 0x8f, 0x11, 0xbc, 0x14, 
    0xe2, 0x15, 0x2c, 0x14, 0xd1, 0x12, 0x58, 0x10, 0xd3, 0x0c, 0x67, 0x09, 0xf2, 0x07, 0x2f, 0x08, 
    0xac, 0x06, 0x0a, 0x05, 0x94, 0x04, 0xf3, 0x03, 0xe9, 0x01, 0x70, 0x00, 0xca, 0x00, 0x54, 0x00, 
    0x76, 0xff, 0xc7, 0xfe, 0xec, 0xfe, 0x06, 0xfe, 0x08, 0xfb, 0x66, 0xf8, 0x76, 0xf4, 0x29, 0xf0, 
    0x0b, 0xec, 0x35, 0xe9, 0x0a, 0xe9, 0x85, 0xe8, 0x01, 0xe9, 0x37, 0xe9, 0x9e, 0xe8, 0xdc, 0xe7, 
    0xb7, 0xe5, 0x34, 0xe4, 0x42, 0xe1, 0xb4, 0xe0, 0xb0, 0xe5, 0x6d, 0xec, 0x27, 0xf4, 0x45, 0xfb, 
    0xff, 0x03, 0xf4, 0x09, 0xed, 0x08, 0x93, 0x05, 0x23, 0x00, 0xc8, 0xfb, 0x1b, 0xf7, 0x00, 0xf3, 
    0x13, 0xf6, 0xda, 0xfa, 0xc0, 0xfd, 0xe6, 0xff, 0xa0, 0x03, 0xd0, 0x07, 0x05, 0x08, 0xf2, 0x09, 
    0x56, 0x0e, 0xe4, 0x10, 0x34, 0x13, 0x5c, 0x15, 0xf4, 0x15, 0xa7, 0x13, 0xb7, 0x10, 0xd1, 0x0e, 
    0xee, 0x0b, 0x7f, 0x09, 0xfc, 0x09, 0x9a, 0x0c, 0x4a, 0x0f, 0x6f, 0x12, 0x56, 0x15, 0x69, 0x15, 
    0xd6, 0x13, 0x43, 0x12, 0xf9, 0x0f, 0xbb, 0x0c, 0xe4, 0x0a, 0xbb, 0x0a, 0x18, 0x09, 0x7a, 0x06, 
    0x79, 0x04, 0xab, 0x02, 0xd7, 0x00, 0xad, 0xff, 0x0b, 0x00, 0x45, 0x00, 0xea, 0xff, 0xde, 0xff, 
    0x0e, 0xff, 0xb8, 0xfd, 0x51, 0xfc, 0xea, 0xfa, 0xfa, 0xf8, 0xca, 0xf5, 0x25, 0xf3, 0x92, 0xf0, 
    0x62, 0xed, 0x0b, 0xeb, 0x31, 0xe9, 0x51, 0xe8, 0xde, 0xe7, 0x8e, 0xe7, 0xb8, 0xe7, 0xe7, 0xe6, 
    0xfa, 0xe6, 0x80, 0xe6, 0x07, 0xe4, 0xee, 0xe4, 0x5e, 0xea, 0x14, 0xf1, 0x69, 0xf6, 0xc1, 0xfd, 
    0x1e, 0x07, 0x40, 0x09, 0x39, 0x06, 0x12, 0x04, 0x01, 0x01, 0x02, 0xfb, 0x84, 0xf4, 0xa0, 0xf4, 
    0x18, 0xf8, 0xdf, 0xf9, 0xd7, 0xfd, 0x3b, 0x03, 0x6c, 0x07, 0x63, 0x09, 0x0c, 0x0b, 0x74, 0x0d, 
    0xf5, 0x0d, 0x89, 0x0f, 0x91, 0x12, 0x8c, 0x13, 0x7a, 0x13, 0xa9, 0x13, 0x1d, 0x13, 0x70, 0x10, 
    0x65, 0x0d, 0xfb, 0x0b, 0xb7, 0x0b, 0x27, 0x0c, 0x3b, 0x0e, 0x33, 0x12, 0x6a, 0x15, 0x16, 0x17, 
    0xd0, 0x16, 0x5c, 0x14, 0x20, 0x11, 0xc5, 0x0c, 0x82, 0x08, 0x8c, 0x05, 0x2d, 0x04, 0xec, 0x03, 
    0x49, 0x03, 0xc0, 0x03, 0x7f, 0x04, 0xdb, 0x03, 0x00, 0x03, 0xfc, 0x01, 0x9a, 0x00, 0x44, 0xff, 
    0x5d, 0xfe, 0xb3, 0xfc, 0x6d, 0xfa, 0x96, 0xf8, 0x7c, 0xf5, 0x4e, 0xf1, 0xc5, 0xed, 0x9a, 0xeb, 
    0xf0, 0xe9, 0xa5, 0xe8, 0xa6, 0xe9, 0x3a, 0xeb, 0xf0, 0xeb, 0x76, 0xec, 0xdb, 0xeb, 0x6a, 0xea, 
    0x6f, 0xe7, 0xf0, 0xe3, 0x45, 0xe4, 0x37, 0xe8, 0x9a, 0xed, 0x3f, 0xf3, 0x84, 0xf9, 0xb8, 0xff, 
    0xa8, 0x01, 0xb0, 0x01, 0xa3, 0x01, 0xa5, 0xfe, 0xc5, 0xfb, 0x9a, 0xfa, 0x5c, 0xfa, 0x8e, 0xfa, 
    0x37, 0xfc, 0x3e, 0x00, 0x5f, 0x01, 0x1c, 0x01, 0x86, 0x03, 0x3f, 0x06, 0x49, 0x08, 0x68, 0x0a, 
    0x01, 0x0f, 0xe5, 0x12, 0xe6, 0x12, 0x5b, 0x12, 0xe3, 0x11, 0x7b, 0x10, 0xf3, 0x0d, 0xf7, 0x0c, 
    0xa1, 0x0d, 0xef, 0x0d, 0x37, 0x0f, 0xdb, 0x10, 0xef, 0x12, 0x3d, 0x14, 0x20, 0x14, 0xf4, 0x12, 
    0xed, 0x0f, 0x45, 0x0e, 0xd6, 0x0c, 0x82, 0x0a, 0x8d, 0x09, 0x4e, 0x09, 0x0c, 0x09, 0x81, 0x06, 
    0xda, 0x03, 0x35, 0x03, 0x67, 0x01, 0x6d, 0xff, 0x10, 0xff, 0xdf, 0xff, 0xb2, 0x00, 0x70, 0x00, 
    0xa4, 0xff, 0x7f, 0xfe, 0x29, 0xfc, 0xa9, 0xf8, 0x7d, 0xf4, 0xaa, 0xf0, 0xb6, 0xee, 0x2b, 0xed, 
    0xdd, 0xeb, 0xe4, 0xeb, 0xd1, 0xeb, 0x6b, 0xeb, 0x69, 0xea, 0x06, 0xea, 0x4f, 0xea, 0xb3, 0xe9, 
    0x02, 0xea, 0x57, 0xeb, 0x5d, 0xed, 0x30, 0xf0, 0x61, 0xf3, 0x7e, 0xf6, 0xeb, 0xf8, 0xe7, 0xfb, 
    0x08, 0xfe, 0xb0, 0xfd, 0xdd, 0xfc, 0x86, 0xfd, 0xee, 0xfd, 0xe6, 0xfb, 0x39, 0xfb, 0xfa, 0xfc, 
    0x25, 0xfe, 0x92, 0xfe, 0x41, 0x00, 0xf9, 0x03, 0x61, 0x06, 0xef, 0x07, 0xad, 0x0a, 0x26, 0x0d, 
    0xb8, 0x0e, 0xc9, 0x0e, 0xe9, 0x0e, 0x83, 0x0f, 0x72, 0x0f, 0x63, 0x0f, 0x53, 0x0f, 0x0d, 0x10, 
    0x26, 0x11, 0x78, 0x11, 0xfe, 0x10, 0x5c, 0x10, 0x5b, 0x10, 0xbb, 0x0f, 0x8c, 0x0e, 0x31, 0x0e, 
    0xbc, 0x0e, 0x9b, 0x0e, 0x18, 0x0d, 0xf7, 0x0b, 0x94, 0x0a, 0x13, 0x08, 0x10, 0x05, 0x9b, 0x02, 
    0x82, 0x01, 0x0b, 0x00, 0x25, 0xff, 0xd1, 0xff, 0x6a, 0x00, 0x2c, 0x00, 0xd9, 0xfe, 0xf9, 0xfd, 
    0x97, 0xfc, 0xba, 0xf9, 0x58, 0xf7, 0xf1, 0xf4, 0xb0, 0xf2, 0xc4, 0xf0, 0x75, 0xef, 0x2a, 0xef, 
    0x6c, 0xee, 0x5e, 0xee, 0x66, 0xee, 0x78, 0xed, 0xe1, 0xec, 0xfb, 0xeb, 0xcc, 0xea, 0x05, 0xe9, 
    0x83, 0xe8, 0x34, 0xeb, 0xc3, 0xee, 0x62, 0xf3, 0xeb, 0xf8, 0xa1, 0xfd, 0x34, 0x00, 0xc3, 0xff, 
    0x28, 0xfe, 0xbe, 0xfb, 0x35, 0xf9, 0x0a, 0xf8, 0xef, 0xf7, 0xbf, 0xf9, 0x45, 0xfd, 0xd9, 0x00, 
    0x60, 0x03, 0x1d, 0x05, 0xa0, 0x06, 0xfa, 0x06, 0x60, 0x06, 0xd0, 0x06, 0x3a, 0x09, 0xe0, 0x0b, 
    0x97, 0x0d, 0x23, 0x0f, 0xd0, 0x10, 0xa0, 0x11, 0x26, 0x10, 0x35, 0x0e, 0x9d, 0x0d, 0x61, 0x0d, 
    0x1a, 0x0d, 0x8e, 0x0d, 0xdb, 0x0f, 0x12, 0x12, 0xc5, 0x12, 0xf3, 0x12, 0xfe, 0x11, 0xb6, 0x0f, 
    0x77, 0x0c, 0xa6, 0x09, 0xb4, 0x07, 0x01, 0x06, 0xbb, 0x05, 0xcf, 0x05, 0x52, 0x05, 0x85, 0x04, 
    0x31, 0x03, 0xb0, 0x01, 0x7a, 0xff, 0xe3, 0xfd, 0x56, 0xfd, 0x5d, 0xfc, 0xc3, 0xfb, 0x79, 0xfb, 
    0xdf, 0xfa, 0x0d, 0xf9, 0xd7, 0xf5, 0x45, 0xf3, 0x24, 0xf1, 0x6d, 0xef, 0xeb, 0xee, 0x14, 0xef, 
    0x18, 0xf0, 0x95, 0xf0, 0x0b, 0xf0, 0x18, 0xef, 0xce, 0xec, 0x21, 0xea, 0x36, 0xe8, 0xd5, 0xe8, 
    0x12, 0xec, 0xba, 0xef, 0xc6, 0xf4, 0xff, 0xf9, 0xf7, 0xfc, 0x9e, 0xfd, 0x17, 0xfd, 0x56, 0xfc, 
    0xff, 0xf9, 0xab, 0xf8, 0x3a, 0xfa, 0x08, 0xfc, 0xc7, 0xfd, 0x4f, 0x00, 0x41, 0x03, 0x65, 0x03, 
    0xc5, 0x01, 0x4c, 0x02, 0x6e, 0x03, 0x81, 0x04, 0xf1, 0x06, 0xb1, 0x0b, 0xf6, 0x0f, 0x36, 0x11, 
    0xc1, 0x11, 0x1a, 0x11, 0xf4, 0x0e, 0x51, 0x0c, 0x15, 0x0a, 0xa9, 0x09, 0x7b, 0x0a, 0xf1, 0x0c, 
    0x91, 0x0f, 0x5b, 0x11, 0x4a, 0x13, 0x69, 0x13, 0x48, 0x11, 0x02, 0x0e, 0x2f, 0x0b, 0x4e, 0x09, 
    0x5d, 0x07, 0xde, 0x06, 0xa3, 0x07, 0xdf, 0x07, 0x3f, 0x07, 0xd8, 0x05, 0x4c, 0x04, 0x1b, 0x02, 
    0x72, 0xff, 0x91, 0xfd, 0x38, 0xfc, 0xba, 0xfb, 0xf1, 0xfb, 0x24, 0xfc, 0x7d, 0xfc, 0xb3, 0xfb, 
    0xa8, 0xf9, 0x66, 0xf7, 0x19, 0xf5, 0x32, 0xf3, 0x86, 0xf1, 0xe9, 0xf0, 0xff, 0xf0, 0x9c, 0xf0, 
    0x83, 0xf0, 0xdf, 0xef, 0xd0, 0xee, 0x2c, 0xee, 0xa5, 0xed, 0xee, 0xed, 0x91, 0xef, 0x62, 0xf2, 
    0x92, 0xf4, 0xdb, 0xf5, 0xd6, 0xf7, 0xba, 0xf9, 0xee, 0xf9, 0x2b, 0xf9, 0xe8, 0xf9, 0x6f, 0xfb, 
    0xfa, 0xfb, 0x82, 0xfc, 0x5d, 0xfe, 0x9c, 0x00, 0xd7, 0x00, 0xb0, 0x00, 0xd4, 0x01, 0xe1, 0x02, 
    0xb9, 0x03, 0x2e, 0x05, 0xb7, 0x07, 0xd8, 0x09, 0x15, 0x0b, 0x0a, 0x0c, 0x51, 0x0c, 0x5c, 0x0c, 
    0x1e, 0x0c, 0xc1, 0x0b, 0x76, 0x0b, 0x2c, 0x0c, 0xa2, 0x0d, 0xac, 0x0d, 0x77, 0x0d, 0xcf, 0x0d, 
    0x3f, 0x0e, 0x9a, 0x0d, 0x09, 0x0c, 0x58, 0x0c, 0xf3, 0x0c, 0x58, 0x0c, 0x15, 0x0b, 0xff, 0x09, 
    0x92, 0x09, 0x49, 0x07, 0x97, 0x04, 0xce, 0x03, 0xb1, 0x03, 0x22, 0x03, 0x6e, 0x01, 0x7d, 0x00, 
    0x19, 0x00, 0xfc, 0xfd, 0x5e, 0xfb, 0x9f, 0xf9, 0x9b, 0xf8, 0x49, 0xf7, 0x08, 0xf6, 0x95, 0xf6, 
    0xfa, 0xf7, 0xad, 0xf8, 0x97, 0xf8, 0x90, 0xf7, 0xbf, 0xf5, 0x31, 0xf3, 0x70, 0xf0, 0x8a, 0xee, 
    0x4f, 0xed, 0xb4, 0xec, 0xcf, 0xec, 0xee, 0xed, 0x70, 0xf0, 0x49, 0xf3, 0x13, 0xf6, 0xc3, 0xf8, 
    0xad, 0xfa, 0x44, 0xfb, 0xcc, 0xfa, 0x33, 0xfa, 0x75, 0xf9, 0x27, 0xf9, 0xcb, 0xf9, 0xee, 0xfa, 
    0x52, 0xfc, 0x01, 0xfe, 0xdb, 0xff, 0xe2, 0x00, 0x09, 0x02, 0xbb, 0x03, 0x7e, 0x04, 0x67, 0x05, 
    0x21, 0x07, 0xc4, 0x08, 0x80, 0x09, 0xd6, 0x09, 0x8e, 0x0a, 0x4e, 0x0a, 0x71, 0x09, 0x6d, 0x09, 
    0xf0, 0x09, 0x72, 0x0a, 0x62, 0x0b, 0xf1, 0x0c, 0x04, 0x0e, 0x8b, 0x0e, 0xea, 0x0e, 0xb3, 0x0e, 
    0x92, 0x0d, 0x88, 0x0c, 0x1e, 0x0c, 0xd6, 0x0a, 0xa0, 0x09, 0x20, 0x09, 0xfa, 0x07, 0x76, 0x06, 
    0x1f, 0x05, 0x53, 0x04, 0x2a, 0x03, 0xd9, 0x01, 0x6e, 0x01, 0xa0, 0x00, 0xa1, 0xff, 0xd1, 0xfe, 
    0xb0, 0xfd, 0x8d, 0xfc, 0x80, 0xfb, 0xac, 0xfa, 0xd8, 0xf9, 0x0f, 0xf9, 0x74, 0xf8, 0x9b, 0xf7, 
    0x86, 0xf6, 0x48, 0xf5, 0xa8, 0xf3, 0x8a, 0xf2, 0x8a, 0xf2, 0x62, 0xf2, 0xed, 0xf1, 0xe8, 0xf1, 
    0x53, 0xf2, 0x50, 0xf2, 0xe0, 0xf1, 0x00, 0xf3, 0xda, 0xf4, 0x20, 0xf6, 0x5f, 0xf7, 0x97, 0xf8, 
    0xe1, 0xf9, 0x22, 0xfa, 0xee, 0xf9, 0x42, 0xfa, 0x79, 0xfa, 0x59, 0xfb, 0x8d, 0xfc, 0xf0, 0xfd, 
    0xda, 0xff, 0xde, 0x01, 0x8a, 0x03, 0xe4, 0x03, 0x1c, 0x04, 0xec, 0x04, 0x09, 0x05, 0xa3, 0x04, 
    0x21, 0x05, 0x90, 0x06, 0x22, 0x07, 0x61, 0x07, 0xe9, 0x08, 0xa5, 0x0a, 0x13, 0x0b, 0xeb, 0x0a, 
    0xfa, 0x0b, 0x14, 0x0d, 0x0b, 0x0d, 0xf9, 0x0c, 0xeb, 0x0c, 0x8e, 0x0c, 0x5f, 0x0b, 0xa6, 0x09, 
    0x8d, 0x08, 0xd1, 0x07, 0x49, 0x07, 0xc2, 0x06, 0x30, 0x06, 0x58, 0x06, 0x4d, 0x06, 0x3f, 0x05, 
    0x1f, 0x04, 0x50, 0x03, 0x6b, 0x02, 0xd9, 0x00, 0x4c, 0xff, 0xbd, 0xfe, 0x32, 0xfe, 0x2a, 0xfd, 
    0x2e, 0xfc, 0x7e, 0xfb, 0xb4, 0xfa, 0x9c, 0xf9, 0xcb, 0xf8, 0x1f, 0xf8, 0x8f, 0xf7, 0x1a, 0xf7, 
    0x8c, 0xf6, 0x29, 0xf6, 0xb2, 0xf5, 0x1b, 0xf5, 0x3b, 0xf4, 0x47, 0xf3, 0xc0, 0xf2, 0x8d, 0xf2, 
    0x2d, 0xf3, 0xa0, 0xf4, 0x5e, 0xf6, 0x02, 0xf8, 0x44, 0xf9, 0x1f, 0xfa, 0x84, 0xfa, 0x97, 0xfa, 
    0x52, 0xfa, 0x90, 0xfa, 0x95, 0xfb, 0x4e, 0xfc, 0xd8, 0xfc, 0xe4, 0xfd, 0x5e, 0xff, 0xd8, 0xff, 
    0xb9, 0xff, 0xa1, 0x00, 0xe5, 0x01, 0xf5, 0x02, 0x14, 0x04, 0xfb, 0x05, 0xdc, 0x07, 0x74, 0x08, 
    0xc3, 0x08, 0xc9, 0x08, 0x54, 0x08, 0xa6, 0x07, 0x51, 0x07, 0xdb, 0x07, 0xb1, 0x08, 0x1c, 0x0a, 
    0x72, 0x0b, 0x36, 0x0c, 0xd3, 0x0c, 0x92, 0x0c, 0x55, 0x0b, 0x69, 0x09, 0xba, 0x07, 0x6b, 0x06, 
    0xfd, 0x04, 0x5a, 0x04, 0x96, 0x04, 0xe9, 0x04, 0x94, 0x04, 0xc8, 0x03, 0x39, 0x03, 0x93, 0x02, 
    0x82, 0x01, 0x69, 0x00, 0x0e, 0x00, 0xfd, 0xff, 0x66, 0xff, 0xa3, 0xfe, 0xee, 0xfd, 0x1f, 0xfd, 
    0xaa, 0xfb, 0xee, 0xf9, 0xca, 0xf8, 0x15, 0xf8, 0xbf, 0xf7, 0x86, 0xf7, 0x6b, 0xf7, 0x8d, 0xf7, 
    0x41, 0xf7, 0xaf, 0xf6, 0x55, 0xf6, 0x16, 0xf6, 0xf4, 0xf5, 0x03, 0xf6, 0x94, 0xf6, 0x40, 0xf7, 
    0x95, 0xf7, 0x66, 0xf8, 0x50, 0xf9, 0x88, 0xf9, 0xca, 0xf9, 0xa3, 0xfa, 0x81, 0xfb, 0xd9, 0xfb, 
    0x90, 0xfc, 0x9a, 0xfd, 0xed, 0xfd, 0x0f, 0xfe, 0xbf, 0xfe, 0xae, 0xff, 0x1e, 0x00, 0x28, 0x01, 
    0x19, 0x03, 0x26, 0x04, 0xcc, 0x04, 0x9e, 0x05, 0x43, 0x06, 0x5c, 0x06, 0xc1, 0x05, 0xbd, 0x05, 
    0xe0, 0x05, 0xf9, 0x05, 0xfa, 0x06, 0x0e, 0x08, 0x1a, 0x09, 0x16, 0x0a, 0x32, 0x0a, 0x84, 0x09, 
    0x86, 0x08, 0xc9, 0x07, 0x0d, 0x07, 0x2d, 0x06, 0x3e, 0x06, 0xd3, 0x06, 0xc9, 0x06, 0x5e, 0x06, 
    0xd5, 0x05, 0x44, 0x05, 0x19, 0x04, 0x99, 0x02, 0xd0, 0x01, 0x33, 0x01, 0xea, 0x00, 0xdd, 0x00, 
    0xc3, 0x00, 0xe9, 0x00, 0x34, 0x00, 0x04, 0xff, 0xb1, 0xfd, 0x39, 0xfc, 0x6a, 0xfb, 0x91, 0xfa, 
    0x4a, 0xfa, 0xa0, 0xfa, 0xa4, 0xfa, 0xc6, 0xfa, 0x89, 0xfa, 0x74, 0xfa, 0x9d, 0xfa, 0xda, 0xf9, 
    0xcb, 0xf8, 0x02, 0xf8, 0x9d, 0xf7, 0x2f, 0xf7, 0xe0, 0xf6, 0xf1, 0xf7, 0x9e, 0xf9, 0xb8, 0xfa, 
    0x89, 0xfb, 0x6a, 0xfc, 0x28, 0xfd, 0x25, 0xfd, 0xb0, 0xfc, 0xae, 0xfc, 0x09, 0xfd, 0x38, 0xfd, 
    0x77, 0xfd, 0x24, 0xfe, 0xe2, 0xfe, 0x87, 0xff, 0x41, 0x00, 0x1f, 0x01, 0x12, 0x02, 0xf9, 0x02, 
    0x0c, 0x04, 0xee, 0x04, 0x5a, 0x05, 0xb6, 0x05, 0x94, 0x05, 0xf4, 0x04, 0x5a, 0x04, 0xf5, 0x03, 
    0xdb, 0x03, 0xdc, 0x03, 0x69, 0x04, 0x36, 0x05, 0x9e, 0x05, 0xfc, 0x05, 0x3e, 0x06, 0x60, 0x06, 
    0x2c, 0x06, 0x79, 0x05, 0xda, 0x04, 0x20, 0x04, 0x2e, 0x03, 0x46, 0x02, 0xa9, 0x01, 0x6b, 0x01, 
    0x1e, 0x01, 0xd2, 0x00, 0x9f, 0x00, 0x88, 0x00, 0x68, 0x00, 0xcb, 0xff, 0x32, 0xff, 0xe0, 0xfe, 
    0x78, 0xfe, 0x13, 0xfe, 0xfb, 0xfd, 0x6f, 0xfe, 0xd7, 0xfe, 0xab, 0xfe, 0x38, 0xfe, 0x74, 0xfd, 
    0x5f, 0xfc, 0x35, 0xfb, 0x51, 0xfa, 0xfa, 0xf9, 0xcd, 0xf9, 0xe9, 0xf9, 0x9c, 0xfa, 0x4e, 0xfb, 
    0xbf, 0xfb, 0x2c, 0xfc, 0x9a, 0xfc, 0xc3, 0xfc, 0x01, 0x00, 0x80, 0x07, 0xa9, 0xfc, 0xc3, 0xfc, 
    0x22, 0xfd, 0x99, 0xfd, 0xe0, 0xfd, 0xf4, 0xfd, 0x0e, 0xfe, 0xe3, 0xfd, 0xbb, 0xfd, 0xf8, 0xfd, 
    0x8c, 0xfe, 0xb7, 0xff, 0xf8, 0x00, 0xdc, 0x01, 0x9e, 0x02, 0xe5, 0x02, 0x80, 0x02, 0xc6, 0x01, 
    0x1c, 0x01, 0xe8, 0x00, 0xe7, 0x00, 0x3e, 0x01, 0x5f, 0x02, 0x88, 0x03, 0x51, 0x04, 0xbc, 0x04, 
    0xcd, 0x04, 0x99, 0x04, 0xbf, 0x03, 0xf5, 0x02, 0xd1, 0x02, 0xc4, 0x02, 0xdd, 0x02, 0x3c, 0x03, 
    0xb5, 0x03, 0xd1, 0x03, 0x5d, 0x03, 0xa6, 0x02, 0xc8, 0x01, 0xff, 0x00, 0x82, 0x00, 0x7c, 0x00, 
    0xd1, 0x00, 0x38, 0x01, 0x92, 0x01, 0x82, 0x01, 0xee, 0x00, 0x10, 0x00, 0x3d, 0xff, 0x8c, 0xfe, 
    0xe3, 0xfd, 0xb6, 0xfd, 0xee, 0xfd, 0x1c, 0xfe, 0x7b, 0xfe, 0xd1, 0xfe, 0xd1, 0xfe, 0xa6, 0xfe, 
    0x49, 0xfe, 0xc6, 0xfd, 0x2f, 0xfd, 0xd3, 0xfc, 0xd2, 0xfc, 0xaf, 0xfc, 0xaa, 0xfc, 0xfa, 0xfc, 
    0x3e, 0xfd, 0x64, 0xfd, 0x67, 0xfd, 0x8a, 0xfd, 0xa9, 0xfd, 0x83, 0xfd, 0x7a, 0xfd, 0xa1, 0xfd, 
    0xfd, 0xfd, 0x91, 0xfe, 0x39, 0xff, 0xd6, 0xff, 0x47, 0x00, 0x7e, 0x00, 0x86, 0x00, 0x5b, 0x00, 
    0x1d, 0x00, 0x17, 0x00, 0x32, 0x00, 0x82, 0x00, 0xfd, 0x00, 0x59, 0x01, 0xbd, 0x01, 0xda, 0x01, 
    0xa1, 0x01, 0x50, 0x01, 0xec, 0x00, 0xc9, 0x00, 0xd6, 0x00, 0x3b, 0x01, 0xfc, 0x01, 0x94, 0x02, 
    0x09, 0x03, 0x54, 0x03, 0x5a, 0x03, 0xfc, 0x02, 0x34, 0x02, 0x8c, 0x01, 0x1e, 0x01, 0xbc, 0x00, 
    0x9a, 0x00, 0xd3, 0x00, 0x39, 0x01, 0x80, 0x01, 0x6c, 0x01, 0x1c, 0x01, 0xb0, 0x00, 0x32, 0x00, 
    0xd1, 0xff, 0x87, 0xff, 0x6b, 0xff, 0x7a, 0xff, 0x70, 0xff, 0x77, 0xff, 0x96, 0xff, 0x9f, 0xff, 
    0x88, 0xff, 0x3e, 0xff, 0xf9, 0xfe, 0xbc, 0xfe, 0x7d, 0xfe, 0x79, 0xfe, 0xa6, 0xfe, 0xe8, 0xfe, 
    0x23, 0xff, 0x3a, 0xff, 0x35, 0xff, 0x16, 0xff, 0xd8, 0xfe, 0x7c, 0xfe, 0x36, 0xfe, 0x28, 0xfe, 
    0x2c, 0xfe, 0x36, 0xfe, 0x61, 0xfe, 0xae, 0xfe, 0xe1, 0xfe, 0xe9, 0xfe, 0xf9, 0xfe, 0x26, 0xff, 
    0x5b, 0xff, 0xa5, 0xff, 0x28, 0x00, 0xbc, 0x00, 0x30, 0x01, 0x67, 0x01, 0x4f, 0x01, 0x18, 0x01, 
    0xb7, 0x00, 0x41, 0x00, 0xfd, 0xff, 0xe7, 0xff, 0x00, 0x00, 0x2e, 0x00, 0x75, 0x00, 0xec, 0x00, 
    0x48, 0x01, 0x8c, 0x01, 0xbc, 0x01, 0xab, 0x01, 0x7f, 0x01, 0x39, 0x01, 0xed, 0x00, 0xc5, 0x00, 
    0xaa, 0x00, 0xb6, 0x00, 0xcf, 0x00, 0xd7, 0x00, 0xd5, 0x00, 0xab, 0x00, 0x8e, 0x00, 0x81, 0x00, 
    0x6b, 0x00, 0x62, 0x00, 0x6e, 0x00, 0x8e, 0x00, 0x84, 0x00, 0x5a, 0x00, 0x25, 0x00, 0xc8, 0xff, 
    0x51, 0xff, 0xeb, 0xfe, 0xc3, 0xfe, 0xb8, 0xfe, 0xdf, 0xfe, 0x4c, 0xff, 0xa8, 0xff, 0xe9, 0xff, 
    0x02, 0x00, 0xe3, 0xff, 0x85, 0xff, 0x0c, 0xff, 0xc9, 0xfe, 0xaa, 0xfe, 0xba, 0xfe, 0x1a, 0xff, 
    0x84, 0xff, 0xce, 0xff, 0xf9, 0xff, 0x0a, 0x00, 0xe5, 0xff, 0x7b, 0xff, 0x31, 0xff, 0x1f, 0xff, 
    0x21, 0xff, 0x5c, 0xff, 0xbc, 0xff, 0x21, 0x00, 0x52, 0x00, 0x38, 0x00, 0x15, 0x00, 0xee, 0xff, 
    0xd6, 0xff, 0xee, 0xff, 0x2d, 0x00, 0x94, 0x00, 0xf3, 0x00, 0x31, 0x01, 0x49, 0x01, 0x22, 0x01, 
    0xc6, 0x00, 0x60, 0x00, 0x15, 0x00, 0xeb, 0xff, 0xf8, 0xff, 0x49, 0x00, 0xc4, 0x00, 0x3c, 0x01, 
    0x8e, 0x01, 0xac, 0x01, 0x8c, 0x01, 0x45, 0x01, 0xd5, 0x00, 0x57, 0x00, 0xfd, 0xff, 0xc1, 0xff, 
    0x9a, 0xff, 0x9a, 0xff, 0xc9, 0xff, 0x0a, 0x00, 0x35, 0x00, 0x41, 0x00, 0x36, 0x00, 0x1b, 0x00, 
    0xe7, 0xff, 0xb4, 0xff, 0xa8, 0xff, 0xbc, 0xff, 0xd3, 0xff, 0xe9, 0xff, 0xf1, 0xff, 0xd3, 0xff, 
    0x9a, 0xff, 0x57, 0xff, 0x23, 0xff, 0x11, 0xff, 0x29, 0xff, 0x6a, 0xff, 0xa7, 0xff, 0xd0, 0xff, 
    0xf6, 0xff, 0x02, 0x00, 0xdc, 0xff, 0xac, 0xff, 0x83, 0xff, 0x62, 0xff, 0x50, 0xff, 0x58, 0xff, 
    0x83, 0xff, 0xa4, 0xff, 0xbc, 0xff, 0xd4, 0xff, 0xda, 0xff, 0xe1, 0xff, 0xf7, 0xff, 0x2c, 0x00, 
    0x63, 0x00, 0x85, 0x00, 0xab, 0x00, 0xbb, 0x00, 0xa3, 0x00, 0x76, 0x00, 0x4e, 0x00, 0x31, 0x00, 
    0x1b, 0x00, 0x1a, 0x00, 0x27, 0x00, 0x2b, 0x00, 0x2d, 0x00, 0x49, 0x00, 0x68, 0x00, 0x75, 0x00, 
    0x8c, 0x00, 0xaf, 0x00, 0xba, 0x00, 0xa9, 0x00, 0x96, 0x00, 0x83, 0x00, 0x65, 0x00, 0x4c, 0x00, 
    0x3f, 0x00, 0x2f, 0x00, 0x27, 0x00, 0x31, 0x00, 0x34, 0x00, 0x2d, 0x00, 0x35, 0x00, 0x43, 0x00, 
    0x33, 0x00, 0x14, 0x00, 0x15, 0x00, 0x08, 0x00, 0xe4, 0xff, 0xd3, 0xff, 0xc3, 0xff, 0x9d, 0xff, 
    0x6d, 0xff, 0x55, 0xff, 0x47, 0xff, 0x40, 0xff, 0x55, 0xff, 0x77, 0xff, 0x9d, 0xff, 0xbe, 0xff, 
    0xe0, 0xff, 0xeb, 0xff, 0xdf, 0xff, 0xd7, 0xff, 0xc7, 0xff, 0xbf, 0xff, 0xbc, 0xff, 0xbd, 0xff, 
    0xbf, 0xff, 0xb4, 0xff, 0xb4, 0xff, 0xb2, 0xff, 0xa4, 0xff, 0xa7, 0xff, 0xb1, 0xff, 0xbe, 0xff, 
    0xd5, 0xff, 0xed, 0xff, 0x11, 0x00, 0x3b, 0x00, 0x4d, 0x00, 0x51, 0x00, 0x51, 0x00, 0x4f, 0x00, 
    0x3e, 0x00, 0x25, 0x00, 0x27, 0x00, 0x35, 0x00, 0x3b, 0x00, 0x42, 0x00, 0x43, 0x00, 0x3a, 0x00, 
    0x2d, 0x00, 0x2a, 0x00, 0x20, 0x00, 0x18, 0x00, 0x21, 0x00, 0x2b, 0x00, 0x2e, 0x00, 0x31, 0x00, 
    0x53, 0x00, 0x6d, 0x00, 0x5b, 0x00, 0x51, 0x00, 0x43, 0x00, 0x15, 0x00, 0xf8, 0xff, 0xf9, 0xff, 
    0xfe, 0xff, 0x00, 0x00, 0x0c, 0x00, 0x25, 0x00, 0x1e, 0x00, 0x09, 0x00, 0xfb, 0xff, 0xd3, 0xff, 
    0xab, 0xff, 0x8c, 0xff, 0x78, 0xff, 0x7a, 0xff, 0x8c, 0xff, 0xb3, 0xff, 0xc7, 0xff, 0xc7, 0xff, 
    0xd2, 0xff, 0xc8, 0xff, 0xa7, 0xff, 0x9b, 0xff, 0xae, 0xff, 0xbc, 0xff, 0xc6, 0xff, 0xe5, 0xff, 
    0xfe, 0xff, 0xfe, 0xff, 0xf6, 0xff, 0xee, 0xff, 0xdb, 0xff, 0xc0, 0xff, 0xb0, 0xff, 0xa3, 0xff, 
    0x9a, 0xff, 0xa3, 0xff, 0xc3, 0xff, 0xe0, 0xff, 0xf4, 0xff, 0x0c, 0x00, 0x24, 0x00, 0x2d, 0x00, 
    0x28, 0x00, 0x2b, 0x00, 0x2c, 0x00, 0x20, 0x00, 0x14, 0x00, 0x07, 0x00, 0xff, 0xff, 0x00, 0x00, 
    0xfc, 0xff, 0xff, 0xff, 0x0d, 0x00, 0x19, 0x00, 0x27, 0x00, 0x34, 0x00, 0x3b, 0x00, 0x40, 0x00, 
    0x43, 0x00, 0x40, 0x00, 0x38, 0x00, 0x30, 0x00, 0x2c, 0x00, 0x27, 0x00, 0x1c, 0x00, 0x12, 0x00, 
    0x09, 0x00, 0x04, 0x00, 0x05, 0x00, 0x02, 0x00, 0x03, 0x00, 0x0d, 0x00, 0x16, 0x00, 0x1b, 0x00, 
    0x12, 0x00, 0xfe, 0xff, 0xf6, 0xff, 0xe6, 0xff, 0xd0, 0xff, 0xd1, 0xff, 0xd6, 0xff, 0xd8, 0xff, 
    0xd7, 0xff, 0xd2, 0xff, 0xcd, 0xff, 0xc3, 0xff, 0xc0, 0xff, 0xc1, 0xff, 0xb9, 0xff, 0xb8, 0xff, 
    0xc6, 0xff, 0xd5, 0xff, 0xd6, 0xff, 0xe0, 0xff, 0xec, 0xff, 0xe0, 0xff, 0xd3, 0xff, 0xc4, 0xff, 
    0xb7, 0xff, 0xa2, 0xff, 0x92, 0xff, 0x97, 0xff, 0x94, 0xff, 0xa4, 0xff, 0xbf, 0xff, 0xd5, 0xff, 
    0xf3, 0xff, 0x0e, 0x00, 0x26, 0x00, 0x31, 0x00, 0x33, 0x00, 0x34, 0x00, 0x2d, 0x00, 0x22, 0x00, 
    0x0f, 0x00, 0x01, 0x00, 0xf8, 0xff, 0xe5, 0xff, 0xda, 0xff, 0xdd, 0xff, 0xeb, 0xff, 0xf9, 0xff, 
    0x06, 0x00, 0x1f, 0x00, 0x34, 0x00, 0x3d, 0x00, 0x45, 0x00, 0x49, 0x00, 0x3e, 0x00, 0x2e, 0x00, 
    0x22, 0x00, 0x1f, 0x00, 0x14, 0x00, 0x04, 0x00, 0x04, 0x00, 0x08, 0x00, 0x0f, 0x00, 0x14, 0x00, 
    0x1d, 0x00, 0x2b, 0x00, 0x32, 0x00, 0x2d, 0x00, 0x1c, 0x00, 0x13, 0x00, 0x04, 0x00, 0xf1, 0xff, 
    0xeb, 0xff, 0xec, 0xff, 0xf3, 0xff, 0xf7, 0xff, 0xf5, 0xff, 0xf7, 0xff, 0xf9, 0xff, 0xf9, 0xff, 
    0xfc, 0xff, 0xfc, 0xff, 0xfc, 0xff, 0x05, 0x00, 0x06, 0x00, 0x01, 0x00, 0xfd, 0xff, 0xf9, 0xff, 
    0xf2, 0xff, 0xec, 0xff, 0xec, 0xff, 0xee, 0xff, 0xea, 0xff, 0xeb, 0xff, 0xed, 0xff, 0xed, 0xff, 
    0xf6, 0xff, 0x00, 0x00, 0x07, 0x00, 0x0f, 0x00, 0x11, 0x00, 0x10, 0x00, 0x09, 0x00, 0xfc, 0xff, 
    0xf7, 0xff, 0xf1, 0xff, 0xf1, 0xff, 0xf9, 0xff, 0x04, 0x00, 0x12, 0x00, 0x12, 0x00, 0x12, 0x00, 
    0x12, 0x00, 0x0d, 0x00, 0x06, 0x00, 0x00, 0x00, 0x07, 0x00, 0x0c, 0x00, 0x0e, 0x00, 0x13, 0x00, 
    0x16, 0x00, 0x15, 0x00, 0x11, 0x00, 0x0e, 0x00, 0x0b, 0x00, 0x0a, 0x00, 0x09, 0x00, 0x0d, 0x00, 
    0x11, 0x00, 0x15, 0x00, 0x19, 0x00, 0x1e, 0x00, 0x25, 0x00, 0x28, 0x00, 0x2a, 0x00, 0x2a, 0x00, 
    0x26, 0x00, 0x27, 0x00, 0x28, 0x00, 0x22, 0x00, 0x22, 0x00, 0x21, 0x00, 0x1f, 0x00, 0x1c, 0x00, 
    0x18, 0x00, 0x11, 0x00, 0x06, 0x00, 0x05, 0x00, 0x03, 0x00, 0xff, 0xff, 0xfe, 0xff, 0x04, 0x00, 
    0x0a, 0x00, 0x12, 0x00, 0x1b, 0x00, 0x1c, 0x00, 0x1c, 0x00, 0x17, 0x00, 0x13, 0x00, 0x0e, 0x00, 
    0x0a, 0x00, 0x10, 0x00, 0x13, 0x00, 0x11, 0x00, 0x0f, 0x00, 0x0b, 0x00, 0x05, 0x00, 0xfd, 0xff, 
    0xf8, 0xff, 0xf4, 0xff, 0xf1, 0xff, 0xf2, 0xff, 0xf3, 0xff, 0xf9, 0xff, 0xfc, 0xff, 0xff, 0xff, 
    0x00, 0x00, 0x01, 0x00, 0x00, 0x00, 0xfc, 0xff, 0xfc, 0xff, 0xf7, 0xff, 0xf9, 0xff, 0xfb, 0xff, 
    0xfc, 0xff, 0x03, 0x00, 0x00, 0x00, 0x01, 0x00, 0xfa, 0xff, 0xf6, 0xff, 0xf7, 0xff, 0xf0, 0xff, 
    0xf3, 0xff, 0xf4, 0xff, 0xf5, 0xff, 0xfd, 0xff, 0x02, 0x00, 0x08, 0x00, 0x0a, 0x00, 0x07, 0x00, 
    0x06, 0x00, 0x02, 0x00, 0xff, 0xff, 0xfe, 0xff, 0x02, 0x00, 0x06, 0x00, 0x09, 0x00, 0x0e, 0x00, 
    0x0e, 0x00, 0x13, 0x00, 0x14, 0x00, 0x10, 0x00, 0x0e, 0x00, 0x0b, 0x00, 0x0c, 0x00, 0x0d, 0x00, 
    0x0a, 0x00, 0x0b, 0x00, 0x0e, 0x00, 0x0a, 0x00, 0x09, 0x00, 0x07, 0x00, 0x07, 0x00, 0x05, 0x00, 
    0x02, 0x00, 0x06, 0x00, 0x08, 0x00, 0x0b, 0x00, 0x0d, 0x00, 0x0d, 0x00, 0x0c, 0x00, 0x05, 0x00, 
    0xfd, 0xff, 0xf6, 0xff, 0xed, 0xff, 0xe6, 0xff, 0xe4, 0xff, 0xe5, 0xff, 0xea, 0xff, 0xf0, 0xff, 
    0xf5, 0xff, 0xf2, 0xff, 0xf0, 0xff, 0xf4, 0xff, 0xf3, 0xff, 0xed, 0xff, 0xeb, 0xff, 0xeb, 0xff, 
    0xeb, 0xff, 0xf0, 0xff, 0xf4, 0xff, 0xf6, 0xff, 0xf5, 0xff, 0xf5, 0xff, 0xf3, 0xff, 0xef, 0xff, 
    0xf0, 0xff, 0xea, 0xff, 0xe9, 0xff, 0xf0, 0xff, 0xf8, 0xff, 0xfe, 0xff, 0x04, 0x00, 0x09, 0x00, 
    0x09, 0x00, 0x08, 0x00, 0x07, 0x00, 0x0a, 0x00, 0x0f, 0x00, 0x11, 0x00, 0x16, 0x00, 0x1b, 0x00, 
    0x1c, 0x00, 0x1c, 0x00, 0x1a, 0x00, 0x1b, 0x00, 0x1b, 0x00, 0x18, 0x00, 0x16, 0x00, 0x14, 0x00, 
    0x12, 0x00, 0x16, 0x00, 0x18, 0x00, 0x14, 0x00, 0x16, 0x00, 0x19, 0x00, 0x1a, 0x00, 0x17, 0x00, 
    0x15, 0x00, 0x14, 0x00, 0x0e, 0x00, 0x0c, 0x00, 0x0b, 0x00, 0x09, 0x00, 0x0d, 0x00, 0x0d, 0x00, 
    0x05, 0x00, 0x05, 0x00, 0x04, 0x00, 0xfc, 0xff, 0xf9, 0xff, 0xf5, 0xff, 0xf3, 0xff, 0xf3, 0xff, 
    0xef, 0xff, 0xf3, 0xff, 0xf4, 0xff, 0xf2, 0xff, 0xf0, 0xff, 0xee, 0xff, 0xed, 0xff, 0xe9, 0xff, 
    0xe8, 0xff, 0xe6, 0xff, 0xe7, 0xff, 0xec, 0xff, 0xeb, 0xff, 0xeb, 0xff, 0xf1, 0xff, 0xee, 0xff, 
    0xeb, 0xff, 0xed, 0xff, 0xee, 0xff, 0xf2, 0xff, 0xf4, 0xff, 0xf7, 0xff, 0xfe, 0xff, 0xfc, 0xff, 
    0xfa, 0xff, 0xfb, 0xff, 0xf6, 0xff, 0xf8, 0xff, 0xf9, 0xff, 0xfc, 0xff, 0xfe, 0xff, 0x00, 0x00, 
    0x05, 0x00, 0x03, 0x00, 0x06, 0x00, 0x06, 0x00, 0x06, 0x00, 0x07, 0x00, 0x06, 0x00, 0x07, 0x00, 
    0x07, 0x00, 0x0a, 0x00, 0x0e, 0x00, 0x0e, 0x00, 0x0b, 0x00, 0x04, 0x00, 0x05, 0x00, 0x04, 0x00, 
    0x00, 0x00, 0xff, 0xff, 0xff, 0xff, 0x01, 0x00, 0xf9, 0xff, 0xfa, 0xff, 0x00, 0x00, 0xfc, 0xff, 
    0xfd, 0xff, 0xfb, 0xff, 0xf9, 0xff, 0xfa, 0xff, 0xf6, 0xff, 0xf5, 0xff, 0xf1, 0xff, 0xf0, 0xff, 
    0xef, 0xff, 0xee, 0xff, 0xec, 0xff, 0xed, 0xff, 0xef, 0xff, 0xea, 0xff, 0xec, 0xff, 0xec, 0xff, 
    0xee, 0xff, 0xef, 0xff, 0xee, 0xff, 0xf3, 0xff, 0xf4, 0xff, 0xf5, 0xff, 0xf1, 0xff, 0xed, 0xff, 
    0xec, 0xff, 0xed, 0xff, 0xee, 0xff, 0xed, 0xff, 0xf2, 0xff, 0xf5, 0xff, 0xf5, 0xff, 0xfa, 0xff, 
    0xf7, 0xff, 0xf9, 0xff, 0xff, 0xff, 0xfd, 0xff, 0xfe, 0xff, 0x01, 0x00, 0xff, 0xff, 0x04, 0x00, 
    0x05, 0x00, 0x02, 0x00, 0x05, 0x00, 0x06, 0x00, 0x04, 0x00, 0x04, 0x00, 0x07, 0x00, 0x08, 0x00, 
    0x0a, 0x00, 0x06, 0x00, 0x04, 0x00, 0x06, 0x00, 0x09, 0x00, 0x0e, 0x00, 0x0d, 0x00, 0x08, 0x00, 
    0x0b, 0x00, 0x10, 0x00, 0x0a, 0x00, 0x08, 0x00, 0x09, 0x00, 0x09, 0x00, 0x07, 0x00, 0x09, 0x00, 
    0x0c, 0x00, 0x0b, 0x00, 0x0c, 0x00, 0x0d, 0x00, 0x0b, 0x00, 0x0a, 0x00, 0x0c, 0x00, 0x0b, 0x00, 
    0x0c, 0x00, 0x0e, 0x00, 0x0d, 0x00, 0x0d, 0x00, 0x0e, 0x00, 0x0e, 0x00, 0x0d, 0x00, 0x0a, 0x00, 
    0x08, 0x00, 0x0b, 0x00, 0x0b, 0x00, 0x07, 0x00, 0x08, 0x00, 0x0b, 0x00, 0x0b, 0x00, 0x0e, 0x00, 
    0x0f, 0x00, 0x0e, 0x00, 0x10, 0x00, 0x0d, 0x00, 0x0e, 0x00, 0x0f, 0x00, 0x11, 0x00, 0x14, 0x00, 
    0x11, 0x00, 0x14, 0x00, 0x10, 0x00, 0x0c, 0x00, 0x0c, 0x00, 0x0a, 0x00, 0x09, 0x00, 0x07, 0x00, 
    0x09, 0x00, 0x09, 0x00, 0x0d, 0x00, 0x0e, 0x00, 0x0d, 0x00, 0x0f, 0x00, 0x0e, 0x00, 0x0f, 0x00, 
    0x0e, 0x00, 0x0a, 0x00, 0x09, 0x00, 0x07, 0x00, 0x09, 0x00, 0x0a, 0x00, 0x0a, 0x00, 0x0a, 0x00, 
    0x0a, 0x00, 0x0a, 0x00, 0x06, 0x00, 0x07, 0x00, 0x06, 0x00, 0x05, 0x00, 0x08, 0x00, 0x08, 0x00, 
    0x0a, 0x00, 0x0a, 0x00, 0x0a, 0x00, 0x0b, 0x00, 0x0b, 0x00, 0x0b, 0x00, 0x0b, 0x00, 0x0b, 0x00, 
    0x0c, 0x00, 0x0d, 0x00, 0x0d, 0x00, 0x0b, 0x00, 0x0a, 0x00, 0x0a, 0x00, 0x0a, 0x00, 0x0b, 0x00, 
    0x0a, 0x00, 0x0c, 0x00, 0x0a, 0x00, 0x07, 0x00, 0x09, 0x00, 0x08, 0x00, 0x01, 0x00, 0x80, 0x07, 
    0x0a, 0x00, 0x09, 0x00, 0x07, 0x00, 0x08, 0x00, 0x08, 0x00, 0x08, 0x00, 0x04, 0x00, 0x04, 0x00, 
    0x04, 0x00, 0x06, 0x00, 0x06, 0x00, 0x04, 0x00, 0x06, 0x00, 0x04, 0x00, 0x05, 0x00, 0x03, 0x00, 
    0x02, 0x00, 0x01, 0x00, 0xfe, 0xff, 0x00, 0x00, 0xff, 0xff, 0xfd, 0xff, 0xfe, 0xff, 0x00, 0x00, 
    0xfe, 0xff, 0xfc, 0xff, 0xfc, 0xff, 0xf9, 0xff, 0xf5, 0xff, 0xf8, 0xff, 0xf8, 0xff, 0xf8, 0xff, 
    0xf9, 0xff, 0xf7, 0xff, 0xf7, 0xff, 0xf6, 0xff, 0xf7, 0xff, 0xf7, 0xff, 0xf8, 0xff, 0xf3, 0xff, 
    0xf4, 0xff, 0xf7, 0xff, 0xf4, 0xff, 0xf2, 0xff, 0xf1, 0xff, 0xf4, 0xff, 0xf7, 0xff, 0xf7, 0xff, 
    0xf4, 0xff, 0xf4, 0xff, 0xf7, 0xff, 0xf6, 0xff, 0xf3, 0xff, 0xf5, 0xff, 0xf7, 0xff, 0xf5, 0xff, 
    0xf9, 0xff, 0xf6, 0xff, 0xf8, 0xff, 0xfa, 0xff, 0xf9, 0xff, 0xf9, 0xff, 0xf9, 0xff, 0xf9, 0xff, 
    0xf7, 0xff, 0xf7, 0xff, 0xf5, 0xff, 0xf7, 0xff, 0xf6, 0xff, 0xf4, 0xff, 0xf2, 0xff, 0xf2, 0xff, 
    0xf2, 0xff, 0xef, 0xff, 0xf2, 0xff, 0xf3, 0xff, 0xf4, 0xff, 0xf1, 0xff, 0xf1, 0xff, 0xf1, 0xff, 
    0xf0, 0xff, 0xf2, 0xff, 0xf0, 0xff, 0xee, 0xff, 0xef, 0xff, 0xef, 0xff, 0xef, 0xff, 0xec, 0xff, 
    0xed, 0xff, 0xec, 0xff, 0xeb, 0xff, 0xe9, 0xff, 0xea, 0xff, 0xed, 0xff, 0xea, 0xff, 0xeb, 0xff, 
    0xed, 0xff, 0xee, 0xff, 0xec, 0xff, 0xe9, 0xff, 0xeb, 0xff, 0xeb, 0xff, 0xed, 0xff, 0xf0, 0xff, 
    0xf3, 0xff, 0xef, 0xff, 0xf0, 0xff, 0xf5, 0xff, 0xf1, 0xff, 0xf3, 0xff, 0xf2, 0xff, 0xf0, 0xff, 
    0xf1, 0xff, 0xf1, 0xff, 0xf2, 0xff, 0xf4, 0xff, 0xf6, 0xff, 0xf4, 0xff, 0xf0, 0xff, 0xf4, 0xff, 
    0xf5, 0xff, 0xf3, 0xff, 0xf4, 0xff, 0xf3, 0xff, 0xf4, 0xff, 0xf4, 0xff, 0xf4, 0xff, 0xf7, 0xff, 
    0xf7, 0xff, 0xf4, 0xff, 0xf4, 0xff, 0xf4, 0xff, 0xf1, 0xff, 0xf2, 0xff, 0xf5, 0xff, 0xf5, 0xff, 
    0xf6, 0xff, 0xf4, 0xff, 0xf5, 0xff, 0xf3, 0xff, 0xf2, 0xff, 0xf2, 0xff, 0xf3, 0xff, 0xf5, 0xff, 
    0xf6, 0xff, 0xf8, 0xff, 0xf3, 0xff, 0xf4, 0xff, 0xf6, 0xff, 0xf1, 0xff, 0xf1, 0xff, 0xf0, 0xff, 
    0xef, 0xff, 0xef, 0xff, 0xed, 0xff, 0xed, 0xff, 0xed, 0xff, 0xeb, 0xff, 0xed, 0xff, 0xee, 0xff, 
    0xee, 0xff, 0xec, 0xff, 0xee, 0xff, 0xf0, 0xff, 0xec, 0xff, 0xed, 0xff, 0xec, 0xff, 0xee, 0xff, 
    0xee, 0xff, 0xf1, 0xff, 0xf1, 0xff, 0xf1, 0xff, 0xf3, 0xff, 0xf3, 0xff, 0xf5, 0xff, 0xf6, 0xff, 
    0xf6, 0xff, 0xf6, 0xff, 0xf9, 0xff, 0xf5, 0xff, 0xf7, 0xff, 0xfb, 0xff, 0xf8, 0xff, 0xfb, 0xff, 
    0xfc, 0xff, 0xf9, 0xff, 0xfb, 0xff, 0xfd, 0xff, 0xfd, 0xff, 0xff, 0xff, 0x01, 0x00, 0xff, 0xff, 
    0xff, 0xff, 0x01, 0x00, 0x01, 0x00, 0x02, 0x00, 0x00, 0x00, 0x01, 0x00, 0x05, 0x00, 0x04, 0x00, 
    0x01, 0x00, 0x02, 0x00, 0x00, 0x00, 0xff, 0xff, 0x03, 0x00, 0x03, 0x00, 0x08, 0x00, 0x04, 0x00, 
    0xff, 0xff, 0x05, 0x00, 0x05, 0x00, 0x04, 0x00, 0x09, 0x00, 0x0e, 0x00, 0x09, 0x00, 0x05, 0x00, 
    0x01, 0x00, 0xfe, 0xff, 0xff, 0xff, 0xfd, 0xff, 0xf5, 0xff, 0xf6, 0xff, 0xff, 0xff, 0x00, 0x00, 
    0xf9, 0xff, 0xfa, 0xff, 0xff, 0xff, 0x01, 0x00, 0x00, 0x00, 0x00, 0x00, 0x01, 0x00, 0x04, 0x00, 
    0x05, 0x00, 0x03, 0x00, 0x05, 0x00, 0x07, 0x00, 0x06, 0x00, 0x06, 0x00, 0x07, 0x00, 0x09, 0x00, 
    0x09, 0x00, 0x09, 0x00, 0x09, 0x00, 0x0a, 0x00, 0x0b, 0x00, 0x0c, 0x00, 0x0e, 0x00, 0x10, 0x00, 
    0x0b, 0x00, 0x09, 0x00, 0x0b, 0x00, 0x0b, 0x00, 0x0a, 0x00, 0x0a, 0x00, 0x0e, 0x00, 0x0c, 0x00, 
    0x0c, 0x00, 0x0e, 0x00, 0x0c, 0x00, 0x0d, 0x00, 0x10, 0x00, 0x0e, 0x00, 0x0a, 0x00, 0x0c, 0x00, 
    0x0b, 0x00, 0x0b, 0x00, 0x0b, 0x00, 0x0c, 0x00, 0x0d, 0x00, 0x0c, 0x00, 0x0a, 0x00, 0x09, 0x00, 
    0x0a, 0x00, 0x0a, 0x00, 0x0a, 0x00, 0x0a, 0x00, 0x08, 0x00, 0x07, 0x00, 0x06, 0x00, 0x05, 0x00, 
    0x05, 0x00, 0x03, 0x00, 0x06, 0x00, 0x08, 0x00, 0x07, 0x00, 0x08, 0x00, 0x07, 0x00, 0x06, 0x00, 
    0x06, 0x00, 0x07, 0x00, 0x06, 0x00, 0x07, 0x00, 0x09, 0x00, 0x07, 0x00, 0x08, 0x00, 0x07, 0x00, 
    0x07, 0x00, 0x07, 0x00, 0x07, 0x00, 0x08, 0x00, 0x08, 0x00, 0x08, 0x00, 0x07, 0x00, 0x06, 0x00, 
    0x05, 0x00, 0x06, 0x00, 0x04, 0x00, 0x04, 0x00, 0x06, 0x00, 0x07, 0x00, 0x04, 0x00, 0x04, 0x00, 
    0x05, 0x00, 0x05, 0x00, 0x05, 0x00, 0x05, 0x00, 0x02, 0x00, 0x02, 0x00, 0x04, 0x00, 0x02, 0x00, 
    0x03, 0x00, 0x04, 0x00, 0x04, 0x00, 0x03, 0x00, 0x02, 0x00, 0x01, 0x00, 0x03, 0x00, 0x02, 0x00, 
    0x00, 0x00, 0x03, 0x00, 0x02, 0x00, 0x02, 0x00, 0x00, 0x00, 0xff, 0xff, 0x00, 0x00, 0x01, 0x00, 
    0x00, 0x00, 0xff, 0xff, 0xff, 0xff, 0x00, 0x00, 0xff, 0xff, 0xfe, 0xff, 0x00, 0x00, 0x00, 0x00, 
    0x00, 0x00, 0x01, 0x00, 0x01, 0x00, 0x03, 0x00, 0x01, 0x00, 0x01, 0x00, 0x01, 0x00, 0x00, 0x00, 
    0x01, 0x00, 0x01, 0x00, 0x02, 0x00, 0x03, 0x00, 0x02, 0x00, 0x02, 0x00, 0x01, 0x00, 0x04, 0x00, 
    0x02, 0x00, 0x01, 0x00, 0x02, 0x00, 0x01, 0x00, 0x03, 0x00, 0x00, 0x00, 0x00, 0x00, 0x01, 0x00, 
    0xff, 0xff, 0x03, 0x00, 0x02, 0x00, 0x02, 0x00, 0x01, 0x00, 0x01, 0x00, 0x02, 0x00, 0x02, 0x00, 
    0x01, 0x00, 0x00, 0x00, 0x02, 0x00, 0x00, 0x00, 0x00, 0x00, 0x01, 0x00, 0x00, 0x00, 0x00, 0x00, 
    0xff, 0xff, 0x00, 0x00, 0x01, 0x00, 0x01, 0x00, 0x01, 0x00, 0x02, 0x00, 0x02, 0x00, 0x00, 0x00, 
    0x01, 0x00, 0x00, 0x00, 0x00, 0x00, 0xff, 0xff, 0x01, 0x00, 0x01, 0x00, 0xfe, 0xff, 0x01, 0x00, 
    0x00, 0x00, 0x00, 0x00, 0x01, 0x00, 0x02, 0x00, 0x01, 0x00, 0x01, 0x00, 0x01, 0x00, 0xff, 0xff, 
    0x00, 0x00, 0x01, 0x00, 0x00, 0x00, 0x01, 0x00, 0x01, 0x00, 0x00, 0x00, 0x01, 0x00, 0x00, 0x00, 
    0xff, 0xff, 0x00, 0x00, 0x00, 0x00, 0x01, 0x00, 0x00, 0x00, 0x01, 0x00, 0x00, 0x00, 0x00, 0x00, 
    0x00, 0x00, 0x00, 0x00, 0x00, 0x00, 0xff, 0xff, 0x00, 0x00, 0x01, 0x00, 0xff, 0xff, 0x00, 0x00, 
    0x00, 0x00, 0xff, 0xff, 0xff, 0xff, 0x00, 0x00, 0x01, 0x00, 0x01, 0x00, 0xff, 0xff, 0x00, 0x00, 
    0x01, 0x00, 0x01, 0x00, 0x00, 0x00, 0x01, 0x00, 0x03, 0x00, 0x02, 0x00, 0x02, 0x00, 0x02, 0x00, 
    0x01, 0x00, 0x00, 0x00, 0x01, 0x00, 0x02, 0x00, 0x02, 0x00, 0x03, 0x00, 0x01, 0x00, 0x01, 0x00, 
    0x01, 0x00, 0x00, 0x00, 0x00, 0x00, 0xff, 0xff, 0xff, 0xff, 0x00, 0x00, 0x00, 0x00, 0x00, 0x00, 
    0x00, 0x00, 0x00, 0x00, 0x01, 0x00, 0x00, 0x00, 0xff, 0xff, 0xff, 0xff, 0x00, 0x00, 0xff, 0xff, 
    0xff, 0xff, 0x00, 0x00, 0x00, 0x00, 0x00, 0x00, 0xff, 0xff, 0xfe, 0xff, 0x00, 0x00, 0x00, 0x00, 
    0x00, 0x00, 0xff, 0xff, 0xff, 0xff, 0xff, 0xff, 0xff, 0xff, 0x00, 0x00, 0xff, 0xff, 0x00, 0x00, 
    0x00, 0x00, 0x00, 0x00, 0x00, 0x00, 0x00, 0x00, 0x00, 0x00, 0x00, 0x00, 0xff, 0xff, 0x01, 0x00, 
    0x00, 0x00, 0xff, 0xff, 0xff, 0xff, 0xff, 0xff, 0xff, 0xff, 0x00, 0x00, 0x00, 0x00, 0x00, 0x00, 
    0x00, 0x00, 0x01, 0x00, 0x00, 0x00, 0x01, 0x00, 0x01, 0x00, 0x00, 0x00, 0x00, 0x00, 0xff, 0xff, 
    0x00, 0x00, 0x00, 0x00, 0x00, 0x00, 0x01, 0x00, 0x00, 0x00, 0x00, 0x00, 0xff, 0xff, 0x00, 0x00, 
    0xfe, 0xff, 0xfe, 0xff, 0x01, 0x00, 0x00, 0x00, 0xff, 0xff, 0xff, 0xff, 0x00, 0x00, 0x00, 0x00, 
    0x00, 0x00, 0x00, 0x00, 0x00, 0x00, 0x00, 0x00, 0x01, 0x00, 0xff, 0xff, 0xff, 0xff, 0x01, 0x00, 
    0x00, 0x00, 0x01, 0x00, 0x00, 0x00, 0xff, 0xff, 0xff, 0xff, 0xfe, 0xff, 0xfe, 0xff, 0xff, 0xff, 
    0xff, 0xff, 0xff, 0xff, 0xff, 0xff, 0xff, 0xff, 0xff, 0xff, 0xff, 0xff, 0xff, 0xff, 0x00, 0x00, 
    0x00, 0x00, 0xff, 0xff, 0xff, 0xff, 0x00, 0x00, 0x00, 0x00, 0x00, 0x00, 0xff, 0xff, 0xff, 0xff, 
    0x00, 0x00, 0x01, 0x00, 0xff, 0xff, 0x00, 0x00, 0x00, 0x00, 0x00, 0x00, 0x01, 0x00, 0x00, 0x00, 
    0x01, 0x00, 0x00, 0x00, 0x01, 0x00, 0x01, 0x00, 0x01, 0x00, 0x00, 0x00, 0xfe, 0xff, 0xff, 0xff, 
    0x01, 0x00, 0x02, 0x00, 0x00, 0x00, 0x00, 0x00, 0x01, 0x00, 0x00, 0x00, 0x00, 0x00, 0xff, 0xff, 
    0x00, 0x00, 0x01, 0x00, 0xff, 0xff, 0x00, 0x00, 0x00, 0x00, 0x00, 0x00, 0xff, 0xff, 0xff, 0xff, 
    0x00, 0x00, 0x00, 0x00, 0x00, 0x00, 0xff, 0xff, 0xff, 0xff, 0xff, 0xff, 0x00, 0x00, 0x01, 0x00, 
    0xff, 0xff, 0x00, 0x00, 0x00, 0x00, 0xff, 0xff, 0x00, 0x00, 0x00, 0x00, 0x00, 0x00, 0x00, 0x00, 
    0x00, 0x00, 0x00, 0x00, 0x01, 0x00, 0x01, 0x00, 0x02, 0x00, 0x01, 0x00, 0xff, 0xff, 0x01, 0x00, 
    0x01, 0x00, 0x00, 0x00, 0x00, 0x00, 0x00, 0x00, 0x00, 0x00, 0x00, 0x00, 0x00, 0x00, 0x00, 0x00, 
    0x01, 0x00, 0x00, 0x00, 0x00, 0x00, 0x01, 0x00, 0x01, 0x00, 0x00, 0x00, 0x00, 0x00, 0x01, 0x00, 
    0x01, 0x00, 0x01, 0x00, 0x01, 0x00, 0x01, 0x00, 0x00, 0x00, 0x01, 0x00, 0x01, 0x00, 0x02, 0x00, 
    0x00, 0x00, 0x00, 0x00, 0x01, 0x00, 0x01, 0x00, 0x00, 0x00, 0x00, 0x00, 0x00, 0x00, 0x01, 0x00, 
    0x01, 0x00, 0x00, 0x00, 0x00, 0x00, 0x01, 0x00, 0x00, 0x00, 0x01, 0x00, 0x02, 0x00, 0x00, 0x00, 
    0xff, 0xff, 0x01, 0x00, 0x01, 0x00, 0x00, 0x00, 0x00, 0x00, 0x00, 0x00, 0x00, 0x00, 0x00, 0x00, 
    0x00, 0x00, 0xff, 0xff, 0x00, 0x00, 0x01, 0x00, 0x00, 0x00, 0x00, 0x00, 0x00, 0x00, 0x00, 0x00, 
    0x00, 0x00, 0xff, 0xff, 0x01, 0x00, 0x02, 0x00, 0x00, 0x00, 0x01, 0x00, 0x01, 0x00, 0x01, 0x00, 
    0x00, 0x00, 0x00, 0x00, 0x01, 0x00, 0x00, 0x00, 0x00, 0x00, 0x01, 0x00, 0x00, 0x00, 0x01, 0x00, 
    0x00, 0x00, 0x00, 0x00, 0x01, 0x00, 0x01, 0x00, 0x00, 0x00, 0x00, 0x00, 0x01, 0x00, 0x02, 0x00, 
    0x01, 0x00, 0x01, 0x00, 0x01, 0x00, 0x01, 0x00, 0x01, 0x00, 0x00, 0x00, 0x00, 0x00, 0x00, 0x00, 
    0x00, 0x00, 0x01, 0x00, 0x01, 0x00, 0xff, 0xff, 0x00, 0x00, 0x00, 0x00, 0x00, 0x00, 0x00, 0x00, 
    0x00, 0x00, 0x00, 0x00, 0x00, 0x00, 0x00, 0x00, 0x00, 0x00, 0x00, 0x00, 0x01, 0x00, 0x00, 0x00, 
    0x01, 0x00, 0x02, 0x00, 0x00, 0x00, 0x00, 0x00, 0x00, 0x00, 0x00, 0x00, 0x00, 0x00, 0x00, 0x00, 
    0x01, 0x00, 0x00, 0x00, 0x00, 0x00, 0x00, 0x00, 0x00, 0x00, 0x00, 0x00, 0x00, 0x00, 0x00, 0x00, 
    0x01, 0x00, 0x00, 0x00, 0x00, 0x00, 0x01, 0x00, 0x01, 0x00, 0x01, 0x00, 0x01, 0x00, 0x00, 0x00, 
    0x01, 0x00, 0x01, 0x00, 0x00, 0x00, 0xff, 0xff, 0xff, 0xff, 0x00, 0x00, 0x01, 0x00, 0x01, 0x00, 
    0x00, 0x00, 0x00, 0x00, 0x00, 0x00, 0x00, 0x00, 0x00, 0x00, 0x01, 0x00, 0x00, 0x00, 0x01, 0x00, 
    0x01, 0x00, 0x01, 0x00, 0x00, 0x00, 0x00, 0x00, 0x01, 0x00, 0x00, 0x00, 0x01, 0x00, 0x01, 0x00, 
    0x02, 0x00, 0x01, 0x00, 0x01, 0x00, 0x01, 0x00, 0x02, 0x00, 0x01, 0x00, 0xff, 0xff, 0x00, 0x00, 
    0x01, 0x00, 0x00, 0x00, 0x00, 0x00, 0x01, 0x00, 0x01, 0x00, 0x00, 0x00, 0x01, 0x00, 0x00, 0x00, 
    0x00, 0x00, 0x01, 0x00, 0x00, 0x00, 0x01, 0x00, 0x00, 0x00, 0xff, 0xff, 0x00, 0x00, 0x00, 0x00, 
    0x00, 0x00, 0x00, 0x00, 0x00, 0x00, 0xff, 0xff, 0x00, 0x00, 0x00, 0x00, 0x00, 0x00, 0x00, 0x00, 
    0x01, 0x00, 0x01, 0x00, 0x00, 0x00, 0x00, 0x00, 0xff, 0xff, 0x00, 0x00, 0x00, 0x00, 0x00, 0x00, 
    0x00, 0x00, 0x00, 0x00, 0x00, 0x00, 0x00, 0x00, 0x00, 0x00, 0x00, 0x00, 0x00, 0x00, 0x00, 0x00, 
    0x00, 0x00, 0x00, 0x00, 0xff, 0xff, 0xff, 0xff, 0x00, 0x00, 0x00, 0x00, 0x00, 0x00, 0x01, 0x00, 
    0x00, 0x00, 0x00, 0x00, 0x00, 0x00, 0x00, 0x00, 0x00, 0x00, 0x00, 0x00, 0x00, 0x00, 0x00, 0x00, 
    0x00, 0x00, 0x00, 0x00, 0x00, 0x00, 0x00, 0x00, 0x01, 0x00, 0x01, 0x00, 0x00, 0x00, 0x00, 0x00, 
    0x00, 0x00, 0x00, 0x00, 0x00, 0x00, 0x00, 0x00, 0x01, 0x00, 0x01, 0x00, 0x00, 0x00, 0x01, 0x00, 
    0x00, 0x00, 0x00, 0x00, 0x00, 0x00, 0x01, 0x00, 0x00, 0x00, 0x00, 0x00, 0x01, 0x00, 0x00, 0x00, 
    0x00, 0x00, 0x00, 0x00, 0x00, 0x00, 0x00, 0x00, 0x00, 0x00, 0x00, 0x00, 0x01, 0x00, 0x01, 0x00, 
    0x00, 0x00, 0x00, 0x00, 0x01, 0x00, 0x00, 0x00, 0x00, 0x00, 0x00, 0x00, 0x00, 0x00, 0xff, 0xff, 
    0x00, 0x00, 0x00, 0x00, 0x00, 0x00, 0x00, 0x00, 0x00, 0x00, 0x00, 0x00, 0x00, 0x00, 0x00, 0x00, 
    0x00, 0x00, 0x01, 0x00, 0x00, 0x00, 0x00, 0x00, 0x01, 0x00, 0x01, 0x00, 0x00, 0x00, 0x00, 0x00, 
    0x00, 0x00, 0x00, 0x00, 0x00, 0x00, 0x01, 0x00, 0x00, 0x00, 0x01, 0x00, 0x00, 0x00, 0x00, 0x00, 
    0x01, 0x00, 0x00, 0x00, 0x01, 0x00, 0x00, 0x00, 0xff, 0xff, 0x00, 0x00, 0x00, 0x00, 0x00, 0x00, 
    0x00, 0x00, 0x00, 0x00, 0x00, 0x00, 0x03, 0x00, 0x01, 0x00, 0x00, 0x00, 0x01, 0x00, 0x01, 0x00, 
    0x00, 0x00, 0x00, 0x00, 0x01, 0x00, 0x01, 0x00, 0x00, 0x00, 0x00, 0x00, 0xff, 0xff, 0x01, 0x00, 
    0x00, 0x00, 0xff, 0xff, 0x01, 0x00, 0xff, 0xff, 0x00, 0x00, 0x00, 0x00, 0x00, 0x00, 0x01, 0x00, 
    0x01, 0x00, 0x00, 0x00, 0x00, 0x00, 0x00, 0x00, 0x01, 0x00, 0x00, 0x00, 0xff, 0xff, 0x00, 0x00, 
    0x01, 0x00, 0x01, 0x00, 0x01, 0x00, 0x01, 0x00, 0x00, 0x00, 0x00, 0x00, 0x01, 0x00, 0x00, 0x00, 
    0x00, 0x00, 0x01, 0x00, 0xff, 0xff, 0x00, 0x00, 0x00, 0x00, 0x00, 0x00, 0x00, 0x00, 0x00, 0x00, 
    0xff, 0xff, 0x00, 0x00, 0x00, 0x00, 0xff, 0xff, 0xff, 0xff, 0xff, 0xff, 0x00, 0x00, 0xff, 0xff, 
    0x01, 0x00, 0x80, 0x07, 0x00, 0x00, 0x01, 0x00, 0x00, 0x00, 0xff, 0xff, 0x00, 0x00, 0x00, 0x00, 
    0x00, 0x00, 0x00, 0x00, 0x00, 0x00, 0x00, 0x00, 0x00, 0x00, 0x00, 0x00, 0xff, 0xff, 0x00, 0x00, 
    0xff, 0xff, 0xff, 0xff, 0x00, 0x00, 0xff, 0xff, 0x00, 0x00, 0x00, 0x00, 0x00, 0x00, 0xff, 0xff, 
    0xff, 0xff, 0x00, 0x00, 0x00, 0x00, 0x01, 0x00, 0x00, 0x00, 0x00, 0x00, 0x00, 0x00, 0x00, 0x00, 
    0x00, 0x00, 0x00, 0x00, 0x00, 0x00, 0x00, 0x00, 0x00, 0x00, 0x00, 0x00, 0x00, 0x00, 0x00, 0x00, 
    0x00, 0x00, 0x00, 0x00, 0x00, 0x00, 0xff, 0xff, 0x00, 0x00, 0x00, 0x00, 0x00, 0x00, 0x00, 0x00, 
    0xff, 0xff, 0x00, 0x00, 0x00, 0x00, 0xff, 0xff, 0x00, 0x00, 0x00, 0x00, 0xff, 0xff, 0xff, 0xff, 
    0x00, 0x00, 0x00, 0x00, 0x00, 0x00, 0x00, 0x00, 0x00, 0x00, 0xff, 0xff, 0x00, 0x00, 0x00, 0x00, 
    0x00, 0x00, 0x01, 0x00, 0x00, 0x00, 0x00, 0x00, 0x00, 0x00, 0x00, 0x00, 0x00, 0x00, 0x00, 0x00, 
    0x00, 0x00, 0x00, 0x00, 0x00, 0x00, 0xff, 0xff, 0x01, 0x00, 0x00, 0x00, 0x01, 0x00, 0x00, 0x00, 
    0x00, 0x00, 0x00, 0x00, 0x01, 0x00, 0x02, 0x00, 0x00, 0x00, 0x00, 0x00, 0x00, 0x00, 0x00, 0x00, 
    0x00, 0x00, 0x00, 0x00, 0x01, 0x00, 0x00, 0x00, 0x00, 0x00, 0xff, 0xff, 0x00, 0x00, 0x01, 0x00, 
    0xff, 0xff, 0xff, 0xff, 0x00, 0x00, 0xff, 0xff, 0x00, 0x00, 0x00, 0x00, 0xff, 0xff, 0x00, 0x00, 
    0x00, 0x00, 0x00, 0x00, 0x00, 0x00, 0x00, 0x00, 0x00, 0x00, 0x00, 0x00, 0x00, 0x00, 0x00, 0x00, 
    0x01, 0x00, 0x00, 0x00, 0x00, 0x00, 0x00, 0x00, 0x00, 0x00, 0xff, 0xff, 0x00, 0x00, 0x00, 0x00, 
    0x00, 0x00, 0x00, 0x00, 0x00, 0x00, 0x00, 0x00, 0x00, 0x00, 0x00, 0x00, 0x00, 0x00, 0x00, 0x00, 
    0x00, 0x00, 0x00, 0x00, 0x00, 0x00, 0x00, 0x00, 0x01, 0x00, 0x00, 0x00, 0x00, 0x00, 0x00, 0x00, 
    0x00, 0x00, 0x00, 0x00, 0x00, 0x00, 0x00, 0x00, 0x00, 0x00, 0xff, 0xff, 0xff, 0xff, 0xff, 0xff, 
    0x00, 0x00, 0x00, 0x00, 0xff, 0xff, 0x00, 0x00, 0xff, 0xff, 0x00, 0x00, 0x00, 0x00, 0xff, 0xff, 
    0x00, 0x00, 0xff, 0xff, 0xff, 0xff, 0xff, 0xff, 0xff, 0xff, 0xff, 0xff, 0xff, 0xff, 0xff, 0xff, 
    0xfe, 0xff, 0xff, 0xff, 0xff, 0xff, 0xff, 0xff, 0x00, 0x00, 0x00, 0x00, 0xff, 0xff, 0x00, 0x00, 
    0x00, 0x00, 0x00, 0x00, 0x00, 0x00, 0x00, 0x00, 0x00, 0x00, 0x00, 0x00, 0x00, 0x00, 0x00, 0x00, 
    0xff, 0xff, 0x00, 0x00, 0x00, 0x00, 0xff, 0xff, 0x00, 0x00, 0xff, 0xff, 0xff, 0xff, 0xff, 0xff, 
    0xff, 0xff, 0xff, 0xff, 0xff, 0xff, 0xff, 0xff, 0xff, 0xff, 0x00, 0x00, 0x00, 0x00, 0xff, 0xff, 
    0xff, 0xff, 0xff, 0xff, 0xff, 0xff, 0x00, 0x00, 0x00, 0x00, 0x00, 0x00, 0x00, 0x00, 0xff, 0xff, 
    0x00, 0x00, 0x00, 0x00, 0x00, 0x00, 0x00, 0x00, 0x00, 0x00, 0x00, 0x00, 0x01, 0x00, 0x00, 0x00, 
    0xff, 0xff, 0x00, 0x00, 0x00, 0x00, 0x01, 0x00, 0x00, 0x00, 0x00, 0x00, 0x00, 0x00, 0x01, 0x00, 
    0x02, 0x00, 0x00, 0x00, 0x00, 0x00, 0x01, 0x00, 0x01, 0x00, 0x00, 0x00, 0x00, 0x00, 0x00, 0x00, 
    0x00, 0x00, 0x01, 0x00, 0x00, 0x00, 0x00, 0x00, 0x01, 0x00, 0x00, 0x00, 0x01, 0x00, 0x01, 0x00, 
    0x00, 0x00, 0x01, 0x00, 0x01, 0x00, 0x01, 0x00, 0x01, 0x00, 0x01, 0x00, 0x00, 0x00, 0x01, 0x00, 
    0x01, 0x00, 0x00, 0x00, 0x00, 0x00, 0x01, 0x00, 0x01, 0x00, 0x01, 0x00, 0x01, 0x00, 0x01, 0x00, 
    0x01, 0x00, 0x01, 0x00, 0x01, 0x00, 0x00, 0x00, 0x01, 0x00, 0x01, 0x00, 0x02, 0x00, 0x00, 0x00, 
    0x00, 0x00, 0x01, 0x00, 0x01, 0x00, 0x01, 0x00, 0x00, 0x00, 0x01, 0x00, 0x00, 0x00, 0x00, 0x00, 
    0x01, 0x00, 0xff, 0xff, 0x00, 0x00, 0x01, 0x00, 0x00, 0x00, 0x01, 0x00, 0x01, 0x00, 0x00, 0x00, 
    0x00, 0x00, 0xff, 0xff, 0x01, 0x00, 0x01, 0x00, 0x00, 0x00, 0x01, 0x00, 0x01, 0x00, 0x00, 0x00, 
    0x01, 0x00, 0x02, 0x00, 0xff, 0xff, 0x00, 0x00, 0x01, 0x00, 0x01, 0x00, 0x01, 0x00, 0x01, 0x00, 
    0x01, 0x00, 0x01, 0x00, 0x01, 0x00, 0x00, 0x00, 0x00, 0x00, 0x02, 0x00, 0x01, 0x00, 0x01, 0x00, 
    0x01, 0x00, 0x01, 0x00, 0x01, 0x00, 0x01, 0x00, 0x00, 0x00, 0x00, 0x00, 0x01, 0x00, 0x00, 0x00, 
    0x01, 0x00, 0x01, 0x00, 0x01, 0x00, 0x01, 0x00, 0x00, 0x00, 0x01, 0x00, 0x00, 0x00, 0x00, 0x00, 
    0x00, 0x00, 0x00, 0x00, 0x00, 0x00, 0x00, 0x00, 0x00, 0x00, 0x00, 0x00, 0x00, 0x00, 0x00, 0x00, 
    0x00, 0x00, 0x01, 0x00, 0x01, 0x00, 0x00, 0x00, 0x00, 0x00, 0x01, 0x00, 0x00, 0x00, 0x00, 0x00, 
    0x00, 0x00, 0x00, 0x00, 0x01, 0x00, 0x01, 0x00, 0x01, 0x00, 0x00, 0x00, 0x00, 0x00, 0x00, 0x00, 
    0x00, 0x00, 0x01, 0x00, 0x00, 0x00, 0x00, 0x00, 0x00, 0x00, 0x01, 0x00, 0x01, 0x00, 0x00, 0x00, 
    0x01, 0x00, 0x00, 0x00, 0x00, 0x00, 0x00, 0x00, 0x00, 0x00, 0x00, 0x00, 0x00, 0x00, 0x00, 0x00, 
    0x00, 0x00, 0x00, 0x00, 0x00, 0x00, 0x00, 0x00, 0x00, 0x00, 0x00, 0x00, 0x00, 0x00, 0x00, 0x00, 
    0x01, 0x00, 0x00, 0x00, 0x00, 0x00, 0x00, 0x00, 0x00, 0x00, 0x00, 0x00, 0x00, 0x00, 0x00, 0x00, 
    0x00, 0x00, 0x00, 0x00, 0x00, 0x00, 0x00, 0x00, 0x00, 0x00, 0x00, 0x00, 0x00, 0x00, 0x00, 0x00, 
    0x00, 0x00, 0x00, 0x00, 0x00, 0x00, 0x00, 0x00, 0x00, 0x00, 0xff, 0xff, 0x00, 0x00, 0x00, 0x00, 
    0xff, 0xff, 0x00, 0x00, 0xff, 0xff, 0xff, 0xff, 0x00, 0x00, 0x00, 0x00, 0x00, 0x00, 0x00, 0x00, 
    0x00, 0x00, 0x00, 0x00, 0x00, 0x00, 0x00, 0x00, 0x01, 0x00, 0x01, 0x00, 0x01, 0x00, 0x00, 0x00, 
    0x00, 0x00, 0x00, 0x00, 0x01, 0x00, 0xff, 0xff, 0x00, 0x00, 0x01, 0x00, 0x01, 0x00, 0x01, 0x00, 
    0x00, 0x00, 0x00, 0x00, 0x00, 0x00, 0x01, 0x00, 0x01, 0x00, 0x01, 0x00, 0x01, 0x00, 0x00, 0x00, 
    0x02, 0x00, 0x01, 0x00, 0x01, 0x00, 0x02, 0x00, 0x01, 0x00, 0x01, 0x00, 0x00, 0x00, 0x01, 0x00, 
    0x01, 0x00, 0x01, 0x00, 0x01, 0x00, 0x00, 0x00, 0x01, 0x00, 0xff, 0xff, 0x00, 0x00, 0x01, 0x00, 
    0x00, 0x00, 0x01, 0x00, 0x00, 0x00, 0x00, 0x00, 0x01, 0x00, 0x01, 0x00, 0x00, 0x00, 0x00, 0x00, 
    0x01, 0x00, 0x01, 0x00, 0x00, 0x00, 0x00, 0x00, 0x00, 0x00, 0x01, 0x00, 0x00, 0x00, 0x00, 0x00, 
    0x00, 0x00, 0x00, 0x00, 0x01, 0x00, 0x00, 0x00, 0x00, 0x00, 0x01, 0x00, 0x01, 0x00, 0x00, 0x00, 
    0x02, 0x00, 0x01, 0x00, 0x00, 0x00, 0x01, 0x00, 0x00, 0x00, 0x00, 0x00, 0x00, 0x00, 0x00, 0x00, 
    0x00, 0x00, 0x00, 0x00, 0x00, 0x00, 0x00, 0x00, 0x00, 0x00, 0x00, 0x00, 0x00, 0x00, 0x00, 0x00, 
    0x00, 0x00, 0x00, 0x00, 0x00, 0x00, 0x00, 0x00, 0x00, 0x00, 0x00, 0x00, 0x00, 0x00, 0x00, 0x00, 
    0x00, 0x00, 0x00, 0x00, 0x00, 0x00, 0x00, 0x00, 0x00, 0x00, 0x00, 0x00, 0x00, 0x00, 0x00, 0x00, 
    0x00, 0x00, 0x00, 0x00, 0x00, 0x00, 0x00, 0x00, 0x00, 0x00, 0xff, 0xff, 0xff, 0xff, 0x00, 0x00, 
    0x00, 0x00, 0x00, 0x00, 0x00, 0x00, 0x00, 0x00, 0x00, 0x00, 0x00, 0x00, 0x00, 0x00, 0x00, 0x00, 
    0x00, 0x00, 0x00, 0x00, 0x00, 0x00, 0x00, 0x00, 0x01, 0x00, 0x00, 0x00, 0x00, 0x00, 0x00, 0x00, 
    0x00, 0x00, 0x00, 0x00, 0x00, 0x00, 0x00, 0x00, 0x00, 0x00, 0x00, 0x00, 0x01, 0x00, 0x00, 0x00, 
    0x00, 0x00, 0xff, 0xff, 0x00, 0x00, 0x00, 0x00, 0x00, 0x00, 0x01, 0x00, 0xff, 0xff, 0x00, 0x00, 
    0x00, 0x00, 0x00, 0x00, 0x00, 0x00, 0x00, 0x00, 0x01, 0x00, 0x00, 0x00, 0x00, 0x00, 0x00, 0x00, 
    0x00, 0x00, 0x00, 0x00, 0x01, 0x00, 0x01, 0x00, 0x00, 0x00, 0x00, 0x00, 0x00, 0x00, 0x00, 0x00, 
    0x00, 0x00, 0x01, 0x00, 0x00, 0x00, 0x01, 0x00, 0x00, 0x00, 0x02, 0x00, 0x01, 0x00, 0x00, 0x00, 
    0x01, 0x00, 0x00, 0x00, 0x01, 0x00, 0x00, 0x00, 0x01, 0x00, 0x01, 0x00, 0x00, 0x00, 0x00, 0x00, 
    0x00, 0x00, 0x01, 0x00, 0xff, 0xff, 0xff, 0xff, 0x01, 0x00, 0x00, 0x00, 0x00, 0x00, 0x01, 0x00, 
    0x00, 0x00, 0x01, 0x00, 0x00, 0x00, 0x01, 0x00, 0x01, 0x00, 0x01, 0x00, 0x02, 0x00, 0x00, 0x00, 
    0x00, 0x00, 0x01, 0x00, 0x01, 0x00, 0x01, 0x00, 0x01, 0x00, 0x00, 0x00, 0x01, 0x00, 0x00, 0x00, 
    0x00, 0x00, 0x00, 0x00, 0x00, 0x00, 0x01, 0x00, 0x00, 0x00, 0x01, 0x00, 0x01, 0x00, 0x00, 0x00, 
    0x01, 0x00, 0x00, 0x00, 0x00, 0x00, 0x00, 0x00, 0x00, 0x00, 0x01, 0x00, 0x01, 0x00, 0x00, 0x00, 
    0xff, 0xff, 0x00, 0x00, 0x01, 0x00, 0x00, 0x00, 0x00, 0x00, 0x00, 0x00, 0x00, 0x00, 0x00, 0x00, 
    0x00, 0x00, 0x00, 0x00, 0x01, 0x00, 0x01, 0x00, 0x00, 0x00, 0x00, 0x00, 0x00, 0x00, 0x00, 0x00, 
    0x01, 0x00, 0x01, 0x00, 0x00, 0x00, 0x01, 0x00, 0x01, 0x00, 0x00, 0x00, 0x00, 0x00, 0x01, 0x00, 
    0x01, 0x00, 0x00, 0x00, 0x00, 0x00, 0x01, 0x00, 0x01, 0x00, 0x00, 0x00, 0x00, 0x00, 0x01, 0x00, 
    0x00, 0x00, 0x00, 0x00, 0x01, 0x00, 0x01, 0x00, 0x00, 0x00, 0x01, 0x00, 0x00, 0x00, 0x00, 0x00, 
    0x01, 0x00, 0x00, 0x00, 0x00, 0x00, 0x01, 0x00, 0x00, 0x00, 0x00, 0x00, 0x00, 0x00, 0x01, 0x00, 
    0x01, 0x00, 0x00, 0x00, 0x00, 0x00, 0x00, 0x00, 0x00, 0x00, 0x01, 0x00, 0x00, 0x00, 0x00, 0x00, 
    0x00, 0x00, 0x00, 0x00, 0x00, 0x00, 0x00, 0x00, 0x00, 0x00, 0x01, 0x00, 0x00, 0x00, 0x00, 0x00, 
    0x00, 0x00, 0x00, 0x00, 0x00, 0x00, 0x01, 0x00, 0x00, 0x00, 0x01, 0x00, 0x01, 0x00, 0x00, 0x00, 
    0x00, 0x00, 0x00, 0x00, 0x00, 0x00, 0x00, 0x00, 0x00, 0x00, 0x01, 0x00, 0x00, 0x00, 0x00, 0x00, 
    0x01, 0x00, 0x01, 0x00, 0xff, 0xff, 0xff, 0xff, 0x01, 0x00, 0x00, 0x00, 0x00, 0x00, 0x01, 0x00, 
    0x01, 0x00, 0x01, 0x00, 0xff, 0xff, 0x00, 0x00, 0x00, 0x00, 0x01, 0x00, 0x00, 0x00, 0x00, 0x00, 
    0x02, 0x00, 0x00, 0x00, 0x00, 0x00, 0x00, 0x00, 0x00, 0x00, 0x00, 0x00, 0x00, 0x00, 0x00, 0x00, 
    0x00, 0x00, 0x01, 0x00, 0x00, 0x00, 0x00, 0x00, 0x00, 0x00, 0x01, 0x00, 0x01, 0x00, 0x00, 0x00, 
    0x00, 0x00, 0x00, 0x00, 0x00, 0x00, 0x00, 0x00, 0x00, 0x00, 0x01, 0x00, 0x01, 0x00, 0x01, 0x00, 
    0x00, 0x00, 0x00, 0x00, 0x01, 0x00, 0x00, 0x00, 0x01, 0x00, 0x00, 0x00, 0x00, 0x00, 0x00, 0x00, 
    0x00, 0x00, 0x01, 0x00, 0x00, 0x00, 0x00, 0x00, 0x00, 0x00, 0x00, 0x00, 0x00, 0x00, 0x00, 0x00, 
    0x00, 0x00, 0xff, 0xff, 0x00, 0x00, 0x00, 0x00, 0x00, 0x00, 0x01, 0x00, 0x01, 0x00, 0x00, 0x00, 
    0x00, 0x00, 0x01, 0x00, 0x00, 0x00, 0x00, 0x00, 0x00, 0x00, 0x00, 0x00, 0x00, 0x00, 0x00, 0x00, 
    0x01, 0x00, 0x00, 0x00, 0x00, 0x00, 0x01, 0x00, 0x00, 0x00, 0x00, 0x00, 0x00, 0x00, 0x00, 0x00, 
    0x01, 0x00, 0x00, 0x00, 0x00, 0x00, 0x01, 0x00, 0x00, 0x00, 0x00, 0x00, 0x00, 0x00, 0x00, 0x00, 
    0x00, 0x00, 0x00, 0x00, 0x00, 0x00, 0x00, 0x00, 0x00, 0x00, 0x00, 0x00, 0x00, 0x00, 0x00, 0x00, 
    0x01, 0x00, 0x00, 0x00, 0x00, 0x00, 0x00, 0x00, 0x00, 0x00, 0x00, 0x00, 0x00, 0x00, 0x00, 0x00, 
    0x00, 0x00, 0x00, 0x00, 0x00, 0x00, 0x00, 0x00, 0x00, 0x00, 0x00, 0x00, 0x00, 0x00, 0x00, 0x00, 
    0x01, 0x00, 0x01, 0x00, 0x00, 0x00, 0x01, 0x00, 0x01, 0x00, 0x00, 0x00, 0x00, 0x00, 0x00, 0x00, 
    0x01, 0x00, 0x00, 0x00, 0x01, 0x00, 0x00, 0x00, 0x01, 0x00, 0x00, 0x00, 0x00, 0x00, 0x00, 0x00, 
    0x00, 0x00, 0x01, 0x00, 0x00, 0x00, 0x01, 0x00, 0x01, 0x00, 0x00, 0x00, 0x00, 0x00, 0x01, 0x00, 
    0x01, 0x00, 0x00, 0x00, 0x00, 0x00, 0x01, 0x00, 0x00, 0x00, 0x01, 0x00, 0x01, 0x00, 0x01, 0x00, 
    0x00, 0x00, 0x00, 0x00, 0x01, 0x00, 0x00, 0x00, 0x01, 0x00, 0x00, 0x00, 0x00, 0x00, 0x01, 0x00, 
    0x00, 0x00, 0x01, 0x00, 0x00, 0x00, 0x00, 0x00, 0x00, 0x00, 0x00, 0x00, 0x00, 0x00, 0x00, 0x00, 
    0x01, 0x00, 0x00, 0x00, 0x00, 0x00, 0x00, 0x00, 0x00, 0x00, 0x00, 0x00, 0x00, 0x00, 0x01, 0x00, 
    0x00, 0x00, 0x01, 0x00, 0x00, 0x00, 0x00, 0x00, 0x00, 0x00, 0x00, 0x00, 0x00, 0x00, 0xff, 0xff, 
    0x00, 0x00, 0x00, 0x00, 0x00, 0x00, 0xff, 0xff, 0xff, 0xff, 0x00, 0x00, 0x01, 0x00, 0x01, 0x00, 
    0x00, 0x00, 0x00, 0x00, 0x00, 0x00, 0x00, 0x00, 0x00, 0x00, 0x00, 0x00, 0x00, 0x00, 0x00, 0x00, 
    0x00, 0x00, 0x00, 0x00, 0x00, 0x00, 0x00, 0x00, 0x00, 0x00, 0x00, 0x00, 0x00, 0x00, 0x00, 0x00, 
    0x00, 0x00, 0x00, 0x00, 0x00, 0x00, 0x00, 0x00, 0x00, 0x00, 0x00, 0x00, 0x00, 0x00, 0x00, 0x00, 
    0x00, 0x00, 0x00, 0x00, 0x00, 0x00, 0x00, 0x00, 0x00, 0x00, 0x00, 0x00, 0x00, 0x00, 0x00, 0x00, 
    0x00, 0x00, 0x00, 0x00, 0x00, 0x00, 0x00, 0x00, 0x00, 0x00, 0x00, 0x00, 0x00, 0x00, 0x00, 0x00, 
    0x00, 0x00, 0x00, 0x00, 0x00, 0x00, 0x00, 0x00, 0x00, 0x00, 0x00, 0x00, 0x00, 0x00, 0x00, 0x00, 
    0x00, 0x00, 0x00, 0x00, 0x00, 0x00, 0x00, 0x00, 0x00, 0x00, 0x00, 0x00, 0x00, 0x00, 0x00, 0x00, 
    0x00, 0x00, 0x00, 0x00, 0x00, 0x00, 0x00, 0x00, 0x00, 0x00, 0x00, 0x00, 0x00, 0x00, 0x00, 0x00, 
    0x00, 0x00, 0x00, 0x00, 0x00, 0x00, 0x00, 0x00, 0x00, 0x00, 0x00, 0x00, 0x00, 0x00, 0x00, 0x00, 
    0x00, 0x00, 0x00, 0x00, 0x00, 0x00, 0x00, 0x00, 0x00, 0x00, 0x00, 0x00, 0x00, 0x00, 0x00, 0x00, 
    0x00, 0x00, 0x00, 0x00, 0x00, 0x00, 0x00, 0x00, 0x00, 0x00, 0x00, 0x00, 0x00, 0x00, 0x00, 0x00, 
    0x00, 0x00, 0x00, 0x00, 0x00, 0x00, 0x00, 0x00, 0x00, 0x00, 0x00, 0x00, 0x00, 0x00, 0x00, 0x00, 
    0x00, 0x00, 0x00, 0x00, 0x01, 0x00, 0x80, 0x07, 0x00, 0x00, 0x00, 0x00, 0x00, 0x00, 0x00, 0x00, 
    0x00, 0x00, 0x00, 0x00, 0x00, 0x00, 0x00, 0x00, 0x00, 0x00, 0x00, 0x00, 0x00, 0x00, 0x00, 0x00, 
    0x00, 0x00, 0x00, 0x00, 0x00, 0x00, 0x00, 0x00, 0x00, 0x00, 0x00, 0x00, 0x00, 0x00, 0x00, 0x00, 
    0x00, 0x00, 0x00, 0x00, 0x00, 0x00, 0x00, 0x00, 0x00, 0x00, 0x00, 0x00, 0x00, 0x00, 0x00, 0x00, 
    0x00, 0x00, 0x00, 0x00, 0x00, 0x00, 0x00, 0x00, 0x00, 0x00, 0x00, 0x00, 0x00, 0x00, 0x00, 0x00, 
    0x00, 0x00, 0x00, 0x00, 0x00, 0x00, 0x00, 0x00, 0x00, 0x00, 0x00, 0x00, 0x00, 0x00, 0x00, 0x00, 
    0x00, 0x00, 0x00, 0x00, 0x00, 0x00, 0x00, 0x00, 0x00, 0x00, 0x00, 0x00, 0x00, 0x00, 0x00, 0x00, 
    0x00, 0x00, 0x00, 0x00, 0x00, 0x00, 0x00, 0x00, 0x00, 0x00, 0x00, 0x00, 0x00, 0x00, 0x00, 0x00, 
    0x00, 0x00, 0x00, 0x00, 0x00, 0x00, 0x00, 0x00, 0x00, 0x00, 0x00, 0x00, 0x00, 0x00, 0x00, 0x00, 
    0x00, 0x00, 0x00, 0x00, 0x00, 0x00, 0x00, 0x00, 0x00, 0x00, 0x00, 0x00, 0x00, 0x00, 0x00, 0x00, 
    0x00, 0x00, 0x00, 0x00, 0x00, 0x00, 0x00, 0x00, 0x00, 0x00, 0x00, 0x00, 0x00, 0x00, 0x00, 0x00, 
    0x00, 0x00, 0x00, 0x00, 0x00, 0x00, 0x00, 0x00, 0x00, 0x00, 0x00, 0x00, 0x00, 0x00, 0x00, 0x00, 
    0x00, 0x00, 0x00, 0x00, 0x00, 0x00, 0x00, 0x00, 0x00, 0x00, 0x00, 0x00, 0x00, 0x00, 0x00, 0x00, 
    0x00, 0x00, 0x00, 0x00, 0x00, 0x00, 0x00, 0x00, 0x00, 0x00, 0x00, 0x00, 0x00, 0x00, 0x00, 0x00, 
    0x00, 0x00, 0x00, 0x00, 0x00, 0x00, 0x00, 0x00, 0x00, 0x00, 0x00, 0x00, 0x00, 0x00, 0x00, 0x00, 
    0x00, 0x00, 0x00, 0x00, 0x00, 0x00, 0x00, 0x00, 0x00, 0x00, 0x00, 0x00, 0x00, 0x00, 0x00, 0x00, 
    0x00, 0x00, 0x00, 0x00, 0x00, 0x00, 0x00, 0x00, 0x00, 0x00, 0x00, 0x00, 0x00, 0x00, 0x00, 0x00, 
    0x00, 0x00, 0x00, 0x00, 0x00, 0x00, 0x00, 0x00, 0x00, 0x00, 0x00, 0x00, 0x00, 0x00, 0x00, 0x00, 
    0x00, 0x00, 0x00, 0x00, 0x00, 0x00, 0x00, 0x00, 0x00, 0x00, 0x00, 0x00, 0x00, 0x00, 0x00, 0x00, 
    0x00, 0x00, 0x00, 0x00, 0x00, 0x00, 0x00, 0x00, 0x00, 0x00, 0x00, 0x00, 0x00, 0x00, 0x00, 0x00, 
    0x00, 0x00, 0x00, 0x00, 0x00, 0x00, 0x00, 0x00, 0x00, 0x00, 0x00, 0x00, 0x00, 0x00, 0x00, 0x00, 
    0x00, 0x00, 0x00, 0x00, 0x00, 0x00, 0x00, 0x00, 0x00, 0x00, 0x00, 0x00, 0x00, 0x00, 0x00, 0x00, 
    0x00, 0x00, 0x00, 0x00, 0x00, 0x00, 0x00, 0x00, 0x00, 0x00, 0x00, 0x00, 0x00, 0x00, 0x00, 0x00, 
    0x00, 0x00, 0x00, 0x00, 0x00, 0x00, 0x00, 0x00, 0x00, 0x00, 0x00, 0x00, 0x00, 0x00, 0x00, 0x00, 
    0x00, 0x00, 0x00, 0x00, 0x00, 0x00, 0x00, 0x00, 0x00, 0x00, 0x00, 0x00, 0x00, 0x00, 0x00, 0x00, 
    0x00, 0x00, 0x00, 0x00, 0x00, 0x00, 0x00, 0x00, 0x00, 0x00, 0x00, 0x00, 0x00, 0x00, 0x00, 0x00, 
    0x00, 0x00, 0x00, 0x00, 0x00, 0x00, 0x00, 0x00, 0x00, 0x00, 0x00, 0x00, 0x00, 0x00, 0x00, 0x00, 
    0x00, 0x00, 0x00, 0x00, 0x00, 0x00, 0x00, 0x00, 0x00, 0x00, 0x00, 0x00, 0x00, 0x00, 0x00, 0x00, 
    0x00, 0x00, 0x00, 0x00, 0x00, 0x00, 0x00, 0x00, 0x00, 0x00, 0x00, 0x00, 0x00, 0x00, 0x00, 0x00, 
    0x00, 0x00, 0x00, 0x00, 0x00, 0x00, 0x00, 0x00, 0x00, 0x00, 0x00, 0x00, 0x00, 0x00, 0x00, 0x00, 
    0x00, 0x00, 0x00, 0x00, 0x00, 0x00, 0x00, 0x00, 0x00, 0x00, 0x00, 0x00, 0x00, 0x00, 0x00, 0x00, 
    0x00, 0x00, 0x00, 0x00, 0x00, 0x00, 0x00, 0x00, 0x00, 0x00, 0x00, 0x00, 0x00, 0x00, 0x00, 0x00, 
    0x00, 0x00, 0x00, 0x00, 0x00, 0x00, 0x00, 0x00, 0x00, 0x00, 0x00, 0x00, 0x00, 0x00, 0x00, 0x00, 
    0x00, 0x00, 0x00, 0x00, 0x00, 0x00, 0x00, 0x00, 0x00, 0x00, 0x00, 0x00, 0x00, 0x00, 0x00, 0x00, 
    0x00, 0x00, 0x00, 0x00, 0x00, 0x00, 0x00, 0x00, 0x00, 0x00, 0x00, 0x00, 0x00, 0x00, 0x00, 0x00, 
    0x00, 0x00, 0x00, 0x00, 0x00, 0x00, 0x00, 0x00, 0x00, 0x00, 0x00, 0x00, 0x00, 0x00, 0x00, 0x00, 
    0x00, 0x00, 0x00, 0x00, 0x00, 0x00, 0x00, 0x00, 0x00, 0x00, 0x00, 0x00, 0x00, 0x00, 0x00, 0x00, 
    0x00, 0x00, 0x00, 0x00, 0x00, 0x00, 0x00, 0x00, 0x00, 0x00, 0x00, 0x00, 0x00, 0x00, 0x00, 0x00, 
    0x00, 0x00, 0x00, 0x00, 0x00, 0x00, 0x00, 0x00, 0x00, 0x00, 0x00, 0x00, 0x00, 0x00, 0x00, 0x00, 
    0x00, 0x00, 0x00, 0x00, 0x00, 0x00, 0x00, 0x00, 0x00, 0x00, 0x00, 0x00, 0x00, 0x00, 0x00, 0x00, 
    0x00, 0x00, 0x00, 0x00, 0x00, 0x00, 0x00, 0x00, 0x00, 0x00, 0x00, 0x00, 0x00, 0x00, 0x00, 0x00, 
    0x00, 0x00, 0x00, 0x00, 0x00, 0x00, 0x00, 0x00, 0x00, 0x00, 0x00, 0x00, 0x00, 0x00, 0x00, 0x00, 
    0x00, 0x00, 0x00, 0x00, 0x00, 0x00, 0x00, 0x00, 0x00, 0x00, 0x00, 0x00, 0x00, 0x00, 0x00, 0x00, 
    0x00, 0x00, 0x00, 0x00, 0x00, 0x00, 0x00, 0x00, 0x00, 0x00, 0x00, 0x00, 0x00, 0x00, 0x00, 0x00, 
    0x00, 0x00, 0x00, 0x00, 0x00, 0x00, 0x00, 0x00, 0x00, 0x00, 0x00, 0x00, 0x00, 0x00, 0x00, 0x00, 
    0x00, 0x00, 0x00, 0x00, 0x00, 0x00, 0x00, 0x00, 0x00, 0x00, 0x00, 0x00, 0x00, 0x00, 0x00, 0x00, 
    0x00, 0x00, 0x00, 0x00, 0x00, 0x00, 0x00, 0x00, 0x00, 0x00, 0x00, 0x00, 0x00, 0x00, 0x00, 0x00, 
    0x00, 0x00, 0x00, 0x00, 0x00, 0x00, 0x00, 0x00, 0x00, 0x00, 0x00, 0x00, 0x00, 0x00, 0x00, 0x00, 
    0x00, 0x00, 0x00, 0x00, 0x00, 0x00, 0x00, 0x00, 0x00, 0x00, 0x00, 0x00, 0x00, 0x00, 0x00, 0x00, 
    0x00, 0x00, 0x00, 0x00, 0x00, 0x00, 0x00, 0x00, 0x00, 0x00, 0x00, 0x00, 0x00, 0x00, 0x00, 0x00, 
    0x00, 0x00, 0x00, 0x00, 0x00, 0x00, 0x00, 0x00, 0x00, 0x00, 0x00, 0x00, 0x00, 0x00, 0x00, 0x00, 
    0x00, 0x00, 0x00, 0x00, 0x00, 0x00, 0x00, 0x00, 0x00, 0x00, 0x00, 0x00, 0x00, 0x00, 0x00, 0x00, 
    0x00, 0x00, 0x00, 0x00, 0x00, 0x00, 0x00, 0x00, 0x00, 0x00, 0x00, 0x00, 0x00, 0x00, 0x00, 0x00, 
    0x00, 0x00, 0x00, 0x00, 0x00, 0x00, 0x00, 0x00, 0x00, 0x00, 0x00, 0x00, 0x00, 0x00, 0x00, 0x00, 
    0x00, 0x00, 0x00, 0x00, 0x00, 0x00, 0x00, 0x00, 0x00, 0x00, 0x00, 0x00, 0x00, 0x00, 0x00, 0x00, 
    0x00, 0x00, 0x00, 0x00, 0x00, 0x00, 0x00, 0x00, 0x00, 0x00, 0x00, 0x00, 0x00, 0x00, 0x00, 0x00, 
    0x00, 0x00, 0x00, 0x00, 0x00, 0x00, 0x00, 0x00, 0x00, 0x00, 0x00, 0x00, 0x00, 0x00, 0x00, 0x00, 
    0x00, 0x00, 0x00, 0x00, 0x00, 0x00, 0x00, 0x00, 0x00, 0x00, 0x00, 0x00, 0x00, 0x00, 0x00, 0x00, 
    0x00, 0x00, 0x00, 0x00, 0x00, 0x00, 0x00, 0x00, 0x00, 0x00, 0x00, 0x00, 0x00, 0x00, 0x00, 0x00, 
    0x00, 0x00, 0x00, 0x00, 0x00, 0x00, 0x00, 0x00, 0x00, 0x00, 0x00, 0x00, 0x00, 0x00, 0x00, 0x00, 
    0x00, 0x00, 0x00, 0x00, 0x00, 0x00, 0x00, 0x00, 0x00, 0x00, 0x00, 0x00, 0x00, 0x00, 0x00, 0x00, 
    0x00, 0x00, 0x00, 0x00, 0x00, 0x00, 0x00, 0x00, 0x00, 0x00, 0x00, 0x00, 0x00, 0x00, 0x00, 0x00, 
    0x00, 0x00, 0x00, 0x00, 0x00, 0x00, 0x00, 0x00, 0x00, 0x00, 0x00, 0x00, 0x00, 0x00, 0x00, 0x00, 
    0x00, 0x00, 0x00, 0x00, 0x00, 0x00, 0x00, 0x00, 0x00, 0x00, 0x00, 0x00, 0x00, 0x00, 0x00, 0x00, 
    0x00, 0x00, 0x00, 0x00, 0x00, 0x00, 0x00, 0x00, 0x00, 0x00, 0x00, 0x00, 0x00, 0x00, 0x00, 0x00, 
    0x00, 0x00, 0x00, 0x00, 0x00, 0x00, 0x00, 0x00, 0x00, 0x00, 0x00, 0x00, 0x00, 0x00, 0x00, 0x00, 
    0x00, 0x00, 0x00, 0x00, 0x00, 0x00, 0x00, 0x00, 0x00, 0x00, 0x00, 0x00, 0x00, 0x00, 0x00, 0x00, 
    0x00, 0x00, 0x00, 0x00, 0x00, 0x00, 0x00, 0x00, 0x00, 0x00, 0x00, 0x00, 0x00, 0x00, 0x00, 0x00, 
    0x00, 0x00, 0x00, 0x00, 0x00, 0x00, 0x00, 0x00, 0x00, 0x00, 0x00, 0x00, 0x00, 0x00, 0x00, 0x00, 
    0x00, 0x00, 0x00, 0x00, 0x00, 0x00, 0x00, 0x00, 0x00, 0x00, 0x00, 0x00, 0x00, 0x00, 0x00, 0x00, 
    0x00, 0x00, 0x00, 0x00, 0x00, 0x00, 0x00, 0x00, 0x00, 0x00, 0x00, 0x00, 0x00, 0x00, 0x00, 0x00, 
    0x00, 0x00, 0x00, 0x00, 0x00, 0x00, 0x00, 0x00, 0x00, 0x00, 0x00, 0x00, 0x00, 0x00, 0x00, 0x00, 
    0x00, 0x00, 0x00, 0x00, 0x00, 0x00, 0x00, 0x00, 0x00, 0x00, 0x00, 0x00, 0x00, 0x00, 0x00, 0x00, 
    0x00, 0x00, 0x00, 0x00, 0x00, 0x00, 0x00, 0x00, 0x00, 0x00, 0x00, 0x00, 0x00, 0x00, 0x00, 0x00, 
    0x00, 0x00, 0x00, 0x00, 0x00, 0x00, 0x00, 0x00, 0x00, 0x00, 0x00, 0x00, 0x00, 0x00, 0x00, 0x00, 
    0x00, 0x00, 0x00, 0x00, 0x00, 0x00, 0x00, 0x00, 0x00, 0x00, 0x00, 0x00, 0x00, 0x00, 0x00, 0x00, 
    0x00, 0x00, 0x00, 0x00, 0x00, 0x00, 0x00, 0x00, 0x00, 0x00, 0x00, 0x00, 0x00, 0x00, 0x00, 0x00, 
    0x00, 0x00, 0x00, 0x00, 0x00, 0x00, 0x00, 0x00, 0x00, 0x00, 0x00, 0x00, 0x00, 0x00, 0x00, 0x00, 
    0x00, 0x00, 0x00, 0x00, 0x00, 0x00, 0x00, 0x00, 0x00, 0x00, 0x00, 0x00, 0x00, 0x00, 0x00, 0x00, 
    0x00, 0x00, 0x00, 0x00, 0x00, 0x00, 0x00, 0x00, 0x00, 0x00, 0x00, 0x00, 0x00, 0x00, 0x00, 0x00, 
    0x00, 0x00, 0x00, 0x00, 0x00, 0x00, 0x00, 0x00, 0x00, 0x00, 0x00, 0x00, 0x00, 0x00, 0x00, 0x00, 
    0x00, 0x00, 0x00, 0x00, 0x00, 0x00, 0x00, 0x00, 0x00, 0x00, 0x00, 0x00, 0x00, 0x00, 0x00, 0x00, 
    0x00, 0x00, 0x00, 0x00, 0x00, 0x00, 0x00, 0x00, 0x00, 0x00, 0x00, 0x00, 0x00, 0x00, 0x00, 0x00, 
    0x00, 0x00, 0x00, 0x00, 0x00, 0x00, 0x00, 0x00, 0x00, 0x00, 0x00, 0x00, 0x00, 0x00, 0x00, 0x00, 
    0x00, 0x00, 0x00, 0x00, 0x00, 0x00, 0x00, 0x00, 0x00, 0x00, 0x00, 0x00, 0x00, 0x00, 0x00, 0x00, 
    0x00, 0x00, 0x00, 0x00, 0x00, 0x00, 0x00, 0x00, 0x00, 0x00, 0x00, 0x00, 0x00, 0x00, 0x00, 0x00, 
    0x00, 0x00, 0x00, 0x00, 0x00, 0x00, 0x00, 0x00, 0x00, 0x00, 0x00, 0x00, 0x00, 0x00, 0x00, 0x00, 
    0x00, 0x00, 0x00, 0x00, 0x00, 0x00, 0x00, 0x00, 0x00, 0x00, 0x00, 0x00, 0x00, 0x00, 0x00, 0x00, 
    0x00, 0x00, 0x00, 0x00, 0x00, 0x00, 0x00, 0x00, 0x00, 0x00, 0x00, 0x00, 0x00, 0x00, 0x00, 0x00, 
    0x00, 0x00, 0x00, 0x00, 0x00, 0x00, 0x00, 0x00, 0x00, 0x00, 0x00, 0x00, 0x00, 0x00, 0x00, 0x00, 
    0x00, 0x00, 0x00, 0x00, 0x00, 0x00, 0x00, 0x00, 0x00, 0x00, 0x00, 0x00, 0x00, 0x00, 0x00, 0x00, 
    0x00, 0x00, 0x00, 0x00, 0x00, 0x00, 0x00, 0x00, 0x00, 0x00, 0x00, 0x00, 0x00, 0x00, 0x00, 0x00, 
    0x00, 0x00, 0x00, 0x00, 0x00, 0x00, 0x00, 0x00, 0x00, 0x00, 0x00, 0x00, 0x00, 0x00, 0x00, 0x00, 
    0x00, 0x00, 0x00, 0x00, 0x00, 0x00, 0x00, 0x00, 0x00, 0x00, 0x00, 0x00, 0x00, 0x00, 0x00, 0x00, 
    0x00, 0x00, 0x00, 0x00, 0x00, 0x00, 0x00, 0x00, 0x00, 0x00, 0x00, 0x00, 0x00, 0x00, 0x00, 0x00, 
    0x00, 0x00, 0x00, 0x00, 0x00, 0x00, 0x00, 0x00, 0x00, 0x00, 0x00, 0x00, 0x00, 0x00, 0x00, 0x00, 
    0x00, 0x00, 0x00, 0x00, 0x00, 0x00, 0x00, 0x00, 0x00, 0x00, 0x00, 0x00, 0x00, 0x00, 0x00, 0x00, 
    0x00, 0x00, 0x00, 0x00, 0x00, 0x00, 0x00, 0x00, 0x00, 0x00, 0x00, 0x00, 0x00, 0x00, 0x00, 0x00, 
    0x00, 0x00, 0x00, 0x00, 0x00, 0x00, 0x00, 0x00, 0x00, 0x00, 0x00, 0x00, 0x00, 0x00, 0x00, 0x00, 
    0x00, 0x00, 0x00, 0x00, 0x00, 0x00, 0x00, 0x00, 0x00, 0x00, 0x00, 0x00, 0x00, 0x00, 0x00, 0x00, 
    0x00, 0x00, 0x00, 0x00, 0x00, 0x00, 0x00, 0x00, 0x00, 0x00, 0x00, 0x00, 0x00, 0x00, 0x00, 0x00, 
    0x00, 0x00, 0x00, 0x00, 0x00, 0x00, 0x00, 0x00, 0x00, 0x00, 0x00, 0x00, 0x00, 0x00, 0x00, 0x00, 
    0x00, 0x00, 0x00, 0x00, 0x00, 0x00, 0x00, 0x00, 0x00, 0x00, 0x00, 0x00, 0x00, 0x00, 0x00, 0x00, 
    0x00, 0x00, 0x00, 0x00, 0x00, 0x00, 0x00, 0x00, 0x00, 0x00, 0x00, 0x00, 0x00, 0x00, 0x00, 0x00, 
    0x00, 0x00, 0x00, 0x00, 0x00, 0x00, 0x00, 0x00, 0x00, 0x00, 0x00, 0x00, 0x00, 0x00, 0x00, 0x00, 
    0x00, 0x00, 0x00, 0x00, 0x00, 0x00, 0x00, 0x00, 0x00, 0x00, 0x00, 0x00, 0x00, 0x00, 0x00, 0x00, 
    0x00, 0x00, 0x00, 0x00, 0x00, 0x00, 0x00, 0x00, 0x00, 0x00, 0x00, 0x00, 0x00, 0x00, 0x00, 0x00, 
    0x00, 0x00, 0x00, 0x00, 0x00, 0x00, 0x00, 0x00, 0x00, 0x00, 0x00, 0x00, 0x00, 0x00, 0x00, 0x00, 
    0x00, 0x00, 0x00, 0x00, 0x00, 0x00, 0x00, 0x00, 0x00, 0x00, 0x00, 0x00, 0x00, 0x00, 0x00, 0x00, 
    0x00, 0x00, 0x00, 0x00, 0x00, 0x00, 0x00, 0x00, 0x00, 0x00, 0x00, 0x00, 0x00, 0x00, 0x00, 0x00, 
    0x00, 0x00, 0x00, 0x00, 0x00, 0x00, 0x00, 0x00, 0x00, 0x00, 0x00, 0x00, 0x00, 0x00, 0x00, 0x00, 
    0x00, 0x00, 0x00, 0x00, 0x00, 0x00, 0x00, 0x00, 0x00, 0x00, 0x00, 0x00, 0x00, 0x00, 0x00, 0x00, 
    0x00, 0x00, 0x00, 0x00, 0x00, 0x00, 0x00, 0x00, 0x00, 0x00, 0x00, 0x00, 0x00, 0x00, 0x00, 0x00, 
    0x00, 0x00, 0x00, 0x00, 0x00, 0x00, 0x00, 0x00, 0x00, 0x00, 0x00, 0x00, 0x00, 0x00, 0x00, 0x00, 
    0x00, 0x00, 0x00, 0x00, 0x00, 0x00, 0x00, 0x00, 0x00, 0x00, 0x00, 0x00, 0x00, 0x00, 0x00, 0x00, 
    0x00, 0x00, 0x00, 0x00, 0x00, 0x00, 0x00, 0x00, 0x00, 0x00, 0x00, 0x00, 0x00, 0x00, 0x00, 0x00, 
    0x00, 0x00, 0x00, 0x00, 0x00, 0x00, 0x00, 0x00, 0x00, 0x00, 0x00, 0x00, 0x00, 0x00, 0x00, 0x00, 
    0x00, 0x00, 0x00, 0x00, 0x00, 0x00, 0x00, 0x00, 0x00, 0x00, 0x00, 0x00, 0x00, 0x00, 0x00, 0x00, 
    0x00, 0x00, 0x00, 0x00, 0x00, 0x00, 0x00, 0x00, 0x00, 0x00, 0x00, 0x00, 0x00, 0x00, 0x00, 0x00, 
    0x00, 0x00, 0x00, 0x00, 0x00, 0x00, 0x00, 0x00, 0x00, 0x00, 0x00, 0x00, 0x00, 0x00, 0x00, 0x00, 
    0x00, 0x00, 0x00, 0x00, 0x00, 0x00, 0x00, 0x00, 0x01, 0x00, 0x80, 0x07, 0x00, 0x00, 0x00, 0x00, 
    0x00, 0x00, 0x00, 0x00, 0x00, 0x00, 0x00, 0x00, 0x00, 0x00, 0x00, 0x00, 0x00, 0x00, 0x00, 0x00, 
    0x00, 0x00, 0x00, 0x00, 0x00, 0x00, 0x00, 0x00, 0x00, 0x00, 0x00, 0x00, 0x00, 0x00, 0x00, 0x00, 
    0x00, 0x00, 0x00, 0x00, 0x00, 0x00, 0x00, 0x00, 0x00, 0x00, 0x00, 0x00, 0x00, 0x00, 0x00, 0x00, 
    0x00, 0x00, 0x00, 0x00, 0x00, 0x00, 0x00, 0x00, 0x00, 0x00, 0x00, 0x00, 0x00, 0x00, 0x00, 0x00, 
    0x00, 0x00, 0x00, 0x00, 0x00, 0x00, 0x00, 0x00, 0x00, 0x00, 0x00, 0x00, 0x00, 0x00, 0x00, 0x00, 
    0x00, 0x00, 0x00, 0x00, 0x00, 0x00, 0x00, 0x00, 0x00, 0x00, 0x00, 0x00, 0x00, 0x00, 0x00, 0x00, 
    0x00, 0x00, 0x00, 0x00, 0x00, 0x00, 0x00, 0x00, 0x00, 0x00, 0x00, 0x00, 0x00, 0x00, 0x00, 0x00, 
    0x00, 0x00, 0x00, 0x00, 0x00, 0x00, 0x00, 0x00, 0x00, 0x00, 0x00, 0x00, 0x00, 0x00, 0x00, 0x00, 
    0x00, 0x00, 0x00, 0x00, 0x00, 0x00, 0x00, 0x00, 0x00, 0x00, 0x00, 0x00, 0x00, 0x00, 0x00, 0x00, 
    0x00, 0x00, 0x00, 0x00, 0x00, 0x00, 0x00, 0x00, 0x00, 0x00, 0x00, 0x00, 0x00, 0x00, 0x00, 0x00, 
    0x00, 0x00, 0x00, 0x00, 0x00, 0x00, 0x00, 0x00, 0x00, 0x00, 0x00, 0x00, 0x00, 0x00, 0x00, 0x00, 
    0x00, 0x00, 0x00, 0x00, 0x00, 0x00, 0x00, 0x00, 0x00, 0x00, 0x00, 0x00, 0x00, 0x00, 0x00, 0x00, 
    0x00, 0x00, 0x00, 0x00, 0x00, 0x00, 0x00, 0x00, 0x00, 0x00, 0x00, 0x00, 0x00, 0x00, 0x00, 0x00, 
    0x00, 0x00, 0x00, 0x00, 0x00, 0x00, 0x00, 0x00, 0x00, 0x00, 0x00, 0x00, 0x00, 0x00, 0x00, 0x00, 
    0x00, 0x00, 0x00, 0x00, 0x00, 0x00, 0x00, 0x00, 0x00, 0x00, 0x00, 0x00, 0x00, 0x00, 0x00, 0x00, 
    0x00, 0x00, 0x00, 0x00, 0x00, 0x00, 0x00, 0x00, 0x00, 0x00, 0x00, 0x00, 0x00, 0x00, 0x00, 0x00, 
    0x00, 0x00, 0x00, 0x00, 0x00, 0x00, 0x00, 0x00, 0x00, 0x00, 0x00, 0x00, 0x00, 0x00, 0x00, 0x00, 
    0x00, 0x00, 0x00, 0x00, 0x00, 0x00, 0x00, 0x00, 0x00, 0x00, 0x00, 0x00, 0x00, 0x00, 0x00, 0x00, 
    0x00, 0x00, 0x00, 0x00, 0x00, 0x00, 0x00, 0x00, 0x00, 0x00, 0x00, 0x00, 0x00, 0x00, 0x00, 0x00, 
    0x00, 0x00, 0x00, 0x00, 0x00, 0x00, 0x00, 0x00, 0x00, 0x00, 0x00, 0x00, 0x00, 0x00, 0x00, 0x00, 
    0x00, 0x00, 0x00, 0x00, 0x00, 0x00, 0x00, 0x00, 0x00, 0x00, 0x00, 0x00, 0x00, 0x00, 0x00, 0x00, 
    0x00, 0x00, 0x00, 0x00, 0x00, 0x00, 0x00, 0x00, 0x00, 0x00, 0x00, 0x00, 0x00, 0x00, 0x00, 0x00, 
    0x00, 0x00, 0x00, 0x00, 0x00, 0x00, 0x00, 0x00, 0x00, 0x00, 0x00, 0x00, 0x00, 0x00, 0x00, 0x00, 
    0x00, 0x00, 0x00, 0x00, 0x00, 0x00, 0x00, 0x00, 0x00, 0x00, 0x00, 0x00, 0x00, 0x00, 0x00, 0x00, 
    0x00, 0x00, 0x00, 0x00, 0x00, 0x00, 0x00, 0x00, 0x00, 0x00, 0x00, 0x00, 0x00, 0x00, 0x00, 0x00, 
    0x00, 0x00, 0x00, 0x00, 0x00, 0x00, 0x00, 0x00, 0x00, 0x00, 0x00, 0x00, 0x00, 0x00, 0x00, 0x00, 
    0x00, 0x00, 0x00, 0x00, 0x00, 0x00, 0x00, 0x00, 0x00, 0x00, 0x00, 0x00, 0x00, 0x00, 0x00, 0x00, 
    0x00, 0x00, 0x00, 0x00, 0x00, 0x00, 0x00, 0x00, 0x00, 0x00, 0x00, 0x00, 0x00, 0x00, 0x00, 0x00, 
    0x00, 0x00, 0x00, 0x00, 0x00, 0x00, 0x00, 0x00, 0x00, 0x00, 0x00, 0x00, 0x00, 0x00, 0x00, 0x00, 
    0x00, 0x00, 0x00, 0x00, 0x00, 0x00, 0x00, 0x00, 0x00, 0x00, 0x00, 0x00, 0x00, 0x00, 0x00, 0x00, 
    0x00, 0x00, 0x00, 0x00, 0x00, 0x00, 0x00, 0x00, 0x00, 0x00, 0x00, 0x00, 0x00, 0x00, 0x00, 0x00, 
    0x00, 0x00, 0x00, 0x00, 0x00, 0x00, 0x00, 0x00, 0x00, 0x00, 0x00, 0x00, 0x00, 0x00, 0x00, 0x00, 
    0x00, 0x00, 0x00, 0x00, 0x00, 0x00, 0x00, 0x00, 0x00, 0x00, 0x00, 0x00, 0x00, 0x00, 0x00, 0x00, 
    0x00, 0x00, 0x00, 0x00, 0x00, 0x00, 0x00, 0x00, 0x00, 0x00, 0x00, 0x00, 0x00, 0x00, 0x00, 0x00, 
    0x00, 0x00, 0x00, 0x00, 0x00, 0x00, 0x00, 0x00, 0x00, 0x00, 0x00, 0x00, 0x00, 0x00, 0x00, 0x00, 
    0x00, 0x00, 0x00, 0x00, 0x00, 0x00, 0x00, 0x00, 0x00, 0x00, 0x00, 0x00, 0x00, 0x00, 0x00, 0x00, 
    0x00, 0x00, 0x00, 0x00, 0x00, 0x00, 0x00, 0x00, 0x00, 0x00, 0x00, 0x00, 0x00, 0x00, 0x00, 0x00, 
    0x00, 0x00, 0x00, 0x00, 0x00, 0x00, 0x00, 0x00, 0x00, 0x00, 0x00, 0x00, 0x00, 0x00, 0x00, 0x00, 
    0x00, 0x00, 0x00, 0x00, 0x00, 0x00, 0x00, 0x00, 0x00, 0x00, 0x00, 0x00, 0x00, 0x00, 0x00, 0x00, 
    0x00, 0x00, 0x00, 0x00, 0x00, 0x00, 0x00, 0x00, 0x00, 0x00, 0x00, 0x00, 0x00, 0x00, 0x00, 0x00, 
    0x00, 0x00, 0x00, 0x00, 0x00, 0x00, 0x00, 0x00, 0x00, 0x00, 0x00, 0x00, 0x00, 0x00, 0x00, 0x00, 
    0x00, 0x00, 0x00, 0x00, 0x00, 0x00, 0x00, 0x00, 0x00, 0x00, 0x00, 0x00, 0x00, 0x00, 0x00, 0x00, 
    0x00, 0x00, 0x00, 0x00, 0x00, 0x00, 0x00, 0x00, 0x00, 0x00, 0x00, 0x00, 0x00, 0x00, 0x00, 0x00, 
    0x00, 0x00, 0x00, 0x00, 0x00, 0x00, 0x00, 0x00, 0x00, 0x00, 0x00, 0x00, 0x00, 0x00, 0x00, 0x00, 
    0x00, 0x00, 0x00, 0x00, 0x00, 0x00, 0x00, 0x00, 0x00, 0x00, 0x00, 0x00, 0x00, 0x00, 0x00, 0x00, 
    0x00, 0x00, 0x00, 0x00, 0x00, 0x00, 0x00, 0x00, 0x00, 0x00, 0x00, 0x00, 0x00, 0x00, 0x00, 0x00, 
    0x00, 0x00, 0x00, 0x00, 0x00, 0x00, 0x00, 0x00, 0x00, 0x00, 0x00, 0x00, 0x00, 0x00, 0x00, 0x00, 
    0x00, 0x00, 0x00, 0x00, 0x00, 0x00, 0x00, 0x00, 0x00, 0x00, 0x00, 0x00, 0x00, 0x00, 0x00, 0x00, 
    0x00, 0x00, 0x00, 0x00, 0x00, 0x00, 0x00, 0x00, 0x00, 0x00, 0x00, 0x00, 0x00, 0x00, 0x00, 0x00, 
    0x00, 0x00, 0x00, 0x00, 0x00, 0x00, 0x00, 0x00, 0x00, 0x00, 0x00, 0x00, 0x00, 0x00, 0x00, 0x00, 
    0x00, 0x00, 0x00, 0x00, 0x00, 0x00, 0x00, 0x00, 0x00, 0x00, 0x00, 0x00, 0x00, 0x00, 0x00, 0x00, 
    0x00, 0x00, 0x00, 0x00, 0x00, 0x00, 0x00, 0x00, 0x00, 0x00, 0x00, 0x00, 0x00, 0x00, 0x00, 0x00, 
    0x00, 0x00, 0x00, 0x00, 0x00, 0x00, 0x00, 0x00, 0x00, 0x00, 0x00, 0x00, 0x00, 0x00, 0x00, 0x00, 
    0x00, 0x00, 0x00, 0x00, 0x00, 0x00, 0x00, 0x00, 0x00, 0x00, 0x00, 0x00, 0x00, 0x00, 0x00, 0x00, 
    0x00, 0x00, 0x00, 0x00, 0x00, 0x00, 0x00, 0x00, 0x00, 0x00, 0x00, 0x00, 0x00, 0x00, 0x00, 0x00, 
    0x00, 0x00, 0x00, 0x00, 0x00, 0x00, 0x00, 0x00, 0x00, 0x00, 0x00, 0x00, 0x00, 0x00, 0x00, 0x00, 
    0x00, 0x00, 0x00, 0x00, 0x00, 0x00, 0x00, 0x00, 0x00, 0x00, 0x00, 0x00, 0x00, 0x00, 0x00, 0x00, 
    0x00, 0x00, 0x00, 0x00, 0x00, 0x00, 0x00, 0x00, 0x00, 0x00, 0x00, 0x00, 0x00, 0x00, 0x00, 0x00, 
    0x00, 0x00, 0x00, 0x00, 0x00, 0x00, 0x00, 0x00, 0x00, 0x00, 0x00, 0x00, 0x00, 0x00, 0x00, 0x00, 
    0x00, 0x00, 0x00, 0x00, 0x00, 0x00, 0x00, 0x00, 0x00, 0x00, 0x00, 0x00, 0x00, 0x00, 0x00, 0x00, 
    0x00, 0x00, 0x00, 0x00, 0x00, 0x00, 0x00, 0x00, 0x00, 0x00, 0x00, 0x00, 0x00, 0x00, 0x00, 0x00, 
    0x00, 0x00, 0x00, 0x00, 0x00, 0x00, 0x00, 0x00, 0x00, 0x00, 0x00, 0x00, 0x00, 0x00, 0x00, 0x00, 
    0x00, 0x00, 0x00, 0x00, 0x00, 0x00, 0x00, 0x00, 0x00, 0x00, 0x00, 0x00, 0x00, 0x00, 0x00, 0x00, 
    0x00, 0x00, 0x00, 0x00, 0x00, 0x00, 0x00, 0x00, 0x00, 0x00, 0x00, 0x00, 0x00, 0x00, 0x00, 0x00, 
    0x00, 0x00, 0x00, 0x00, 0x00, 0x00, 0x00, 0x00, 0x00, 0x00, 0x00, 0x00, 0x00, 0x00, 0x00, 0x00, 
    0x00, 0x00, 0x00, 0x00, 0x00, 0x00, 0x00, 0x00, 0x00, 0x00, 0x00, 0x00, 0x00, 0x00, 0x00, 0x00, 
    0x00, 0x00, 0x00, 0x00, 0x00, 0x00, 0x00, 0x00, 0x00, 0x00, 0x00, 0x00, 0x00, 0x00, 0x00, 0x00, 
    0x00, 0x00, 0x00, 0x00, 0x00, 0x00, 0x00, 0x00, 0x00, 0x00, 0x00, 0x00, 0x00, 0x00, 0x00, 0x00, 
    0x00, 0x00, 0x00, 0x00, 0x00, 0x00, 0x00, 0x00, 0x00, 0x00, 0x00, 0x00, 0x00, 0x00, 0x00, 0x00, 
    0x00, 0x00, 0x00, 0x00, 0x00, 0x00, 0x00, 0x00, 0x00, 0x00, 0x00, 0x00, 0x00, 0x00, 0x00, 0x00, 
    0x00, 0x00, 0x00, 0x00, 0x00, 0x00, 0x00, 0x00, 0x00, 0x00, 0x00, 0x00, 0x00, 0x00, 0x00, 0x00, 
    0x00, 0x00, 0x00, 0x00, 0x00, 0x00, 0x00, 0x00, 0x00, 0x00, 0x00, 0x00, 0x00, 0x00, 0x00, 0x00, 
    0x00, 0x00, 0x00, 0x00, 0x00, 0x00, 0x00, 0x00, 0x00, 0x00, 0x00, 0x00, 0x00, 0x00, 0x00, 0x00, 
    0x00, 0x00, 0x00, 0x00, 0x00, 0x00, 0x00, 0x00, 0x00, 0x00, 0x00, 0x00, 0x00, 0x00, 0x00, 0x00, 
    0x00, 0x00, 0x00, 0x00, 0x00, 0x00, 0x00, 0x00, 0x00, 0x00, 0x00, 0x00, 0x00, 0x00, 0x00, 0x00, 
    0x00, 0x00, 0x00, 0x00, 0x00, 0x00, 0x00, 0x00, 0x00, 0x00, 0x00, 0x00, 0x00, 0x00, 0x00, 0x00, 
    0x00, 0x00, 0x00, 0x00, 0x00, 0x00, 0x00, 0x00, 0x00, 0x00, 0x00, 0x00, 0x00, 0x00, 0x00, 0x00, 
    0x00, 0x00, 0x00, 0x00, 0x00, 0x00, 0x00, 0x00, 0x00, 0x00, 0x00, 0x00, 0x00, 0x00, 0x00, 0x00, 
    0x00, 0x00, 0x00, 0x00, 0x00, 0x00, 0x00, 0x00, 0x00, 0x00, 0x00, 0x00, 0x00, 0x00, 0x00, 0x00, 
    0x00, 0x00, 0x00, 0x00, 0x00, 0x00, 0x00, 0x00, 0x00, 0x00, 0x00, 0x00, 0x00, 0x00, 0x00, 0x00, 
    0x00, 0x00, 0x00, 0x00, 0x00, 0x00, 0x00, 0x00, 0x00, 0x00, 0x00, 0x00, 0x00, 0x00, 0x00, 0x00, 
    0x00, 0x00, 0x00, 0x00, 0x00, 0x00, 0x00, 0x00, 0x00, 0x00, 0x00, 0x00, 0x00, 0x00, 0x00, 0x00, 
    0x00, 0x00, 0x00, 0x00, 0x00, 0x00, 0x00, 0x00, 0x00, 0x00, 0x00, 0x00, 0x00, 0x00, 0x00, 0x00, 
    0x00, 0x00, 0x00, 0x00, 0x00, 0x00, 0x00, 0x00, 0x00, 0x00, 0x00, 0x00, 0x00, 0x00, 0x00, 0x00, 
    0x00, 0x00, 0x00, 0x00, 0x00, 0x00, 0x00, 0x00, 0x00, 0x00, 0x00, 0x00, 0x00, 0x00, 0x00, 0x00, 
    0x00, 0x00, 0x00, 0x00, 0x00, 0x00, 0x00, 0x00, 0x00, 0x00, 0x00, 0x00, 0x00, 0x00, 0x00, 0x00, 
    0x00, 0x00, 0x00, 0x00, 0x00, 0x00, 0x00, 0x00, 0x00, 0x00, 0x00, 0x00, 0x00, 0x00, 0x00, 0x00, 
    0x00, 0x00, 0x00, 0x00, 0x00, 0x00, 0x00, 0x00, 0x00, 0x00, 0x00, 0x00, 0x00, 0x00, 0x00, 0x00, 
    0x00, 0x00, 0x00, 0x00, 0x00, 0x00, 0x00, 0x00, 0x00, 0x00, 0x00, 0x00, 0x00, 0x00, 0x00, 0x00, 
    0x00, 0x00, 0x00, 0x00, 0x00, 0x00, 0x00, 0x00, 0x00, 0x00, 0x00, 0x00, 0x00, 0x00, 0x00, 0x00, 
    0x00, 0x00, 0x00, 0x00, 0x00, 0x00, 0x00, 0x00, 0x00, 0x00, 0x00, 0x00, 0x00, 0x00, 0x00, 0x00, 
    0x00, 0x00, 0x00, 0x00, 0x00, 0x00, 0x00, 0x00, 0x00, 0x00, 0x00, 0x00, 0x00, 0x00, 0x00, 0x00, 
    0x00, 0x00, 0x00, 0x00, 0x00, 0x00, 0x00, 0x00, 0x00, 0x00, 0x00, 0x00, 0x00, 0x00, 0x00, 0x00, 
    0x00, 0x00, 0x00, 0x00, 0x00, 0x00, 0x00, 0x00, 0x00, 0x00, 0x00, 0x00, 0x00, 0x00, 0x00, 0x00, 
    0x00, 0x00, 0x00, 0x00, 0x00, 0x00, 0x00, 0x00, 0x00, 0x00, 0x00, 0x00, 0x00, 0x00, 0x00, 0x00, 
    0x00, 0x00, 0x00, 0x00, 0x00, 0x00, 0x00, 0x00, 0x00, 0x00, 0x00, 0x00, 0x00, 0x00, 0x00, 0x00, 
    0x00, 0x00, 0x00, 0x00, 0x00, 0x00, 0x00, 0x00, 0x00, 0x00, 0x00, 0x00, 0x00, 0x00, 0x00, 0x00, 
    0x00, 0x00, 0x00, 0x00, 0x00, 0x00, 0x00, 0x00, 0x00, 0x00, 0x00, 0x00, 0x00, 0x00, 0x00, 0x00, 
    0x00, 0x00, 0x00, 0x00, 0x00, 0x00, 0x00, 0x00, 0x00, 0x00, 0x00, 0x00, 0x00, 0x00, 0x00, 0x00, 
    0x00, 0x00, 0x00, 0x00, 0x00, 0x00, 0x00, 0x00, 0x00, 0x00, 0x00, 0x00, 0x00, 0x00, 0x00, 0x00, 
    0x00, 0x00, 0x00, 0x00, 0x00, 0x00, 0x00, 0x00, 0x00, 0x00, 0x00, 0x00, 0x00, 0x00, 0x00, 0x00, 
    0x00, 0x00, 0x00, 0x00, 0x00, 0x00, 0x00, 0x00, 0x00, 0x00, 0x00, 0x00, 0x00, 0x00, 0x00, 0x00, 
    0x00, 0x00, 0x00, 0x00, 0x00, 0x00, 0x00, 0x00, 0x00, 0x00, 0x00, 0x00, 0x00, 0x00, 0x00, 0x00, 
    0x00, 0x00, 0x00, 0x00, 0x00, 0x00, 0x00, 0x00, 0x00, 0x00, 0x00, 0x00, 0x00, 0x00, 0x00, 0x00, 
    0x00, 0x00, 0x00, 0x00, 0x00, 0x00, 0x00, 0x00, 0x00, 0x00, 0x00, 0x00, 0x00, 0x00, 0x00, 0x00, 
    0x00, 0x00, 0x00, 0x00, 0x00, 0x00, 0x00, 0x00, 0x00, 0x00, 0x00, 0x00, 0x00, 0x00, 0x00, 0x00, 
    0x00, 0x00, 0x00, 0x00, 0x00, 0x00, 0x00, 0x00, 0x00, 0x00, 0x00, 0x00, 0x00, 0x00, 0x00, 0x00, 
    0x00, 0x00, 0x00, 0x00, 0x00, 0x00, 0x00, 0x00, 0x00, 0x00, 0x00, 0x00, 0x00, 0x00, 0x00, 0x00, 
    0x00, 0x00, 0x00, 0x00, 0x00, 0x00, 0x00, 0x00, 0x00, 0x00, 0x00, 0x00, 0x00, 0x00, 0x00, 0x00, 
    0x00, 0x00, 0x00, 0x00, 0x00, 0x00, 0x00, 0x00, 0x00, 0x00, 0x00, 0x00, 0x00, 0x00, 0x00, 0x00, 
    0x00, 0x00, 0x00, 0x00, 0x00, 0x00, 0x00, 0x00, 0x00, 0x00, 0x00, 0x00, 0x00, 0x00, 0x00, 0x00, 
    0x00, 0x00, 0x00, 0x00, 0x00, 0x00, 0x00, 0x00, 0x00, 0x00, 0x00, 0x00, 0x00, 0x00, 0x00, 0x00, 
    0x00, 0x00, 0x00, 0x00, 0x00, 0x00, 0x00, 0x00, 0x00, 0x00, 0x00, 0x00, 0x00, 0x00, 0x00, 0x00, 
    0x00, 0x00, 0x00, 0x00, 0x00, 0x00, 0x00, 0x00, 0x00, 0x00, 0x00, 0x00, 0x00, 0x00, 0x00, 0x00, 
    0x00, 0x00, 0x00, 0x00, 0x00, 0x00, 0x00, 0x00, 0x00, 0x00, 0x00, 0x00, 0x00, 0x00, 0x00, 0x00, 
    0x00, 0x00, 0x00, 0x00, 0x00, 0x00, 0x00, 0x00, 0x00, 0x00, 0x00, 0x00, 0x00, 0x00, 0x00, 0x00, 
    0x00, 0x00, 0x00, 0x00, 0x00, 0x00, 0x00, 0x00, 0x00, 0x00, 0x00, 0x00, 0x00, 0x00, 0x00, 0x00, 
    0x00, 0x00, 0x00, 0x00, 0x00, 0x00, 0x00, 0x00, 0x00, 0x00, 0x00, 0x00, 0x00, 0x00, 0x00, 0x00, 
    0x00, 0x00, 0x00, 0x00, 0x00, 0x00, 0x00, 0x00, 0x00, 0x00, 0x00, 0x00, 0x00, 0x00, 0x00, 0x00, 
    0x00, 0x00, 0x00, 0x00, 0x00, 0x00, 0x00, 0x00, 0x00, 0x00, 0x00, 0x00, 0x01, 0x00, 0x80, 0x07, 
    0x00, 0x00, 0x00, 0x00, 0x00, 0x00, 0x00, 0x00, 0x00, 0x00, 0x00, 0x00, 0x00, 0x00, 0x00, 0x00, 
    0x00, 0x00, 0x00, 0x00, 0x00, 0x00, 0x00, 0x00, 0x00, 0x00, 0x00, 0x00, 0x00, 0x00, 0x00, 0x00, 
    0x00, 0x00, 0x00, 0x00, 0x00, 0x00, 0x00, 0x00, 0x00, 0x00, 0x00, 0x00, 0x00, 0x00, 0x00, 0x00, 
    0x00, 0x00, 0x00, 0x00, 0x00, 0x00, 0x00, 0x00, 0x00, 0x00, 0x00, 0x00, 0x00, 0x00, 0x00, 0x00, 
    0x00, 0x00, 0x00, 0x00, 0x00, 0x00, 0x00, 0x00, 0x00, 0x00, 0x00, 0x00, 0x00, 0x00, 0x00, 0x00, 
    0x00, 0x00, 0x00, 0x00, 0x00, 0x00, 0x00, 0x00, 0x00, 0x00, 0x00, 0x00, 0x00, 0x00, 0x00, 0x00, 
    0x00, 0x00, 0x00, 0x00, 0x00, 0x00, 0x00, 0x00, 0x00, 0x00, 0x00, 0x00, 0x00, 0x00, 0x00, 0x00, 
    0x00, 0x00, 0x00, 0x00, 0x00, 0x00, 0x00, 0x00, 0x00, 0x00, 0x00, 0x00, 0x00, 0x00, 0x00, 0x00, 
    0x00, 0x00, 0x00, 0x00, 0x00, 0x00, 0x00, 0x00, 0x00, 0x00, 0x00, 0x00, 0x00, 0x00, 0x00, 0x00, 
    0x00, 0x00, 0x00, 0x00, 0x00, 0x00, 0x00, 0x00, 0x00, 0x00, 0x00, 0x00, 0x00, 0x00, 0x00, 0x00, 
    0x00, 0x00, 0x00, 0x00, 0x00, 0x00, 0x00, 0x00, 0x00, 0x00, 0x00, 0x00, 0x00, 0x00, 0x00, 0x00, 
    0x00, 0x00, 0x00, 0x00, 0x00, 0x00, 0x00, 0x00, 0x00, 0x00, 0x00, 0x00, 0x00, 0x00, 0x00, 0x00, 
    0x00, 0x00, 0x00, 0x00, 0x00, 0x00, 0x00, 0x00, 0x00, 0x00, 0x00, 0x00, 0x00, 0x00, 0x00, 0x00, 
    0x00, 0x00, 0x00, 0x00, 0x00, 0x00, 0x00, 0x00, 0x00, 0x00, 0x00, 0x00, 0x00, 0x00, 0x00, 0x00, 
    0x00, 0x00, 0x00, 0x00, 0x00, 0x00, 0x00, 0x00, 0x00, 0x00, 0x00, 0x00, 0x00, 0x00, 0x00, 0x00, 
    0x00, 0x00, 0x00, 0x00, 0x00, 0x00, 0x00, 0x00, 0x00, 0x00, 0x00, 0x00, 0x00, 0x00, 0x00, 0x00, 
    0x00, 0x00, 0x00, 0x00, 0x00, 0x00, 0x00, 0x00, 0x00, 0x00, 0x00, 0x00, 0x00, 0x00, 0x00, 0x00, 
    0x00, 0x00, 0x00, 0x00, 0x00, 0x00, 0x00, 0x00, 0x00, 0x00, 0x00, 0x00, 0x00, 0x00, 0x00, 0x00, 
    0x00, 0x00, 0x00, 0x00, 0x00, 0x00, 0x00, 0x00, 0x00, 0x00, 0x00, 0x00, 0x00, 0x00, 0x00, 0x00, 
    0x00, 0x00, 0x00, 0x00, 0x00, 0x00, 0x00, 0x00, 0x00, 0x00, 0x00, 0x00, 0x00, 0x00, 0x00, 0x00, 
    0x00, 0x00, 0x00, 0x00, 0x00, 0x00, 0x00, 0x00, 0x00, 0x00, 0x00, 0x00, 0x00, 0x00, 0x00, 0x00, 
    0x00, 0x00, 0x00, 0x00, 0x00, 0x00, 0x00, 0x00, 0x00, 0x00, 0x00, 0x00, 0x00, 0x00, 0x00, 0x00, 
    0x00, 0x00, 0x00, 0x00, 0x00, 0x00, 0x00, 0x00, 0x00, 0x00, 0x00, 0x00, 0x00, 0x00, 0x00, 0x00, 
    0x00, 0x00, 0x00, 0x00, 0x00, 0x00, 0x00, 0x00, 0x00, 0x00, 0x00, 0x00, 0x00, 0x00, 0x00, 0x00, 
    0x00, 0x00, 0x00, 0x00, 0x00, 0x00, 0x00, 0x00, 0x00, 0x00, 0x00, 0x00, 0x00, 0x00, 0x00, 0x00, 
    0x00, 0x00, 0x00, 0x00, 0x00, 0x00, 0x00, 0x00, 0x00, 0x00, 0x00, 0x00, 0x00, 0x00, 0x00, 0x00, 
    0x00, 0x00, 0x00, 0x00, 0x00, 0x00, 0x00, 0x00, 0x00, 0x00, 0x00, 0x00, 0x00, 0x00, 0x00, 0x00, 
    0x00, 0x00, 0x00, 0x00, 0x00, 0x00, 0x00, 0x00, 0x00, 0x00, 0x00, 0x00, 0x00, 0x00, 0x00, 0x00, 
    0x00, 0x00, 0x00, 0x00, 0x00, 0x00, 0x00, 0x00, 0x00, 0x00, 0x00, 0x00, 0x00, 0x00, 0x00, 0x00, 
    0x00, 0x00, 0x00, 0x00, 0x00, 0x00, 0x00, 0x00, 0x00, 0x00, 0x00, 0x00, 0x00, 0x00, 0x00, 0x00, 
    0x00, 0x00, 0x00, 0x00, 0x00, 0x00, 0x00, 0x00, 0x00, 0x00, 0x00, 0x00, 0x00, 0x00, 0x00, 0x00, 
    0x00, 0x00, 0x00, 0x00, 0x00, 0x00, 0x00, 0x00, 0x00, 0x00, 0x00, 0x00, 0x00, 0x00, 0x00, 0x00, 
    0x00, 0x00, 0x00, 0x00, 0x00, 0x00, 0x00, 0x00, 0x00, 0x00, 0x00, 0x00, 0x00, 0x00, 0x00, 0x00, 
    0x00, 0x00, 0x00, 0x00, 0x00, 0x00, 0x00, 0x00, 0x00, 0x00, 0x00, 0x00, 0x00, 0x00, 0x00, 0x00, 
    0x00, 0x00, 0x00, 0x00, 0x00, 0x00, 0x00, 0x00, 0x00, 0x00, 0x00, 0x00, 0x00, 0x00, 0x00, 0x00, 
    0x00, 0x00, 0x00, 0x00, 0x00, 0x00, 0x00, 0x00, 0x00, 0x00, 0x00, 0x00, 0x00, 0x00, 0x00, 0x00, 
    0x00, 0x00, 0x00, 0x00, 0x00, 0x00, 0x00, 0x00, 0x00, 0x00, 0x00, 0x00, 0x00, 0x00, 0x00, 0x00, 
    0x00, 0x00, 0x00, 0x00, 0x00, 0x00, 0x00, 0x00, 0x00, 0x00, 0x00, 0x00, 0x00, 0x00, 0x00, 0x00, 
    0x00, 0x00, 0x00, 0x00, 0x00, 0x00, 0x00, 0x00, 0x00, 0x00, 0x00, 0x00, 0x00, 0x00, 0x00, 0x00, 
    0x00, 0x00, 0x00, 0x00, 0x00, 0x00, 0x00, 0x00, 0x00, 0x00, 0x00, 0x00, 0x00, 0x00, 0x00, 0x00, 
    0x00, 0x00, 0x00, 0x00, 0x00, 0x00, 0x00, 0x00, 0x00, 0x00, 0x00, 0x00, 0x00, 0x00, 0x00, 0x00, 
    0x00, 0x00, 0x00, 0x00, 0x00, 0x00, 0x00, 0x00, 0x00, 0x00, 0x00, 0x00, 0x00, 0x00, 0x00, 0x00, 
    0x00, 0x00, 0x00, 0x00, 0x00, 0x00, 0x00, 0x00, 0x00, 0x00, 0x00, 0x00, 0x00, 0x00, 0x00, 0x00, 
    0x00, 0x00, 0x00, 0x00, 0x00, 0x00, 0x00, 0x00, 0x00, 0x00, 0x00, 0x00, 0x00, 0x00, 0x00, 0x00, 
    0x00, 0x00, 0x00, 0x00, 0x00, 0x00, 0x00, 0x00, 0x00, 0x00, 0x00, 0x00, 0x00, 0x00, 0x00, 0x00, 
    0x00, 0x00, 0x00, 0x00, 0x00, 0x00, 0x00, 0x00, 0x00, 0x00, 0x00, 0x00, 0x00, 0x00, 0x00, 0x00, 
    0x00, 0x00, 0x00, 0x00, 0x00, 0x00, 0x00, 0x00, 0x00, 0x00, 0x00, 0x00, 0x00, 0x00, 0x00, 0x00, 
    0x00, 0x00, 0x00, 0x00, 0x00, 0x00, 0x00, 0x00, 0x00, 0x00, 0x00, 0x00, 0x00, 0x00, 0x00, 0x00, 
    0x00, 0x00, 0x00, 0x00, 0x00, 0x00, 0x00, 0x00, 0x00, 0x00, 0x00, 0x00, 0x00, 0x00, 0x00, 0x00, 
    0x00, 0x00, 0x00, 0x00, 0x00, 0x00, 0x00, 0x00, 0x00, 0x00, 0x00, 0x00, 0x00, 0x00, 0x00, 0x00, 
    0x00, 0x00, 0x00, 0x00, 0x00, 0x00, 0x00, 0x00, 0x00, 0x00, 0x00, 0x00, 0x00, 0x00, 0x00, 0x00, 
    0x00, 0x00, 0x00, 0x00, 0x00, 0x00, 0x00, 0x00, 0x00, 0x00, 0x00, 0x00, 0x00, 0x00, 0x00, 0x00, 
    0x00, 0x00, 0x00, 0x00, 0x00, 0x00, 0x00, 0x00, 0x00, 0x00, 0x00, 0x00, 0x00, 0x00, 0x00, 0x00, 
    0x00, 0x00, 0x00, 0x00, 0x00, 0x00, 0x00, 0x00, 0x00, 0x00, 0x00, 0x00, 0x00, 0x00, 0x00, 0x00, 
    0x00, 0x00, 0x00, 0x00, 0x00, 0x00, 0x00, 0x00, 0x00, 0x00, 0x00, 0x00, 0x00, 0x00, 0x00, 0x00, 
    0x00, 0x00, 0x00, 0x00, 0x00, 0x00, 0x00, 0x00, 0x00, 0x00, 0x00, 0x00, 0x00, 0x00, 0x00, 0x00, 
    0x00, 0x00, 0x00, 0x00, 0x00, 0x00, 0x00, 0x00, 0x00, 0x00, 0x00, 0x00, 0x00, 0x00, 0x00, 0x00, 
    0x00, 0x00, 0x00, 0x00, 0x00, 0x00, 0x00, 0x00, 0x00, 0x00, 0x00, 0x00, 0x00, 0x00, 0x00, 0x00, 
    0x00, 0x00, 0x00, 0x00, 0x00, 0x00, 0x00, 0x00, 0x00, 0x00, 0x00, 0x00, 0x00, 0x00, 0x00, 0x00, 
    0x00, 0x00, 0x00, 0x00, 0x00, 0x00, 0x00, 0x00, 0x00, 0x00, 0x00, 0x00, 0x00, 0x00, 0x00, 0x00, 
    0x00, 0x00, 0x00, 0x00, 0x00, 0x00, 0x00, 0x00, 0x00, 0x00, 0x00, 0x00, 0x00, 0x00, 0x00, 0x00, 
    0x00, 0x00, 0x00, 0x00, 0x00, 0x00, 0x00, 0x00, 0x00, 0x00, 0x00, 0x00, 0x00, 0x00, 0x00, 0x00, 
    0x00, 0x00, 0x00, 0x00, 0x00, 0x00, 0x00, 0x00, 0x00, 0x00, 0x00, 0x00, 0x00, 0x00, 0x00, 0x00, 
    0x00, 0x00, 0x00, 0x00, 0x00, 0x00, 0x00, 0x00, 0x00, 0x00, 0x00, 0x00, 0x00, 0x00, 0x00, 0x00, 
    0x00, 0x00, 0x00, 0x00, 0x00, 0x00, 0x00, 0x00, 0x00, 0x00, 0x00, 0x00, 0x00, 0x00, 0x00, 0x00, 
    0x00, 0x00, 0x00, 0x00, 0x00, 0x00, 0x00, 0x00, 0x00, 0x00, 0x00, 0x00, 0x00, 0x00, 0x00, 0x00, 
    0x00, 0x00, 0x00, 0x00, 0x00, 0x00, 0x00, 0x00, 0x00, 0x00, 0x00, 0x00, 0x00, 0x00, 0x00, 0x00, 
    0x00, 0x00, 0x00, 0x00, 0x00, 0x00, 0x00, 0x00, 0x00, 0x00, 0x00, 0x00, 0x00, 0x00, 0x00, 0x00, 
    0x00, 0x00, 0x00, 0x00, 0x00, 0x00, 0x00, 0x00, 0x00, 0x00, 0x00, 0x00, 0x00, 0x00, 0x00, 0x00, 
    0x00, 0x00, 0x00, 0x00, 0x00, 0x00, 0x00, 0x00, 0x00, 0x00, 0x00, 0x00, 0x00, 0x00, 0x00, 0x00, 
    0x00, 0x00, 0x00, 0x00, 0x00, 0x00, 0x00, 0x00, 0x00, 0x00, 0x00, 0x00, 0x00, 0x00, 0x00, 0x00, 
    0x00, 0x00, 0x00, 0x00, 0x00, 0x00, 0x00, 0x00, 0x00, 0x00, 0x00, 0x00, 0x00, 0x00, 0x00, 0x00, 
    0x00, 0x00, 0x00, 0x00, 0x00, 0x00, 0x00, 0x00, 0x00, 0x00, 0x00, 0x00, 0x00, 0x00, 0x00, 0x00, 
    0x00, 0x00, 0x00, 0x00, 0x00, 0x00, 0x00, 0x00, 0x00, 0x00, 0x00, 0x00, 0x00, 0x00, 0x00, 0x00, 
    0x00, 0x00, 0x00, 0x00, 0x00, 0x00, 0x00, 0x00, 0x00, 0x00, 0x00, 0x00, 0x00, 0x00, 0x00, 0x00, 
    0x00, 0x00, 0x00, 0x00, 0x00, 0x00, 0x00, 0x00, 0x00, 0x00, 0x00, 0x00, 0x00, 0x00, 0x00, 0x00, 
    0x00, 0x00, 0x00, 0x00, 0x00, 0x00, 0x00, 0x00, 0x00, 0x00, 0x00, 0x00, 0x00, 0x00, 0x00, 0x00, 
    0x00, 0x00, 0x00, 0x00, 0x00, 0x00, 0x00, 0x00, 0x00, 0x00, 0x00, 0x00, 0x00, 0x00, 0x00, 0x00, 
    0x00, 0x00, 0x00, 0x00, 0x00, 0x00, 0x00, 0x00, 0x00, 0x00, 0x00, 0x00, 0x00, 0x00, 0x00, 0x00, 
    0x00, 0x00, 0x00, 0x00, 0x00, 0x00, 0x00, 0x00, 0x00, 0x00, 0x00, 0x00, 0x00, 0x00, 0x00, 0x00, 
    0x00, 0x00, 0x00, 0x00, 0x00, 0x00, 0x00, 0x00, 0x00, 0x00, 0x00, 0x00, 0x00, 0x00, 0x00, 0x00, 
    0x00, 0x00, 0x00, 0x00, 0x00, 0x00, 0x00, 0x00, 0x00, 0x00, 0x00, 0x00, 0x00, 0x00, 0x00, 0x00, 
    0x00, 0x00, 0x00, 0x00, 0x00, 0x00, 0x00, 0x00, 0x00, 0x00, 0x00, 0x00, 0x00, 0x00, 0x00, 0x00, 
    0x00, 0x00, 0x00, 0x00, 0x00, 0x00, 0x00, 0x00, 0x00, 0x00, 0x00, 0x00, 0x00, 0x00, 0x00, 0x00, 
    0x00, 0x00, 0x00, 0x00, 0x00, 0x00, 0x00, 0x00, 0x00, 0x00, 0x00, 0x00, 0x00, 0x00, 0x00, 0x00, 
    0x00, 0x00, 0x00, 0x00, 0x00, 0x00, 0x00, 0x00, 0x00, 0x00, 0x00, 0x00, 0x00, 0x00, 0x00, 0x00, 
    0x00, 0x00, 0x00, 0x00, 0x00, 0x00, 0x00, 0x00, 0x00, 0x00, 0x00, 0x00, 0x00, 0x00, 0x00, 0x00, 
    0x00, 0x00, 0x00, 0x00, 0x00, 0x00, 0x00, 0x00, 0x00, 0x00, 0x00, 0x00, 0x00, 0x00, 0x00, 0x00, 
    0x00, 0x00, 0x00, 0x00, 0x00, 0x00, 0x00, 0x00, 0x00, 0x00, 0x00, 0x00, 0x00, 0x00, 0x00, 0x00, 
    0x00, 0x00, 0x00, 0x00, 0x00, 0x00, 0x00, 0x00, 0x00, 0x00, 0x00, 0x00, 0x00, 0x00, 0x00, 0x00, 
    0x00, 0x00, 0x00, 0x00, 0x00, 0x00, 0x00, 0x00, 0x00, 0x00, 0x00, 0x00, 0x00, 0x00, 0x00, 0x00, 
    0x00, 0x00, 0x00, 0x00, 0x00, 0x00, 0x00, 0x00, 0x00, 0x00, 0x00, 0x00, 0x00, 0x00, 0x00, 0x00, 
    0x00, 0x00, 0x00, 0x00, 0x00, 0x00, 0x00, 0x00, 0x00, 0x00, 0x00, 0x00, 0x00, 0x00, 0x00, 0x00, 
    0x00, 0x00, 0x00, 0x00, 0x00, 0x00, 0x00, 0x00, 0x00, 0x00, 0x00, 0x00, 0x00, 0x00, 0x00, 0x00, 
    0x00, 0x00, 0x00, 0x00, 0x00, 0x00, 0x00, 0x00, 0x00, 0x00, 0x00, 0x00, 0x00, 0x00, 0x00, 0x00, 
    0x00, 0x00, 0x00, 0x00, 0x00, 0x00, 0x00, 0x00, 0x00, 0x00, 0x00, 0x00, 0x00, 0x00, 0x00, 0x00, 
    0x00, 0x00, 0x00, 0x00, 0x00, 0x00, 0x00, 0x00, 0x00, 0x00, 0x00, 0x00, 0x00, 0x00, 0x00, 0x00, 
    0x00, 0x00, 0x00, 0x00, 0x00, 0x00, 0x00, 0x00, 0x00, 0x00, 0x00, 0x00, 0x00, 0x00, 0x00, 0x00, 
    0x00, 0x00, 0x00, 0x00, 0x00, 0x00, 0x00, 0x00, 0x00, 0x00, 0x00, 0x00, 0x00, 0x00, 0x00, 0x00, 
    0x00, 0x00, 0x00, 0x00, 0x00, 0x00, 0x00, 0x00, 0x00, 0x00, 0x00, 0x00, 0x00, 0x00, 0x00, 0x00, 
    0x00, 0x00, 0x00, 0x00, 0x00, 0x00, 0x00, 0x00, 0x00, 0x00, 0x00, 0x00, 0x00, 0x00, 0x00, 0x00, 
    0x00, 0x00, 0x00, 0x00, 0x00, 0x00, 0x00, 0x00, 0x00, 0x00, 0x00, 0x00, 0x00, 0x00, 0x00, 0x00, 
    0x00, 0x00, 0x00, 0x00, 0x00, 0x00, 0x00, 0x00, 0x00, 0x00, 0x00, 0x00, 0x00, 0x00, 0x00, 0x00, 
    0x00, 0x00, 0x00, 0x00, 0x00, 0x00, 0x00, 0x00, 0x00, 0x00, 0x00, 0x00, 0x00, 0x00, 0x00, 0x00, 
    0x00, 0x00, 0x00, 0x00, 0x00, 0x00, 0x00, 0x00, 0x00, 0x00, 0x00, 0x00, 0x00, 0x00, 0x00, 0x00, 
    0x00, 0x00, 0x00, 0x00, 0x00, 0x00, 0x00, 0x00, 0x00, 0x00, 0x00, 0x00, 0x00, 0x00, 0x00, 0x00, 
    0x00, 0x00, 0x00, 0x00, 0x00, 0x00, 0x00, 0x00, 0x00, 0x00, 0x00, 0x00, 0x00, 0x00, 0x00, 0x00, 
    0x00, 0x00, 0x00, 0x00, 0x00, 0x00, 0x00, 0x00, 0x00, 0x00, 0x00, 0x00, 0x00, 0x00, 0x00, 0x00, 
    0x00, 0x00, 0x00, 0x00, 0x00, 0x00, 0x00, 0x00, 0x00, 0x00, 0x00, 0x00, 0x00, 0x00, 0x00, 0x00, 
    0x00, 0x00, 0x00, 0x00, 0x00, 0x00, 0x00, 0x00, 0x00, 0x00, 0x00, 0x00, 0x00, 0x00, 0x00, 0x00, 
    0x00, 0x00, 0x00, 0x00, 0x00, 0x00, 0x00, 0x00, 0x00, 0x00, 0x00, 0x00, 0x00, 0x00, 0x00, 0x00, 
    0x00, 0x00, 0x00, 0x00, 0x00, 0x00, 0x00, 0x00, 0x00, 0x00, 0x00, 0x00, 0x00, 0x00, 0x00, 0x00, 
    0x00, 0x00, 0x00, 0x00, 0x00, 0x00, 0x00, 0x00, 0x00, 0x00, 0x00, 0x00, 0x00, 0x00, 0x00, 0x00, 
    0x00, 0x00, 0x00, 0x00, 0x00, 0x00, 0x00, 0x00, 0x00, 0x00, 0x00, 0x00, 0x00, 0x00, 0x00, 0x00, 
    0x00, 0x00, 0x00, 0x00, 0x00, 0x00, 0x00, 0x00, 0x00, 0x00, 0x00, 0x00, 0x00, 0x00, 0x00, 0x00, 
    0x00, 0x00, 0x00, 0x00, 0x00, 0x00, 0x00, 0x00, 0x00, 0x00, 0x00, 0x00, 0x00, 0x00, 0x00, 0x00, 
    0x00, 0x00, 0x00, 0x00, 0x00, 0x00, 0x00, 0x00, 0x00, 0x00, 0x00, 0x00, 0x00, 0x00, 0x00, 0x00, 
    0x00, 0x00, 0x00, 0x00, 0x00, 0x00, 0x00, 0x00, 0x00, 0x00, 0x00, 0x00, 0x00, 0x00, 0x00, 0x00, 
    0x00, 0x00, 0x00, 0x00, 0x00, 0x00, 0x00, 0x00, 0x00, 0x00, 0x00, 0x00, 0x00, 0x00, 0x00, 0x00, 
    0x00, 0x00, 0x00, 0x00, 0x00, 0x00, 0x00, 0x00, 0x00, 0x00, 0x00, 0x00, 0x00, 0x00, 0x00, 0x00, 
    0x01, 0x00, 0x80, 0x07, 0x00, 0x00, 0x00, 0x00, 0x00, 0x00, 0x00, 0x00, 0x00, 0x00, 0x00, 0x00, 
    0x00, 0x00, 0x00, 0x00, 0x00, 0x00, 0x00, 0x00, 0x00, 0x00, 0x00, 0x00, 0x00, 0x00, 0x00, 0x00, 
    0x00, 0x00, 0x00, 0x00, 0x00, 0x00, 0x00, 0x00, 0x00, 0x00, 0x00, 0x00, 0x00, 0x00, 0x00, 0x00, 
    0x00, 0x00, 0x00, 0x00, 0x00, 0x00, 0x00, 0x00, 0x00, 0x00, 0x00, 0x00, 0x00, 0x00, 0x00, 0x00, 
    0x00, 0x00, 0x00, 0x00, 0x00, 0x00, 0x00, 0x00, 0x00, 0x00, 0x00, 0x00, 0x00, 0x00, 0x00, 0x00, 
    0x00, 0x00, 0x00, 0x00, 0x00, 0x00, 0x00, 0x00, 0x00, 0x00, 0x00, 0x00, 0x00, 0x00, 0x00, 0x00, 
    0x00, 0x00, 0x00, 0x00, 0x00, 0x00, 0x00, 0x00, 0x00, 0x00, 0x00, 0x00, 0x00, 0x00, 0x00, 0x00, 
    0x00, 0x00, 0x00, 0x00, 0x00, 0x00, 0x00, 0x00, 0x00, 0x00, 0x00, 0x00, 0x00, 0x00, 0x00, 0x00, 
    0x00, 0x00, 0x00, 0x00, 0x00, 0x00, 0x00, 0x00, 0x00, 0x00, 0x00, 0x00, 0x00, 0x00, 0x00, 0x00, 
    0x00, 0x00, 0x00, 0x00, 0x00, 0x00, 0x00, 0x00, 0x00, 0x00, 0x00, 0x00, 0x00, 0x00, 0x00, 0x00, 
    0x00, 0x00, 0x00, 0x00, 0x00, 0x00, 0x00, 0x00, 0x00, 0x00, 0x00, 0x00, 0x00, 0x00, 0x00, 0x00, 
    0x00, 0x00, 0x00, 0x00, 0x00, 0x00, 0x00, 0x00, 0x00, 0x00, 0x00, 0x00, 0x00, 0x00, 0x00, 0x00, 
    0x00, 0x00, 0x00, 0x00, 0x00, 0x00, 0x00, 0x00, 0x00, 0x00, 0x00, 0x00, 0x00, 0x00, 0x00, 0x00, 
    0x00, 0x00, 0x00, 0x00, 0x00, 0x00, 0x00, 0x00, 0x00, 0x00, 0x00, 0x00, 0x00, 0x00, 0x00, 0x00, 
    0x00, 0x00, 0x00, 0x00, 0x00, 0x00, 0x00, 0x00, 0x00, 0x00, 0x00, 0x00, 0x00, 0x00, 0x00, 0x00, 
    0x00, 0x00, 0x00, 0x00, 0x00, 0x00, 0x00, 0x00, 0x00, 0x00, 0x00, 0x00, 0x00, 0x00, 0x00, 0x00, 
    0x00, 0x00, 0x00, 0x00, 0x00, 0x00, 0x00, 0x00, 0x00, 0x00, 0x00, 0x00, 0x00, 0x00, 0x00, 0x00, 
    0x00, 0x00, 0x00, 0x00, 0x00, 0x00, 0x00, 0x00, 0x00, 0x00, 0x00, 0x00, 0x00, 0x00, 0x00, 0x00, 
    0x00, 0x00, 0x00, 0x00, 0x00, 0x00, 0x00, 0x00, 0x00, 0x00, 0x00, 0x00, 0x00, 0x00, 0x00, 0x00, 
    0x00, 0x00, 0x00, 0x00, 0x00, 0x00, 0x00, 0x00, 0x00, 0x00, 0x00, 0x00, 0x00, 0x00, 0x00, 0x00, 
    0x00, 0x00, 0x00, 0x00, 0x00, 0x00, 0x00, 0x00, 0x00, 0x00, 0x00, 0x00, 0x00, 0x00, 0x00, 0x00, 
    0x00, 0x00, 0x00, 0x00, 0x00, 0x00, 0x00, 0x00, 0x00, 0x00, 0x00, 0x00, 0x00, 0x00, 0x00, 0x00, 
    0x00, 0x00, 0x00, 0x00, 0x00, 0x00, 0x00, 0x00, 0x00, 0x00, 0x00, 0x00, 0x00, 0x00, 0x00, 0x00, 
    0x00, 0x00, 0x00, 0x00, 0x00, 0x00, 0x00, 0x00, 0x00, 0x00, 0x00, 0x00, 0x00, 0x00, 0x00, 0x00, 
    0x00, 0x00, 0x00, 0x00, 0x00, 0x00, 0x00, 0x00, 0x00, 0x00, 0x00, 0x00, 0x00, 0x00, 0x00, 0x00, 
    0x00, 0x00, 0x00, 0x00, 0x00, 0x00, 0x00, 0x00, 0x00, 0x00, 0x00, 0x00, 0x00, 0x00, 0x00, 0x00, 
    0x00, 0x00, 0x00, 0x00, 0x00, 0x00, 0x00, 0x00, 0x00, 0x00, 0x00, 0x00, 0x00, 0x00, 0x00, 0x00, 
    0x00, 0x00, 0x00, 0x00, 0x00, 0x00, 0x00, 0x00, 0x00, 0x00, 0x00, 0x00, 0x00, 0x00, 0x00, 0x00, 
    0x00, 0x00, 0x00, 0x00, 0x00, 0x00, 0x00, 0x00, 0x00, 0x00, 0x00, 0x00, 0x00, 0x00, 0x00, 0x00, 
    0x00, 0x00, 0x00, 0x00, 0x00, 0x00, 0x00, 0x00, 0x00, 0x00, 0x00, 0x00, 0x00, 0x00, 0x00, 0x00, 
    0x00, 0x00, 0x00, 0x00, 0x00, 0x00, 0x00, 0x00, 0x00, 0x00, 0x00, 0x00, 0x00, 0x00, 0x00, 0x00, 
    0x00, 0x00, 0x00, 0x00, 0x00, 0x00, 0x00, 0x00, 0x00, 0x00, 0x00, 0x00, 0x00, 0x00, 0x00, 0x00, 
    0x00, 0x00, 0x00, 0x00, 0x00, 0x00, 0x00, 0x00, 0x00, 0x00, 0x00, 0x00, 0x00, 0x00, 0x00, 0x00, 
    0x00, 0x00, 0x00, 0x00, 0x00, 0x00, 0x00, 0x00, 0x00, 0x00, 0x00, 0x00, 0x00, 0x00, 0x00, 0x00, 
    0x00, 0x00, 0x00, 0x00, 0x00, 0x00, 0x00, 0x00, 0x00, 0x00, 0x00, 0x00, 0x00, 0x00, 0x00, 0x00, 
    0x00, 0x00, 0x00, 0x00, 0x00, 0x00, 0x00, 0x00, 0x00, 0x00, 0x00, 0x00, 0x00, 0x00, 0x00, 0x00, 
    0x00, 0x00, 0x00, 0x00, 0x00, 0x00, 0x00, 0x00, 0x00, 0x00, 0x00, 0x00, 0x00, 0x00, 0x00, 0x00, 
    0x00, 0x00, 0x00, 0x00, 0x00, 0x00, 0x00, 0x00, 0x00, 0x00, 0x00, 0x00, 0x00, 0x00, 0x00, 0x00, 
    0x00, 0x00, 0x00, 0x00, 0x00, 0x00, 0x00, 0x00, 0x00, 0x00, 0x00, 0x00, 0x00, 0x00, 0x00, 0x00, 
    0x00, 0x00, 0x00, 0x00, 0x00, 0x00, 0x00, 0x00, 0x00, 0x00, 0x00, 0x00, 0x00, 0x00, 0x00, 0x00, 
    0x00, 0x00, 0x00, 0x00, 0x00, 0x00, 0x00, 0x00, 0x00, 0x00, 0x00, 0x00, 0x00, 0x00, 0x00, 0x00, 
    0x00, 0x00, 0x00, 0x00, 0x00, 0x00, 0x00, 0x00, 0x00, 0x00, 0x00, 0x00, 0x00, 0x00, 0x00, 0x00, 
    0x00, 0x00, 0x00, 0x00, 0x00, 0x00, 0x00, 0x00, 0x00, 0x00, 0x00, 0x00, 0x00, 0x00, 0x00, 0x00, 
    0x00, 0x00, 0x00, 0x00, 0x00, 0x00, 0x00, 0x00, 0x00, 0x00, 0x00, 0x00, 0x00, 0x00, 0x00, 0x00, 
    0x00, 0x00, 0x00, 0x00, 0x00, 0x00, 0x00, 0x00, 0x00, 0x00, 0x00, 0x00, 0x00, 0x00, 0x00, 0x00, 
    0x00, 0x00, 0x00, 0x00, 0x00, 0x00, 0x00, 0x00, 0x00, 0x00, 0x00, 0x00, 0x00, 0x00, 0x00, 0x00, 
    0x00, 0x00, 0x00, 0x00, 0x00, 0x00, 0x00, 0x00, 0x00, 0x00, 0x00, 0x00, 0x00, 0x00, 0x00, 0x00, 
    0x00, 0x00, 0x00, 0x00, 0x00, 0x00, 0x00, 0x00, 0x00, 0x00, 0x00, 0x00, 0x00, 0x00, 0x00, 0x00, 
    0x00, 0x00, 0x00, 0x00, 0x00, 0x00, 0x00, 0x00, 0x00, 0x00, 0x00, 0x00, 0x00, 0x00, 0x00, 0x00, 
    0x00, 0x00, 0x00, 0x00, 0x00, 0x00, 0x00, 0x00, 0x00, 0x00, 0x00, 0x00, 0x00, 0x00, 0x00, 0x00, 
    0x00, 0x00, 0x00, 0x00, 0x00, 0x00, 0x00, 0x00, 0x00, 0x00, 0x00, 0x00, 0x00, 0x00, 0x00, 0x00, 
    0x00, 0x00, 0x00, 0x00, 0x00, 0x00, 0x00, 0x00, 0x00, 0x00, 0x00, 0x00, 0x00, 0x00, 0x00, 0x00, 
    0x00, 0x00, 0x00, 0x00, 0x00, 0x00, 0x00, 0x00, 0x00, 0x00, 0x00, 0x00, 0x00, 0x00, 0x00, 0x00, 
    0x00, 0x00, 0x00, 0x00, 0x00, 0x00, 0x00, 0x00, 0x00, 0x00, 0x00, 0x00, 0x00, 0x00, 0x00, 0x00, 
    0x00, 0x00, 0x00, 0x00, 0x00, 0x00, 0x00, 0x00, 0x00, 0x00, 0x00, 0x00, 0x00, 0x00, 0x00, 0x00, 
    0x00, 0x00, 0x00, 0x00, 0x00, 0x00, 0x00, 0x00, 0x00, 0x00, 0x00, 0x00, 0x00, 0x00, 0x00, 0x00, 
    0x00, 0x00, 0x00, 0x00, 0x00, 0x00, 0x00, 0x00, 0x00, 0x00, 0x00, 0x00, 0x00, 0x00, 0x00, 0x00, 
    0x00, 0x00, 0x00, 0x00, 0x00, 0x00, 0x00, 0x00, 0x00, 0x00, 0x00, 0x00, 0x00, 0x00, 0x00, 0x00, 
    0x00, 0x00, 0x00, 0x00, 0x00, 0x00, 0x00, 0x00, 0x00, 0x00, 0x00, 0x00, 0x00, 0x00, 0x00, 0x00, 
    0x00, 0x00, 0x00, 0x00, 0x00, 0x00, 0x00, 0x00, 0x00, 0x00, 0x00, 0x00, 0x00, 0x00, 0x00, 0x00, 
    0x00, 0x00, 0x00, 0x00, 0x00, 0x00, 0x00, 0x00, 0x00, 0x00, 0x00, 0x00, 0x00, 0x00, 0x00, 0x00, 
    0x00, 0x00, 0x00, 0x00, 0x00, 0x00, 0x00, 0x00, 0x00, 0x00, 0x00, 0x00, 0x00, 0x00, 0x00, 0x00, 
    0x00, 0x00, 0x00, 0x00, 0x00, 0x00, 0x00, 0x00, 0x00, 0x00, 0x00, 0x00, 0x00, 0x00, 0x00, 0x00, 
    0x00, 0x00, 0x00, 0x00, 0x00, 0x00, 0x00, 0x00, 0x00, 0x00, 0x00, 0x00, 0x00, 0x00, 0x00, 0x00, 
    0x00, 0x00, 0x00, 0x00, 0x00, 0x00, 0x00, 0x00, 0x00, 0x00, 0x00, 0x00, 0x00, 0x00, 0x00, 0x00, 
    0x00, 0x00, 0x00, 0x00, 0x00, 0x00, 0x00, 0x00, 0x00, 0x00, 0x00, 0x00, 0x00, 0x00, 0x00, 0x00, 
    0x00, 0x00, 0x00, 0x00, 0x00, 0x00, 0x00, 0x00, 0x00, 0x00, 0x00, 0x00, 0x00, 0x00, 0x00, 0x00, 
    0x00, 0x00, 0x00, 0x00, 0x00, 0x00, 0x00, 0x00, 0x00, 0x00, 0x00, 0x00, 0x00, 0x00, 0x00, 0x00, 
    0x00, 0x00, 0x00, 0x00, 0x00, 0x00, 0x00, 0x00, 0x00, 0x00, 0x00, 0x00, 0x00, 0x00, 0x00, 0x00, 
    0x00, 0x00, 0x00, 0x00, 0x00, 0x00, 0x00, 0x00, 0x00, 0x00, 0x00, 0x00, 0x00, 0x00, 0x00, 0x00, 
    0x00, 0x00, 0x00, 0x00, 0x00, 0x00, 0x00, 0x00, 0x00, 0x00, 0x00, 0x00, 0x00, 0x00, 0x00, 0x00, 
    0x00, 0x00, 0x00, 0x00, 0x00, 0x00, 0x00, 0x00, 0x00, 0x00, 0x00, 0x00, 0x00, 0x00, 0x00, 0x00, 
    0x00, 0x00, 0x00, 0x00, 0x00, 0x00, 0x00, 0x00, 0x00, 0x00, 0x00, 0x00, 0x00, 0x00, 0x00, 0x00, 
    0x00, 0x00, 0x00, 0x00, 0x00, 0x00, 0x00, 0x00, 0x00, 0x00, 0x00, 0x00, 0x00, 0x00, 0x00, 0x00, 
    0x00, 0x00, 0x00, 0x00, 0x00, 0x00, 0x00, 0x00, 0x00, 0x00, 0x00, 0x00, 0x00, 0x00, 0x00, 0x00, 
    0x00, 0x00, 0x00, 0x00, 0x00, 0x00, 0x00, 0x00, 0x00, 0x00, 0x00, 0x00, 0x00, 0x00, 0x00, 0x00, 
    0x00, 0x00, 0x00, 0x00, 0x00, 0x00, 0x00, 0x00, 0x00, 0x00, 0x00, 0x00, 0x00, 0x00, 0x00, 0x00, 
    0x00, 0x00, 0x00, 0x00, 0x00, 0x00, 0x00, 0x00, 0x00, 0x00, 0x00, 0x00, 0x00, 0x00, 0x00, 0x00, 
    0x00, 0x00, 0x00, 0x00, 0x00, 0x00, 0x00, 0x00, 0x00, 0x00, 0x00, 0x00, 0x00, 0x00, 0x00, 0x00, 
    0x00, 0x00, 0x00, 0x00, 0x00, 0x00, 0x00, 0x00, 0x00, 0x00, 0x00, 0x00, 0x00, 0x00, 0x00, 0x00, 
    0x00, 0x00, 0x00, 0x00, 0x00, 0x00, 0x00, 0x00, 0x00, 0x00, 0x00, 0x00, 0x00, 0x00, 0x00, 0x00, 
    0x00, 0x00, 0x00, 0x00, 0x00, 0x00, 0x00, 0x00, 0x00, 0x00, 0x00, 0x00, 0x00, 0x00, 0x00, 0x00, 
    0x00, 0x00, 0x00, 0x00, 0x00, 0x00, 0x00, 0x00, 0x00, 0x00, 0x00, 0x00, 0x00, 0x00, 0x00, 0x00, 
    0x00, 0x00, 0x00, 0x00, 0x00, 0x00, 0x00, 0x00, 0x00, 0x00, 0x00, 0x00, 0x00, 0x00, 0x00, 0x00, 
    0x00, 0x00, 0x00, 0x00, 0x00, 0x00, 0x00, 0x00, 0x00, 0x00, 0x00, 0x00, 0x00, 0x00, 0x00, 0x00, 
    0x00, 0x00, 0x00, 0x00, 0x00, 0x00, 0x00, 0x00, 0x00, 0x00, 0x00, 0x00, 0x00, 0x00, 0x00, 0x00, 
    0x00, 0x00, 0x00, 0x00, 0x00, 0x00, 0x00, 0x00, 0x00, 0x00, 0x00, 0x00, 0x00, 0x00, 0x00, 0x00, 
    0x00, 0x00, 0x00, 0x00, 0x00, 0x00, 0x00, 0x00, 0x00, 0x00, 0x00, 0x00, 0x00, 0x00, 0x00, 0x00, 
    0x00, 0x00, 0x00, 0x00, 0x00, 0x00, 0x00, 0x00, 0x00, 0x00, 0x00, 0x00, 0x00, 0x00, 0x00, 0x00, 
    0x00, 0x00, 0x00, 0x00, 0x00, 0x00, 0x00, 0x00, 0x00, 0x00, 0x00, 0x00, 0x00, 0x00, 0x00, 0x00, 
    0x00, 0x00, 0x00, 0x00, 0x00, 0x00, 0x00, 0x00, 0x00, 0x00, 0x00, 0x00, 0x00, 0x00, 0x00, 0x00, 
    0x00, 0x00, 0x00, 0x00, 0x00, 0x00, 0x00, 0x00, 0x00, 0x00, 0x00, 0x00, 0x00, 0x00, 0x00, 0x00, 
    0x00, 0x00, 0x00, 0x00, 0x00, 0x00, 0x00, 0x00, 0x00, 0x00, 0x00, 0x00, 0x00, 0x00, 0x00, 0x00, 
    0x00, 0x00, 0x00, 0x00, 0x00, 0x00, 0x00, 0x00, 0x00, 0x00, 0x00, 0x00, 0x00, 0x00, 0x00, 0x00, 
    0x00, 0x00, 0x00, 0x00, 0x00, 0x00, 0x00, 0x00, 0x00, 0x00, 0x00, 0x00, 0x00, 0x00, 0x00, 0x00, 
    0x00, 0x00, 0x00, 0x00, 0x00, 0x00, 0x00, 0x00, 0x00, 0x00, 0x00, 0x00, 0x00, 0x00, 0x00, 0x00, 
    0x00, 0x00, 0x00, 0x00, 0x00, 0x00, 0x00, 0x00, 0x00, 0x00, 0x00, 0x00, 0x00, 0x00, 0x00, 0x00, 
    0x00, 0x00, 0x00, 0x00, 0x00, 0x00, 0x00, 0x00, 0x00, 0x00, 0x00, 0x00, 0x00, 0x00, 0x00, 0x00, 
    0x00, 0x00, 0x00, 0x00, 0x00, 0x00, 0x00, 0x00, 0x00, 0x00, 0x00, 0x00, 0x00, 0x00, 0x00, 0x00, 
    0x00, 0x00, 0x00, 0x00, 0x00, 0x00, 0x00, 0x00, 0x00, 0x00, 0x00, 0x00, 0x00, 0x00, 0x00, 0x00, 
    0x00, 0x00, 0x00, 0x00, 0x00, 0x00, 0x00, 0x00, 0x00, 0x00, 0x00, 0x00, 0x00, 0x00, 0x00, 0x00, 
    0x00, 0x00, 0x00, 0x00, 0x00, 0x00, 0x00, 0x00, 0x00, 0x00, 0x00, 0x00, 0x00, 0x00, 0x00, 0x00, 
    0x00, 0x00, 0x00, 0x00, 0x00, 0x00, 0x00, 0x00, 0x00, 0x00, 0x00, 0x00, 0x00, 0x00, 0x00, 0x00, 
    0x00, 0x00, 0x00, 0x00, 0x00, 0x00, 0x00, 0x00, 0x00, 0x00, 0x00, 0x00, 0x00, 0x00, 0x00, 0x00, 
    0x00, 0x00, 0x00, 0x00, 0x00, 0x00, 0x00, 0x00, 0x00, 0x00, 0x00, 0x00, 0x00, 0x00, 0x00, 0x00, 
    0x00, 0x00, 0x00, 0x00, 0x00, 0x00, 0x00, 0x00, 0x00, 0x00, 0x00, 0x00, 0x00, 0x00, 0x00, 0x00, 
    0x00, 0x00, 0x00, 0x00, 0x00, 0x00, 0x00, 0x00, 0x00, 0x00, 0x00, 0x00, 0x00, 0x00, 0x00, 0x00, 
    0x00, 0x00, 0x00, 0x00, 0x00, 0x00, 0x00, 0x00, 0x00, 0x00, 0x00, 0x00, 0x00, 0x00, 0x00, 0x00, 
    0x00, 0x00, 0x00, 0x00, 0x00, 0x00, 0x00, 0x00, 0x00, 0x00, 0x00, 0x00, 0x00, 0x00, 0x00, 0x00, 
    0x00, 0x00, 0x00, 0x00, 0x00, 0x00, 0x00, 0x00, 0x00, 0x00, 0x00, 0x00, 0x00, 0x00, 0x00, 0x00, 
    0x00, 0x00, 0x00, 0x00, 0x00, 0x00, 0x00, 0x00, 0x00, 0x00, 0x00, 0x00, 0x00, 0x00, 0x00, 0x00, 
    0x00, 0x00, 0x00, 0x00, 0x00, 0x00, 0x00, 0x00, 0x00, 0x00, 0x00, 0x00, 0x00, 0x00, 0x00, 0x00, 
    0x00, 0x00, 0x00, 0x00, 0x00, 0x00, 0x00, 0x00, 0x00, 0x00, 0x00, 0x00, 0x00, 0x00, 0x00, 0x00, 
    0x00, 0x00, 0x00, 0x00, 0x00, 0x00, 0x00, 0x00, 0x00, 0x00, 0x00, 0x00, 0x00, 0x00, 0x00, 0x00, 
    0x00, 0x00, 0x00, 0x00, 0x00, 0x00, 0x00, 0x00, 0x00, 0x00, 0x00, 0x00, 0x00, 0x00, 0x00, 0x00, 
    0x00, 0x00, 0x00, 0x00, 0x00, 0x00, 0x00, 0x00, 0x00, 0x00, 0x00, 0x00, 0x00, 0x00, 0x00, 0x00, 
    0x00, 0x00, 0x00, 0x00, 0x00, 0x00, 0x00, 0x00, 0x00, 0x00, 0x00, 0x00, 0x00, 0x00, 0x00, 0x00, 
    0x00, 0x00, 0x00, 0x00, 0x00, 0x00, 0x00, 0x00, 0x00, 0x00, 0x00, 0x00, 0x00, 0x00, 0x00, 0x00, 
    0x00, 0x00, 0x00, 0x00, 0x00, 0x00, 0x00, 0x00, 0x00, 0x00, 0x00, 0x00, 0x00, 0x00, 0x00, 0x00, 
    0x00, 0x00, 0x00, 0x00, 0x00, 0x00, 0x00, 0x00, 0x00, 0x00, 0x00, 0x00, 0x00, 0x00, 0x00, 0x00, 
    0x00, 0x00, 0x00, 0x00, 0x01, 0x00, 0x80, 0x07, 0x00, 0x00, 0x00, 0x00, 0x00, 0x00, 0x00, 0x00, 
    0x00, 0x00, 0x00, 0x00, 0x00, 0x00, 0x00, 0x00, 0x00, 0x00, 0x00, 0x00, 0x00, 0x00, 0x00, 0x00, 
    0x00, 0x00, 0x00, 0x00, 0x00, 0x00, 0x00, 0x00, 0x00, 0x00, 0x00, 0x00, 0x00, 0x00, 0x00, 0x00, 
    0x00, 0x00, 0x00, 0x00, 0x00, 0x00, 0x00, 0x00, 0x00, 0x00, 0x00, 0x00, 0x00, 0x00, 0x00, 0x00, 
    0x00, 0x00, 0x00, 0x00, 0x00, 0x00, 0x00, 0x00, 0x00, 0x00, 0x00, 0x00, 0x00, 0x00, 0x00, 0x00, 
    0x00, 0x00, 0x00, 0x00, 0x00, 0x00, 0x00, 0x00, 0x00, 0x00, 0x00, 0x00, 0x00, 0x00, 0x00, 0x00, 
    0x00, 0x00, 0x00, 0x00, 0x00, 0x00, 0x00, 0x00, 0x00, 0x00, 0x00, 0x00, 0x00, 0x00, 0x00, 0x00, 
    0x00, 0x00, 0x00, 0x00, 0x00, 0x00, 0x00, 0x00, 0x00, 0x00, 0x00, 0x00, 0x00, 0x00, 0x00, 0x00, 
    0x00, 0x00, 0x00, 0x00, 0x00, 0x00, 0x00, 0x00, 0x00, 0x00, 0x00, 0x00, 0x00, 0x00, 0x00, 0x00, 
    0x00, 0x00, 0x00, 0x00, 0x00, 0x00, 0x00, 0x00, 0x00, 0x00, 0x00, 0x00, 0x00, 0x00, 0x00, 0x00, 
    0x00, 0x00, 0x00, 0x00, 0x00, 0x00, 0x00, 0x00, 0x00, 0x00, 0x00, 0x00, 0x00, 0x00, 0x00, 0x00, 
    0x00, 0x00, 0x00, 0x00, 0x00, 0x00, 0x00, 0x00, 0x00, 0x00, 0x00, 0x00, 0x00, 0x00, 0x00, 0x00, 
    0x00, 0x00, 0x00, 0x00, 0x00, 0x00, 0x00, 0x00, 0x00, 0x00, 0x00, 0x00, 0x00, 0x00, 0x00, 0x00, 
    0x00, 0x00, 0x00, 0x00, 0x00, 0x00, 0x00, 0x00, 0x00, 0x00, 0x00, 0x00, 0x00, 0x00, 0x00, 0x00, 
    0x00, 0x00, 0x00, 0x00, 0x00, 0x00, 0x00, 0x00, 0x00, 0x00, 0x00, 0x00, 0x00, 0x00, 0x00, 0x00, 
    0x00, 0x00, 0x00, 0x00, 0x00, 0x00, 0x00, 0x00, 0x00, 0x00, 0x00, 0x00, 0x00, 0x00, 0x00, 0x00, 
    0x00, 0x00, 0x00, 0x00, 0x00, 0x00, 0x00, 0x00, 0x00, 0x00, 0x00, 0x00, 0x00, 0x00, 0x00, 0x00, 
    0x00, 0x00, 0x00, 0x00, 0x00, 0x00, 0x00, 0x00, 0x00, 0x00, 0x00, 0x00, 0x00, 0x00, 0x00, 0x00, 
    0x00, 0x00, 0x00, 0x00, 0x00, 0x00, 0x00, 0x00, 0x00, 0x00, 0x00, 0x00, 0x00, 0x00, 0x00, 0x00, 
    0x00, 0x00, 0x00, 0x00, 0x00, 0x00, 0x00, 0x00, 0x00, 0x00, 0x00, 0x00, 0x00, 0x00, 0x00, 0x00, 
    0x00, 0x00, 0x00, 0x00, 0x00, 0x00, 0x00, 0x00, 0x00, 0x00, 0x00, 0x00, 0x00, 0x00, 0x00, 0x00, 
    0x00, 0x00, 0x00, 0x00, 0x00, 0x00, 0x00, 0x00, 0x00, 0x00, 0x00, 0x00, 0x00, 0x00, 0x00, 0x00, 
    0x00, 0x00, 0x00, 0x00, 0x00, 0x00, 0x00, 0x00, 0x00, 0x00, 0x00, 0x00, 0x00, 0x00, 0x00, 0x00, 
    0x00, 0x00, 0x00, 0x00, 0x00, 0x00, 0x00, 0x00, 0x00, 0x00, 0x00, 0x00, 0x00, 0x00, 0x00, 0x00, 
    0x00, 0x00, 0x00, 0x00, 0x00, 0x00, 0x00, 0x00, 0x00, 0x00, 0x00, 0x00, 0x00, 0x00, 0x00, 0x00, 
    0x00, 0x00, 0x00, 0x00, 0x00, 0x00, 0x00, 0x00, 0x00, 0x00, 0x00, 0x00, 0x00, 0x00, 0x00, 0x00, 
    0x00, 0x00, 0x00, 0x00, 0x00, 0x00, 0x00, 0x00, 0x00, 0x00, 0x00, 0x00, 0x00, 0x00, 0x00, 0x00, 
    0x00, 0x00, 0x00, 0x00, 0x00, 0x00, 0x00, 0x00, 0x00, 0x00, 0x00, 0x00, 0x00, 0x00, 0x00, 0x00, 
    0x00, 0x00, 0x00, 0x00, 0x00, 0x00, 0x00, 0x00, 0x00, 0x00, 0x00, 0x00, 0x00, 0x00, 0x00, 0x00, 
    0x00, 0x00, 0x00, 0x00, 0x00, 0x00, 0x00, 0x00, 0x00, 0x00, 0x00, 0x00, 0x00, 0x00, 0x00, 0x00, 
    0x00, 0x00, 0x00, 0x00, 0x00, 0x00, 0x00, 0x00, 0x00, 0x00, 0x00, 0x00, 0x00, 0x00, 0x00, 0x00, 
    0x00, 0x00, 0x00, 0x00, 0x00, 0x00, 0x00, 0x00, 0x00, 0x00, 0x00, 0x00, 0x00, 0x00, 0x00, 0x00, 
    0x00, 0x00, 0x00, 0x00, 0x00, 0x00, 0x00, 0x00, 0x00, 0x00, 0x00, 0x00, 0x00, 0x00, 0x00, 0x00, 
    0x00, 0x00, 0x00, 0x00, 0x00, 0x00, 0x00, 0x00, 0x00, 0x00, 0x00, 0x00, 0x00, 0x00, 0x00, 0x00, 
    0x00, 0x00, 0x00, 0x00, 0x00, 0x00, 0x00, 0x00, 0x00, 0x00, 0x00, 0x00, 0x00, 0x00, 0x00, 0x00, 
    0x00, 0x00, 0x00, 0x00, 0x00, 0x00, 0x00, 0x00, 0x00, 0x00, 0x00, 0x00, 0x00, 0x00, 0x00, 0x00, 
    0x00, 0x00, 0x00, 0x00, 0x00, 0x00, 0x00, 0x00, 0x00, 0x00, 0x00, 0x00, 0x00, 0x00, 0x00, 0x00, 
    0x00, 0x00, 0x00, 0x00, 0x00, 0x00, 0x00, 0x00, 0x00, 0x00, 0x00, 0x00, 0x00, 0x00, 0x00, 0x00, 
    0x00, 0x00, 0x00, 0x00, 0x00, 0x00, 0x00, 0x00, 0x00, 0x00, 0x00, 0x00, 0x00, 0x00, 0x00, 0x00, 
    0x00, 0x00, 0x00, 0x00, 0x00, 0x00, 0x00, 0x00, 0x00, 0x00, 0x00, 0x00, 0x00, 0x00, 0x00, 0x00, 
    0x00, 0x00, 0x00, 0x00, 0x00, 0x00, 0x00, 0x00, 0x00, 0x00, 0x00, 0x00, 0x00, 0x00, 0x00, 0x00, 
    0x00, 0x00, 0x00, 0x00, 0x00, 0x00, 0x00, 0x00, 0x00, 0x00, 0x00, 0x00, 0x00, 0x00, 0x00, 0x00, 
    0x00, 0x00, 0x00, 0x00, 0x00, 0x00, 0x00, 0x00, 0x00, 0x00, 0x00, 0x00, 0x00, 0x00, 0x00, 0x00, 
    0x00, 0x00, 0x00, 0x00, 0x00, 0x00, 0x00, 0x00, 0x00, 0x00, 0x00, 0x00, 0x00, 0x00, 0x00, 0x00, 
    0x00, 0x00, 0x00, 0x00, 0x00, 0x00, 0x00, 0x00, 0x00, 0x00, 0x00, 0x00, 0x00, 0x00, 0x00, 0x00, 
    0x00, 0x00, 0x00, 0x00, 0x00, 0x00, 0x00, 0x00, 0x00, 0x00, 0x00, 0x00, 0x00, 0x00, 0x00, 0x00, 
    0x00, 0x00, 0x00, 0x00, 0x00, 0x00, 0x00, 0x00, 0x00, 0x00, 0x00, 0x00, 0x00, 0x00, 0x00, 0x00, 
    0x00, 0x00, 0x00, 0x00, 0x00, 0x00, 0x00, 0x00, 0x00, 0x00, 0x00, 0x00, 0x00, 0x00, 0x00, 0x00, 
    0x00, 0x00, 0x00, 0x00, 0x00, 0x00, 0x00, 0x00, 0x00, 0x00, 0x00, 0x00, 0x00, 0x00, 0x00, 0x00, 
    0x00, 0x00, 0x00, 0x00, 0x00, 0x00, 0x00, 0x00, 0x00, 0x00, 0x00, 0x00, 0x00, 0x00, 0x00, 0x00, 
    0x00, 0x00, 0x00, 0x00, 0x00, 0x00, 0x00, 0x00, 0x00, 0x00, 0x00, 0x00, 0x00, 0x00, 0x00, 0x00, 
    0x00, 0x00, 0x00, 0x00, 0x00, 0x00, 0x00, 0x00, 0x00, 0x00, 0x00, 0x00, 0x00, 0x00, 0x00, 0x00, 
    0x00, 0x00, 0x00, 0x00, 0x00, 0x00, 0x00, 0x00, 0x00, 0x00, 0x00, 0x00, 0x00, 0x00, 0x00, 0x00, 
    0x00, 0x00, 0x00, 0x00, 0x00, 0x00, 0x00, 0x00, 0x00, 0x00, 0x00, 0x00, 0x00, 0x00, 0x00, 0x00, 
    0x00, 0x00, 0x00, 0x00, 0x00, 0x00, 0x00, 0x00, 0x00, 0x00, 0x00, 0x00, 0x00, 0x00, 0x00, 0x00, 
    0x00, 0x00, 0x00, 0x00, 0x00, 0x00, 0x00, 0x00, 0x00, 0x00, 0x00, 0x00, 0x00, 0x00, 0x00, 0x00, 
    0x00, 0x00, 0x00, 0x00, 0x00, 0x00, 0x00, 0x00, 0x00, 0x00, 0x00, 0x00, 0x00, 0x00, 0x00, 0x00, 
    0x00, 0x00, 0x00, 0x00, 0x00, 0x00, 0x00, 0x00, 0x00, 0x00, 0x00, 0x00, 0x00, 0x00, 0x00, 0x00, 
    0x00, 0x00, 0x00, 0x00, 0x00, 0x00, 0x00, 0x00, 0x00, 0x00, 0x00, 0x00, 0x00, 0x00, 0x00, 0x00, 
    0x00, 0x00, 0x00, 0x00, 0x00, 0x00, 0x00, 0x00, 0x00, 0x00, 0x00, 0x00, 0x00, 0x00, 0x00, 0x00, 
    0x00, 0x00, 0x00, 0x00, 0x00, 0x00, 0x00, 0x00, 0x00, 0x00, 0x00, 0x00, 0x00, 0x00, 0x00, 0x00, 
    0x00, 0x00, 0x00, 0x00, 0x00, 0x00, 0x00, 0x00, 0x00, 0x00, 0x00, 0x00, 0x00, 0x00, 0x00, 0x00, 
    0x00, 0x00, 0x00, 0x00, 0x00, 0x00, 0x00, 0x00, 0x00, 0x00, 0x00, 0x00, 0x00, 0x00, 0x00, 0x00, 
    0x00, 0x00, 0x00, 0x00, 0x00, 0x00, 0x00, 0x00, 0x00, 0x00, 0x00, 0x00, 0x00, 0x00, 0x00, 0x00, 
    0x00, 0x00, 0x00, 0x00, 0x00, 0x00, 0x00, 0x00, 0x00, 0x00, 0x00, 0x00, 0x00, 0x00, 0x00, 0x00, 
    0x00, 0x00, 0x00, 0x00, 0x00, 0x00, 0x00, 0x00, 0x00, 0x00, 0x00, 0x00, 0x00, 0x00, 0x00, 0x00, 
    0x00, 0x00, 0x00, 0x00, 0x00, 0x00, 0x00, 0x00, 0x00, 0x00, 0x00, 0x00, 0x00, 0x00, 0x00, 0x00, 
    0x00, 0x00, 0x00, 0x00, 0x00, 0x00, 0x00, 0x00, 0x00, 0x00, 0x00, 0x00, 0x00, 0x00, 0x00, 0x00, 
    0x00, 0x00, 0x00, 0x00, 0x00, 0x00, 0x00, 0x00, 0x00, 0x00, 0x00, 0x00, 0x00, 0x00, 0x00, 0x00, 
    0x00, 0x00, 0x00, 0x00, 0x00, 0x00, 0x00, 0x00, 0x00, 0x00, 0x00, 0x00, 0x00, 0x00, 0x00, 0x00, 
    0x00, 0x00, 0x00, 0x00, 0x00, 0x00, 0x00, 0x00, 0x00, 0x00, 0x00, 0x00, 0x00, 0x00, 0x00, 0x00, 
    0x00, 0x00, 0x00, 0x00, 0x00, 0x00, 0x00, 0x00, 0x00, 0x00, 0x00, 0x00, 0x00, 0x00, 0x00, 0x00, 
    0x00, 0x00, 0x00, 0x00, 0x00, 0x00, 0x00, 0x00, 0x00, 0x00, 0x00, 0x00, 0x00, 0x00, 0x00, 0x00, 
    0x00, 0x00, 0x00, 0x00, 0x00, 0x00, 0x00, 0x00, 0x00, 0x00, 0x00, 0x00, 0x00, 0x00, 0x00, 0x00, 
    0x00, 0x00, 0x00, 0x00, 0x00, 0x00, 0x00, 0x00, 0x00, 0x00, 0x00, 0x00, 0x00, 0x00, 0x00, 0x00, 
    0x00, 0x00, 0x00, 0x00, 0x00, 0x00, 0x00, 0x00, 0x00, 0x00, 0x00, 0x00, 0x00, 0x00, 0x00, 0x00, 
    0x00, 0x00, 0x00, 0x00, 0x00, 0x00, 0x00, 0x00, 0x00, 0x00, 0x00, 0x00, 0x00, 0x00, 0x00, 0x00, 
    0x00, 0x00, 0x00, 0x00, 0x00, 0x00, 0x00, 0x00, 0x00, 0x00, 0x00, 0x00, 0x00, 0x00, 0x00, 0x00, 
    0x00, 0x00, 0x00, 0x00, 0x00, 0x00, 0x00, 0x00, 0x00, 0x00, 0x00, 0x00, 0x00, 0x00, 0x00, 0x00, 
    0x00, 0x00, 0x00, 0x00, 0x00, 0x00, 0x00, 0x00, 0x00, 0x00, 0x00, 0x00, 0x00, 0x00, 0x00, 0x00, 
    0x00, 0x00, 0x00, 0x00, 0x00, 0x00, 0x00, 0x00, 0x00, 0x00, 0x00, 0x00, 0x00, 0x00, 0x00, 0x00, 
    0x00, 0x00, 0x00, 0x00, 0x00, 0x00, 0x00, 0x00, 0x00, 0x00, 0x00, 0x00, 0x00, 0x00, 0x00, 0x00, 
    0x00, 0x00, 0x00, 0x00, 0x00, 0x00, 0x00, 0x00, 0x00, 0x00, 0x00, 0x00, 0x00, 0x00, 0x00, 0x00, 
    0x00, 0x00, 0x00, 0x00, 0x00, 0x00, 0x00, 0x00, 0x00, 0x00, 0x00, 0x00, 0x00, 0x00, 0x00, 0x00, 
    0x00, 0x00, 0x00, 0x00, 0x00, 0x00, 0x00, 0x00, 0x00, 0x00, 0x00, 0x00, 0x00, 0x00, 0x00, 0x00, 
    0x00, 0x00, 0x00, 0x00, 0x00, 0x00, 0x00, 0x00, 0x00, 0x00, 0x00, 0x00, 0x00, 0x00, 0x00, 0x00, 
    0x00, 0x00, 0x00, 0x00, 0x00, 0x00, 0x00, 0x00, 0x00, 0x00, 0x00, 0x00, 0x00, 0x00, 0x00, 0x00, 
    0x00, 0x00, 0x00, 0x00, 0x00, 0x00, 0x00, 0x00, 0x00, 0x00, 0x00, 0x00, 0x00, 0x00, 0x00, 0x00, 
    0x00, 0x00, 0x00, 0x00, 0x00, 0x00, 0x00, 0x00, 0x00, 0x00, 0x00, 0x00, 0x00, 0x00, 0x00, 0x00, 
    0x00, 0x00, 0x00, 0x00, 0x00, 0x00, 0x00, 0x00, 0x00, 0x00, 0x00, 0x00, 0x00, 0x00, 0x00, 0x00, 
    0x00, 0x00, 0x00, 0x00, 0x00, 0x00, 0x00, 0x00, 0x00, 0x00, 0x00, 0x00, 0x00, 0x00, 0x00, 0x00, 
    0x00, 0x00, 0x00, 0x00, 0x00, 0x00, 0x00, 0x00, 0x00, 0x00, 0x00, 0x00, 0x00, 0x00, 0x00, 0x00, 
    0x00, 0x00, 0x00, 0x00, 0x00, 0x00, 0x00, 0x00, 0x00, 0x00, 0x00, 0x00, 0x00, 0x00, 0x00, 0x00, 
    0x00, 0x00, 0x00, 0x00, 0x00, 0x00, 0x00, 0x00, 0x00, 0x00, 0x00, 0x00, 0x00, 0x00, 0x00, 0x00, 
    0x00, 0x00, 0x00, 0x00, 0x00, 0x00, 0x00, 0x00, 0x00, 0x00, 0x00, 0x00, 0x00, 0x00, 0x00, 0x00, 
    0x00, 0x00, 0x00, 0x00, 0x00, 0x00, 0x00, 0x00, 0x00, 0x00, 0x00, 0x00, 0x00, 0x00, 0x00, 0x00, 
    0x00, 0x00, 0x00, 0x00, 0x00, 0x00, 0x00, 0x00, 0x00, 0x00, 0x00, 0x00, 0x00, 0x00, 0x00, 0x00, 
    0x00, 0x00, 0x00, 0x00, 0x00, 0x00, 0x00, 0x00, 0x00, 0x00, 0x00, 0x00, 0x00, 0x00, 0x00, 0x00, 
    0x00, 0x00, 0x00, 0x00, 0x00, 0x00, 0x00, 0x00, 0x00, 0x00, 0x00, 0x00, 0x00, 0x00, 0x00, 0x00, 
    0x00, 0x00, 0x00, 0x00, 0x00, 0x00, 0x00, 0x00, 0x00, 0x00, 0x00, 0x00, 0x00, 0x00, 0x00, 0x00, 
    0x00, 0x00, 0x00, 0x00, 0x00, 0x00, 0x00, 0x00, 0x00, 0x00, 0x00, 0x00, 0x00, 0x00, 0x00, 0x00, 
    0x00, 0x00, 0x00, 0x00, 0x00, 0x00, 0x00, 0x00, 0x00, 0x00, 0x00, 0x00, 0x00, 0x00, 0x00, 0x00, 
    0x00, 0x00, 0x00, 0x00, 0x00, 0x00, 0x00, 0x00, 0x00, 0x00, 0x00, 0x00, 0x00, 0x00, 0x00, 0x00, 
    0x00, 0x00, 0x00, 0x00, 0x00, 0x00, 0x00, 0x00, 0x00, 0x00, 0x00, 0x00, 0x00, 0x00, 0x00, 0x00, 
    0x00, 0x00, 0x00, 0x00, 0x00, 0x00, 0x00, 0x00, 0x00, 0x00, 0x00, 0x00, 0x00, 0x00, 0x00, 0x00, 
    0x00, 0x00, 0x00, 0x00, 0x00, 0x00, 0x00, 0x00, 0x00, 0x00, 0x00, 0x00, 0x00, 0x00, 0x00, 0x00, 
    0x00, 0x00, 0x00, 0x00, 0x00, 0x00, 0x00, 0x00, 0x00, 0x00, 0x00, 0x00, 0x00, 0x00, 0x00, 0x00, 
    0x00, 0x00, 0x00, 0x00, 0x00, 0x00, 0x00, 0x00, 0x00, 0x00, 0x00, 0x00, 0x00, 0x00, 0x00, 0x00, 
    0x00, 0x00, 0x00, 0x00, 0x00, 0x00, 0x00, 0x00, 0x00, 0x00, 0x00, 0x00, 0x00, 0x00, 0x00, 0x00, 
    0x00, 0x00, 0x00, 0x00, 0x00, 0x00, 0x00, 0x00, 0x00, 0x00, 0x00, 0x00, 0x00, 0x00, 0x00, 0x00, 
    0x00, 0x00, 0x00, 0x00, 0x00, 0x00, 0x00, 0x00, 0x00, 0x00, 0x00, 0x00, 0x00, 0x00, 0x00, 0x00, 
    0x00, 0x00, 0x00, 0x00, 0x00, 0x00, 0x00, 0x00, 0x00, 0x00, 0x00, 0x00, 0x00, 0x00, 0x00, 0x00, 
    0x00, 0x00, 0x00, 0x00, 0x00, 0x00, 0x00, 0x00, 0x00, 0x00, 0x00, 0x00, 0x00, 0x00, 0x00, 0x00, 
    0x00, 0x00, 0x00, 0x00, 0x00, 0x00, 0x00, 0x00, 0x00, 0x00, 0x00, 0x00, 0x00, 0x00, 0x00, 0x00, 
    0x00, 0x00, 0x00, 0x00, 0x00, 0x00, 0x00, 0x00, 0x00, 0x00, 0x00, 0x00, 0x00, 0x00, 0x00, 0x00, 
    0x00, 0x00, 0x00, 0x00, 0x00, 0x00, 0x00, 0x00, 0x00, 0x00, 0x00, 0x00, 0x00, 0x00, 0x00, 0x00, 
    0x00, 0x00, 0x00, 0x00, 0x00, 0x00, 0x00, 0x00, 0x00, 0x00, 0x00, 0x00, 0x00, 0x00, 0x00, 0x00, 
    0x00, 0x00, 0x00, 0x00, 0x00, 0x00, 0x00, 0x00, 0x00, 0x00, 0x00, 0x00, 0x00, 0x00, 0x00, 0x00, 
    0x00, 0x00, 0x00, 0x00, 0x00, 0x00, 0x00, 0x00, 0x00, 0x00, 0x00, 0x00, 0x00, 0x00, 0x00, 0x00, 
    0x00, 0x00, 0x00, 0x00, 0x00, 0x00, 0x00, 0x00, 0x00, 0x00, 0x00, 0x00, 0x00, 0x00, 0x00, 0x00, 
    0x00, 0x00, 0x00, 0x00, 0x00, 0x00, 0x00, 0x00, 0x01, 0x00, 0x80, 0x07, 0x00, 0x00, 0x00, 0x00, 
    0x00, 0x00, 0x00, 0x00, 0x00, 0x00, 0x00, 0x00, 0x00, 0x00, 0x00, 0x00, 0x00, 0x00, 0x00, 0x00, 
    0x00, 0x00, 0x00, 0x00, 0x00, 0x00, 0x00, 0x00, 0x00, 0x00, 0x00, 0x00, 0x00, 0x00, 0x00, 0x00, 
    0x00, 0x00, 0x00, 0x00, 0x00, 0x00, 0x00, 0x00, 0x00, 0x00, 0x00, 0x00, 0x00, 0x00, 0x00, 0x00, 
    0x00, 0x00, 0x00, 0x00, 0x00, 0x00, 0x00, 0x00, 0x00, 0x00, 0x00, 0x00, 0x00, 0x00, 0x00, 0x00, 
    0x00, 0x00, 0x00, 0x00, 0x00, 0x00, 0x00, 0x00, 0x00, 0x00, 0x00, 0x00, 0x00, 0x00, 0x00, 0x00, 
    0x00, 0x00, 0x00, 0x00, 0x00, 0x00, 0x00, 0x00, 0x00, 0x00, 0x00, 0x00, 0x00, 0x00, 0x00, 0x00, 
    0x00, 0x00, 0x00, 0x00, 0x00, 0x00, 0x00, 0x00, 0x00, 0x00, 0x00, 0x00, 0x00, 0x00, 0x00, 0x00, 
    0x00, 0x00, 0x00, 0x00, 0x00, 0x00, 0x00, 0x00, 0x00, 0x00, 0x00, 0x00, 0x00, 0x00, 0x00, 0x00, 
    0x00, 0x00, 0x00, 0x00, 0x00, 0x00, 0x00, 0x00, 0x00, 0x00, 0x00, 0x00, 0x00, 0x00, 0x00, 0x00, 
    0x00, 0x00, 0x00, 0x00, 0x00, 0x00, 0x00, 0x00, 0x00, 0x00, 0x00, 0x00, 0x00, 0x00, 0x00, 0x00, 
    0x00, 0x00, 0x00, 0x00, 0x00, 0x00, 0x00, 0x00, 0x00, 0x00, 0x00, 0x00, 0x00, 0x00, 0x00, 0x00, 
    0x00, 0x00, 0x00, 0x00, 0x00, 0x00, 0x00, 0x00, 0x00, 0x00, 0x00, 0x00, 0x00, 0x00, 0x00, 0x00, 
    0x00, 0x00, 0x00, 0x00, 0x00, 0x00, 0x00, 0x00, 0x00, 0x00, 0x00, 0x00, 0x00, 0x00, 0x00, 0x00, 
    0x00, 0x00, 0x00, 0x00, 0x00, 0x00, 0x00, 0x00, 0x00, 0x00, 0x00, 0x00, 0x00, 0x00, 0x00, 0x00, 
    0x00, 0x00, 0x00, 0x00, 0x00, 0x00, 0x00, 0x00, 0x00, 0x00, 0x00, 0x00, 0x00, 0x00, 0x00, 0x00, 
    0x00, 0x00, 0x00, 0x00, 0x00, 0x00, 0x00, 0x00, 0x00, 0x00, 0x00, 0x00, 0x00, 0x00, 0x00, 0x00, 
    0x00, 0x00, 0x00, 0x00, 0x00, 0x00, 0x00, 0x00, 0x00, 0x00, 0x00, 0x00, 0x00, 0x00, 0x00, 0x00, 
    0x00, 0x00, 0x00, 0x00, 0x00, 0x00, 0x00, 0x00, 0x00, 0x00, 0x00, 0x00, 0x00, 0x00, 0x00, 0x00, 
    0x00, 0x00, 0x00, 0x00, 0x00, 0x00, 0x00, 0x00, 0x00, 0x00, 0x00, 0x00, 0x00, 0x00, 0x00, 0x00, 
    0x00, 0x00, 0x00, 0x00, 0x00, 0x00, 0x00, 0x00, 0x00, 0x00, 0x00, 0x00, 0x00, 0x00, 0x00, 0x00, 
    0x00, 0x00, 0x00, 0x00, 0x00, 0x00, 0x00, 0x00, 0x00, 0x00, 0x00, 0x00, 0x00, 0x00, 0x00, 0x00, 
    0x00, 0x00, 0x00, 0x00, 0x00, 0x00, 0x00, 0x00, 0x00, 0x00, 0x00, 0x00, 0x00, 0x00, 0x00, 0x00, 
    0x00, 0x00, 0x00, 0x00, 0x00, 0x00, 0x00, 0x00, 0x00, 0x00, 0x00, 0x00, 0x00, 0x00, 0x00, 0x00, 
    0x00, 0x00, 0x00, 0x00, 0x00, 0x00, 0x00, 0x00, 0x00, 0x00, 0x00, 0x00, 0x00, 0x00, 0x00, 0x00, 
    0x00, 0x00, 0x00, 0x00, 0x00, 0x00, 0x00, 0x00, 0x00, 0x00, 0x00, 0x00, 0x00, 0x00, 0x00, 0x00, 
    0x00, 0x00, 0x00, 0x00, 0x00, 0x00, 0x00, 0x00, 0x00, 0x00, 0x00, 0x00, 0x00, 0x00, 0x00, 0x00, 
    0x00, 0x00, 0x00, 0x00, 0x00, 0x00, 0x00, 0x00, 0x00, 0x00, 0x00, 0x00, 0x00, 0x00, 0x00, 0x00, 
    0x00, 0x00, 0x00, 0x00, 0x00, 0x00, 0x00, 0x00, 0x00, 0x00, 0x00, 0x00, 0x00, 0x00, 0x00, 0x00, 
    0x00, 0x00, 0x00, 0x00, 0x00, 0x00, 0x00, 0x00, 0x00, 0x00, 0x00, 0x00, 0x00, 0x00, 0x00, 0x00, 
    0x00, 0x00, 0x00, 0x00, 0x00, 0x00, 0x00, 0x00, 0x00, 0x00, 0x00, 0x00, 0x00, 0x00, 0x00, 0x00, 
    0x00, 0x00, 0x00, 0x00, 0x00, 0x00, 0x00, 0x00, 0x00, 0x00, 0x00, 0x00, 0x00, 0x00, 0x00, 0x00, 
    0x00, 0x00, 0x00, 0x00, 0x00, 0x00, 0x00, 0x00, 0x00, 0x00, 0x00, 0x00, 0x00, 0x00, 0x00, 0x00, 
    0x00, 0x00, 0x00, 0x00, 0x00, 0x00, 0x00, 0x00, 0x00, 0x00, 0x00, 0x00, 0x00, 0x00, 0x00, 0x00, 
    0x00, 0x00, 0x00, 0x00, 0x00, 0x00, 0x00, 0x00, 0x00, 0x00, 0x00, 0x00, 0x00, 0x00, 0x00, 0x00, 
    0x00, 0x00, 0x00, 0x00, 0x00, 0x00, 0x00, 0x00, 0x00, 0x00, 0x00, 0x00, 0x00, 0x00, 0x00, 0x00, 
    0x00, 0x00, 0x00, 0x00, 0x00, 0x00, 0x00, 0x00, 0x00, 0x00, 0x00, 0x00, 0x00, 0x00, 0x00, 0x00, 
    0x00, 0x00, 0x00, 0x00, 0x00, 0x00, 0x00, 0x00, 0x00, 0x00, 0x00, 0x00, 0x00, 0x00, 0x00, 0x00, 
    0x00, 0x00, 0x00, 0x00, 0x00, 0x00, 0x00, 0x00, 0x00, 0x00, 0x00, 0x00, 0x00, 0x00, 0x00, 0x00, 
    0x00, 0x00, 0x00, 0x00, 0x00, 0x00, 0x00, 0x00, 0x00, 0x00, 0x00, 0x00, 0x00, 0x00, 0x00, 0x00, 
    0x00, 0x00, 0x00, 0x00, 0x00, 0x00, 0x00, 0x00, 0x00, 0x00, 0x00, 0x00, 0x00, 0x00, 0x00, 0x00, 
    0x00, 0x00, 0x00, 0x00, 0x00, 0x00, 0x00, 0x00, 0x00, 0x00, 0x00, 0x00, 0x00, 0x00, 0x00, 0x00, 
    0x00, 0x00, 0x00, 0x00, 0x00, 0x00, 0x00, 0x00, 0x00, 0x00, 0x00, 0x00, 0x00, 0x00, 0x00, 0x00, 
    0x00, 0x00, 0x00, 0x00, 0x00, 0x00, 0x00, 0x00, 0x00, 0x00, 0x00, 0x00, 0x00, 0x00, 0x00, 0x00, 
    0x00, 0x00, 0x00, 0x00, 0x00, 0x00, 0x00, 0x00, 0x00, 0x00, 0x00, 0x00, 0x00, 0x00, 0x00, 0x00, 
    0x00, 0x00, 0x00, 0x00, 0x00, 0x00, 0x00, 0x00, 0x00, 0x00, 0x00, 0x00, 0x00, 0x00, 0x00, 0x00, 
    0x00, 0x00, 0x00, 0x00, 0x00, 0x00, 0x00, 0x00, 0x00, 0x00, 0x00, 0x00, 0x00, 0x00, 0x00, 0x00, 
    0x00, 0x00, 0x00, 0x00, 0x00, 0x00, 0x00, 0x00, 0x00, 0x00, 0x00, 0x00, 0x00, 0x00, 0x00, 0x00, 
    0x00, 0x00, 0x00, 0x00, 0x00, 0x00, 0x00, 0x00, 0x00, 0x00, 0x00, 0x00, 0x00, 0x00, 0x00, 0x00, 
    0x00, 0x00, 0x00, 0x00, 0x00, 0x00, 0x00, 0x00, 0x00, 0x00, 0x00, 0x00, 0x00, 0x00, 0x00, 0x00, 
    0x00, 0x00, 0x00, 0x00, 0x00, 0x00, 0x00, 0x00, 0x00, 0x00, 0x00, 0x00, 0x00, 0x00, 0x00, 0x00, 
    0x00, 0x00, 0x00, 0x00, 0x00, 0x00, 0x00, 0x00, 0x00, 0x00, 0x00, 0x00, 0x00, 0x00, 0x00, 0x00, 
    0x00, 0x00, 0x00, 0x00, 0x00, 0x00, 0x00, 0x00, 0x00, 0x00, 0x00, 0x00, 0x00, 0x00, 0x00, 0x00, 
    0x00, 0x00, 0x00, 0x00, 0x00, 0x00, 0x00, 0x00, 0x00, 0x00, 0x00, 0x00, 0x00, 0x00, 0x00, 0x00, 
    0x00, 0x00, 0x00, 0x00, 0x00, 0x00, 0x00, 0x00, 0x00, 0x00, 0x00, 0x00, 0x00, 0x00, 0x00, 0x00, 
    0x00, 0x00, 0x00, 0x00, 0x00, 0x00, 0x00, 0x00, 0x00, 0x00, 0x00, 0x00, 0x00, 0x00, 0x00, 0x00, 
    0x00, 0x00, 0x00, 0x00, 0x00, 0x00, 0x00, 0x00, 0x00, 0x00, 0x00, 0x00, 0x00, 0x00, 0x00, 0x00, 
    0x00, 0x00, 0x00, 0x00, 0x00, 0x00, 0x00, 0x00, 0x00, 0x00, 0x00, 0x00, 0x00, 0x00, 0x00, 0x00, 
    0x00, 0x00, 0x00, 0x00, 0x00, 0x00, 0x00, 0x00, 0x00, 0x00, 0x00, 0x00, 0x00, 0x00, 0x00, 0x00, 
    0x00, 0x00, 0x00, 0x00, 0x00, 0x00, 0x00, 0x00, 0x00, 0x00, 0x00, 0x00, 0x00, 0x00, 0x00, 0x00, 
    0x00, 0x00, 0x00, 0x00, 0x00, 0x00, 0x00, 0x00, 0x00, 0x00, 0x00, 0x00, 0x00, 0x00, 0x00, 0x00, 
    0x00, 0x00, 0x00, 0x00, 0x00, 0x00, 0x00, 0x00, 0x00, 0x00, 0x00, 0x00, 0x00, 0x00, 0x00, 0x00, 
    0x00, 0x00, 0x00, 0x00, 0x00, 0x00, 0x00, 0x00, 0x00, 0x00, 0x00, 0x00, 0x00, 0x00, 0x00, 0x00, 
    0x00, 0x00, 0x00, 0x00, 0x00, 0x00, 0x00, 0x00, 0x00, 0x00, 0x00, 0x00, 0x00, 0x00, 0x00, 0x00, 
    0x00, 0x00, 0x00, 0x00, 0x00, 0x00, 0x00, 0x00, 0x00, 0x00, 0x00, 0x00, 0x00, 0x00, 0x00, 0x00, 
    0x00, 0x00, 0x00, 0x00, 0x00, 0x00, 0x00, 0x00, 0x00, 0x00, 0x00, 0x00, 0x00, 0x00, 0x00, 0x00, 
    0x00, 0x00, 0x00, 0x00, 0x00, 0x00, 0x00, 0x00, 0x00, 0x00, 0x00, 0x00, 0x00, 0x00, 0x00, 0x00, 
    0x00, 0x00, 0x00, 0x00, 0x00, 0x00, 0x00, 0x00, 0x00, 0x00, 0x00, 0x00, 0x00, 0x00, 0x00, 0x00, 
    0x00, 0x00, 0x00, 0x00, 0x00, 0x00, 0x00, 0x00, 0x00, 0x00, 0x00, 0x00, 0x00, 0x00, 0x00, 0x00, 
    0x00, 0x00, 0x00, 0x00, 0x00, 0x00, 0x00, 0x00, 0x00, 0x00, 0x00, 0x00, 0x00, 0x00, 0x00, 0x00, 
    0x00, 0x00, 0x00, 0x00, 0x00, 0x00, 0x00, 0x00, 0x00, 0x00, 0x00, 0x00, 0x00, 0x00, 0x00, 0x00, 
    0x00, 0x00, 0x00, 0x00, 0x00, 0x00, 0x00, 0x00, 0x00, 0x00, 0x00, 0x00, 0x00, 0x00, 0x00, 0x00, 
    0x00, 0x00, 0x00, 0x00, 0x00, 0x00, 0x00, 0x00, 0x00, 0x00, 0x00, 0x00, 0x00, 0x00, 0x00, 0x00, 
    0x00, 0x00, 0x00, 0x00, 0x00, 0x00, 0x00, 0x00, 0x00, 0x00, 0x00, 0x00, 0x00, 0x00, 0x00, 0x00, 
    0x00, 0x00, 0x00, 0x00, 0x00, 0x00, 0x00, 0x00, 0x00, 0x00, 0x00, 0x00, 0x00, 0x00, 0x00, 0x00, 
    0x00, 0x00, 0x00, 0x00, 0x00, 0x00, 0x00, 0x00, 0x00, 0x00, 0x00, 0x00, 0x00, 0x00, 0x00, 0x00, 
    0x00, 0x00, 0x00, 0x00, 0x00, 0x00, 0x00, 0x00, 0x00, 0x00, 0x00, 0x00, 0x00, 0x00, 0x00, 0x00, 
    0x00, 0x00, 0x00, 0x00, 0x00, 0x00, 0x00, 0x00, 0x00, 0x00, 0x00, 0x00, 0x00, 0x00, 0x00, 0x00, 
    0x00, 0x00, 0x00, 0x00, 0x00, 0x00, 0x00, 0x00, 0x00, 0x00, 0x00, 0x00, 0x00, 0x00, 0x00, 0x00, 
    0x00, 0x00, 0x00, 0x00, 0x00, 0x00, 0x00, 0x00, 0x00, 0x00, 0x00, 0x00, 0x00, 0x00, 0x00, 0x00, 
    0x00, 0x00, 0x00, 0x00, 0x00, 0x00, 0x00, 0x00, 0x00, 0x00, 0x00, 0x00, 0x00, 0x00, 0x00, 0x00, 
    0x00, 0x00, 0x00, 0x00, 0x00, 0x00, 0x00, 0x00, 0x00, 0x00, 0x00, 0x00, 0x00, 0x00, 0x00, 0x00, 
    0x00, 0x00, 0x00, 0x00, 0x00, 0x00, 0x00, 0x00, 0x00, 0x00, 0x00, 0x00, 0x00, 0x00, 0x00, 0x00, 
    0x00, 0x00, 0x00, 0x00, 0x00, 0x00, 0x00, 0x00, 0x00, 0x00, 0x00, 0x00, 0x00, 0x00, 0x00, 0x00, 
    0x00, 0x00, 0x00, 0x00, 0x00, 0x00, 0x00, 0x00, 0x00, 0x00, 0x00, 0x00, 0x00, 0x00, 0x00, 0x00, 
    0x00, 0x00, 0x00, 0x00, 0x00, 0x00, 0x00, 0x00, 0x00, 0x00, 0x00, 0x00, 0x00, 0x00, 0x00, 0x00, 
    0x00, 0x00, 0x00, 0x00, 0x00, 0x00, 0x00, 0x00, 0x00, 0x00, 0x00, 0x00, 0x00, 0x00, 0x00, 0x00, 
    0x00, 0x00, 0x00, 0x00, 0x00, 0x00, 0x00, 0x00, 0x00, 0x00, 0x00, 0x00, 0x00, 0x00, 0x00, 0x00, 
    0x00, 0x00, 0x00, 0x00, 0x00, 0x00, 0x00, 0x00, 0x00, 0x00, 0x00, 0x00, 0x00, 0x00, 0x00, 0x00, 
    0x00, 0x00, 0x00, 0x00, 0x00, 0x00, 0x00, 0x00, 0x00, 0x00, 0x00, 0x00, 0x00, 0x00, 0x00, 0x00, 
    0x00, 0x00, 0x00, 0x00, 0x00, 0x00, 0x00, 0x00, 0x00, 0x00, 0x00, 0x00, 0x00, 0x00, 0x00, 0x00, 
    0x00, 0x00, 0x00, 0x00, 0x00, 0x00, 0x00, 0x00, 0x00, 0x00, 0x00, 0x00, 0x00, 0x00, 0x00, 0x00, 
    0x00, 0x00, 0x00, 0x00, 0x00, 0x00, 0x00, 0x00, 0x00, 0x00, 0x00, 0x00, 0x00, 0x00, 0x00, 0x00, 
    0x00, 0x00, 0x00, 0x00, 0x00, 0x00, 0x00, 0x00, 0x00, 0x00, 0x00, 0x00, 0x00, 0x00, 0x00, 0x00, 
    0x00, 0x00, 0x00, 0x00, 0x00, 0x00, 0x00, 0x00, 0x00, 0x00, 0x00, 0x00, 0x00, 0x00, 0x00, 0x00, 
    0x00, 0x00, 0x00, 0x00, 0x00, 0x00, 0x00, 0x00, 0x00, 0x00, 0x00, 0x00, 0x00, 0x00, 0x00, 0x00, 
    0x00, 0x00, 0x00, 0x00, 0x00, 0x00, 0x00, 0x00, 0x00, 0x00, 0x00, 0x00, 0x00, 0x00, 0x00, 0x00, 
    0x00, 0x00, 0x00, 0x00, 0x00, 0x00, 0x00, 0x00, 0x00, 0x00, 0x00, 0x00, 0x00, 0x00, 0x00, 0x00, 
    0x00, 0x00, 0x00, 0x00, 0x00, 0x00, 0x00, 0x00, 0x00, 0x00, 0x00, 0x00, 0x00, 0x00, 0x00, 0x00, 
    0x00, 0x00, 0x00, 0x00, 0x00, 0x00, 0x00, 0x00, 0x00, 0x00, 0x00, 0x00, 0x00, 0x00, 0x00, 0x00, 
    0x00, 0x00, 0x00, 0x00, 0x00, 0x00, 0x00, 0x00, 0x00, 0x00, 0x00, 0x00, 0x00, 0x00, 0x00, 0x00, 
    0x00, 0x00, 0x00, 0x00, 0x00, 0x00, 0x00, 0x00, 0x00, 0x00, 0x00, 0x00, 0x00, 0x00, 0x00, 0x00, 
    0x00, 0x00, 0x00, 0x00, 0x00, 0x00, 0x00, 0x00, 0x00, 0x00, 0x00, 0x00, 0x00, 0x00, 0x00, 0x00, 
    0x00, 0x00, 0x00, 0x00, 0x00, 0x00, 0x00, 0x00, 0x00, 0x00, 0x00, 0x00, 0x00, 0x00, 0x00, 0x00, 
    0x00, 0x00, 0x00, 0x00, 0x00, 0x00, 0x00, 0x00, 0x00, 0x00, 0x00, 0x00, 0x00, 0x00, 0x00, 0x00, 
    0x00, 0x00, 0x00, 0x00, 0x00, 0x00, 0x00, 0x00, 0x00, 0x00, 0x00, 0x00, 0x00, 0x00, 0x00, 0x00, 
    0x00, 0x00, 0x00, 0x00, 0x00, 0x00, 0x00, 0x00, 0x00, 0x00, 0x00, 0x00, 0x00, 0x00, 0x00, 0x00, 
    0x00, 0x00, 0x00, 0x00, 0x00, 0x00, 0x00, 0x00, 0x00, 0x00, 0x00, 0x00, 0x00, 0x00, 0x00, 0x00, 
    0x00, 0x00, 0x00, 0x00, 0x00, 0x00, 0x00, 0x00, 0x00, 0x00, 0x00, 0x00, 0x00, 0x00, 0x00, 0x00, 
    0x00, 0x00, 0x00, 0x00, 0x00, 0x00, 0x00, 0x00, 0x00, 0x00, 0x00, 0x00, 0x00, 0x00, 0x00, 0x00, 
    0x00, 0x00, 0x00, 0x00, 0x00, 0x00, 0x00, 0x00, 0x00, 0x00, 0x00, 0x00, 0x00, 0x00, 0x00, 0x00, 
    0x00, 0x00, 0x00, 0x00, 0x00, 0x00, 0x00, 0x00, 0x00, 0x00, 0x00, 0x00, 0x00, 0x00, 0x00, 0x00, 
    0x00, 0x00, 0x00, 0x00, 0x00, 0x00, 0x00, 0x00, 0x00, 0x00, 0x00, 0x00, 0x00, 0x00, 0x00, 0x00, 
    0x00, 0x00, 0x00, 0x00, 0x00, 0x00, 0x00, 0x00, 0x00, 0x00, 0x00, 0x00, 0x00, 0x00, 0x00, 0x00, 
    0x00, 0x00, 0x00, 0x00, 0x00, 0x00, 0x00, 0x00, 0x00, 0x00, 0x00, 0x00, 0x00, 0x00, 0x00, 0x00, 
    0x00, 0x00, 0x00, 0x00, 0x00, 0x00, 0x00, 0x00, 0x00, 0x00, 0x00, 0x00, 0x00, 0x00, 0x00, 0x00, 
    0x00, 0x00, 0x00, 0x00, 0x00, 0x00, 0x00, 0x00, 0x00, 0x00, 0x00, 0x00, 0x00, 0x00, 0x00, 0x00, 
    0x00, 0x00, 0x00, 0x00, 0x00, 0x00, 0x00, 0x00, 0x00, 0x00, 0x00, 0x00, 0x00, 0x00, 0x00, 0x00, 
    0x00, 0x00, 0x00, 0x00, 0x00, 0x00, 0x00, 0x00, 0x00, 0x00, 0x00, 0x00, 0x00, 0x00, 0x00, 0x00, 
    0x00, 0x00, 0x00, 0x00, 0x00, 0x00, 0x00, 0x00, 0x00, 0x00, 0x00, 0x00, 0x00, 0x00, 0x00, 0x00, 
    0x00, 0x00, 0x00, 0x00, 0x00, 0x00, 0x00, 0x00, 0x00, 0x00, 0x00, 0x00, 0x01, 0x00, 0x80, 0x07, 
    0x00, 0x00, 0x00, 0x00, 0x00, 0x00, 0x00, 0x00, 0x00, 0x00, 0x00, 0x00, 0x00, 0x00, 0x00, 0x00, 
    0x00, 0x00, 0x00, 0x00, 0x00, 0x00, 0x00, 0x00, 0x00, 0x00, 0x00, 0x00, 0x00, 0x00, 0x00, 0x00, 
    0x00, 0x00, 0x00, 0x00, 0x00, 0x00, 0x00, 0x00, 0x00, 0x00, 0x00, 0x00, 0x00, 0x00, 0x00, 0x00, 
    0x00, 0x00, 0x00, 0x00, 0x00, 0x00, 0x00, 0x00, 0x00, 0x00, 0x00, 0x00, 0x00, 0x00, 0x00, 0x00, 
    0x00, 0x00, 0x00, 0x00, 0x00, 0x00, 0x00, 0x00, 0x00, 0x00, 0x00, 0x00, 0x00, 0x00, 0x00, 0x00, 
    0x00, 0x00, 0x00, 0x00, 0x00, 0x00, 0x00, 0x00, 0x00, 0x00, 0x00, 0x00, 0x00, 0x00, 0x00, 0x00, 
    0x00, 0x00, 0x00, 0x00, 0x00, 0x00, 0x00, 0x00, 0x00, 0x00, 0x00, 0x00, 0x00, 0x00, 0x00, 0x00, 
    0x00, 0x00, 0x00, 0x00, 0x00, 0x00, 0x00, 0x00, 0x00, 0x00, 0x00, 0x00, 0x00, 0x00, 0x00, 0x00, 
    0x00, 0x00, 0x00, 0x00, 0x00, 0x00, 0x00, 0x00, 0x00, 0x00, 0x00, 0x00, 0x00, 0x00, 0x00, 0x00, 
    0x00, 0x00, 0x00, 0x00, 0x00, 0x00, 0x00, 0x00, 0x00, 0x00, 0x00, 0x00, 0x00, 0x00, 0x00, 0x00, 
    0x00, 0x00, 0x00, 0x00, 0x00, 0x00, 0x00, 0x00, 0x00, 0x00, 0x00, 0x00, 0x00, 0x00, 0x00, 0x00, 
    0x00, 0x00, 0x00, 0x00, 0x00, 0x00, 0x00, 0x00, 0x00, 0x00, 0x00, 0x00, 0x00, 0x00, 0x00, 0x00, 
    0x00, 0x00, 0x00, 0x00, 0x00, 0x00, 0x00, 0x00, 0x00, 0x00, 0x00, 0x00, 0x00, 0x00, 0x00, 0x00, 
    0x00, 0x00, 0x00, 0x00, 0x00, 0x00, 0x00, 0x00, 0x00, 0x00, 0x00, 0x00, 0x00, 0x00, 0x00, 0x00, 
    0x00, 0x00, 0x00, 0x00, 0x00, 0x00, 0x00, 0x00, 0x00, 0x00, 0x00, 0x00, 0x00, 0x00, 0x00, 0x00, 
    0x00, 0x00, 0x00, 0x00, 0x00, 0x00, 0x00, 0x00, 0x00, 0x00, 0x00, 0x00, 0x00, 0x00, 0x00, 0x00, 
    0x00, 0x00, 0x00, 0x00, 0x00, 0x00, 0x00, 0x00, 0x00, 0x00, 0x00, 0x00, 0x00, 0x00, 0x00, 0x00, 
    0x00, 0x00, 0x00, 0x00, 0x00, 0x00, 0x00, 0x00, 0x00, 0x00, 0x00, 0x00, 0x00, 0x00, 0x00, 0x00, 
    0x00, 0x00, 0x00, 0x00, 0x00, 0x00, 0x00, 0x00, 0x00, 0x00, 0x00, 0x00, 0x00, 0x00, 0x00, 0x00, 
    0x00, 0x00, 0x00, 0x00, 0x00, 0x00, 0x00, 0x00, 0x00, 0x00, 0x00, 0x00, 0x00, 0x00, 0x00, 0x00, 
    0x00, 0x00, 0x00, 0x00, 0x00, 0x00, 0x00, 0x00, 0x00, 0x00, 0x00, 0x00, 0x00, 0x00, 0x00, 0x00, 
    0x00, 0x00, 0x00, 0x00, 0x00, 0x00, 0x00, 0x00, 0x00, 0x00, 0x00, 0x00, 0x00, 0x00, 0x00, 0x00, 
    0x00, 0x00, 0x00, 0x00, 0x00, 0x00, 0x00, 0x00, 0x00, 0x00, 0x00, 0x00, 0x00, 0x00, 0x00, 0x00, 
    0x00, 0x00, 0x00, 0x00, 0x00, 0x00, 0x00, 0x00, 0x00, 0x00, 0x00, 0x00, 0x00, 0x00, 0x00, 0x00, 
    0x00, 0x00, 0x00, 0x00, 0x00, 0x00, 0x00, 0x00, 0x00, 0x00, 0x00, 0x00, 0x00, 0x00, 0x00, 0x00, 
    0x00, 0x00, 0x00, 0x00, 0x00, 0x00, 0x00, 0x00, 0x00, 0x00, 0x00, 0x00, 0x00, 0x00, 0x00, 0x00, 
    0x00, 0x00, 0x00, 0x00, 0x00, 0x00, 0x00, 0x00, 0x00, 0x00, 0x00, 0x00, 0x00, 0x00, 0x00, 0x00, 
    0x00, 0x00, 0x00, 0x00, 0x00, 0x00, 0x00, 0x00, 0x00, 0x00, 0x00, 0x00, 0x00, 0x00, 0x00, 0x00, 
    0x00, 0x00, 0x00, 0x00, 0x00, 0x00, 0x00, 0x00, 0x00, 0x00, 0x00, 0x00, 0x00, 0x00, 0x00, 0x00, 
    0x00, 0x00, 0x00, 0x00, 0x00, 0x00, 0x00, 0x00, 0x00, 0x00, 0x00, 0x00, 0x00, 0x00, 0x00, 0x00, 
    0x00, 0x00, 0x00, 0x00, 0x00, 0x00, 0x00, 0x00, 0x00, 0x00, 0x00, 0x00, 0x00, 0x00, 0x00, 0x00, 
    0x00, 0x00, 0x00, 0x00, 0x00, 0x00, 0x00, 0x00, 0x00, 0x00, 0x00, 0x00, 0x00, 0x00, 0x00, 0x00, 
    0x00, 0x00, 0x00, 0x00, 0x00, 0x00, 0x00, 0x00, 0x00, 0x00, 0x00, 0x00, 0x00, 0x00, 0x00, 0x00, 
    0x00, 0x00, 0x00, 0x00, 0x00, 0x00, 0x00, 0x00, 0x00, 0x00, 0x00, 0x00, 0x00, 0x00, 0x00, 0x00, 
    0x00, 0x00, 0x00, 0x00, 0x00, 0x00, 0x00, 0x00, 0x00, 0x00, 0x00, 0x00, 0x00, 0x00, 0x00, 0x00, 
    0x00, 0x00, 0x00, 0x00, 0x00, 0x00, 0x00, 0x00, 0x00, 0x00, 0x00, 0x00, 0x00, 0x00, 0x00, 0x00, 
    0x00, 0x00, 0x00, 0x00, 0x00, 0x00, 0x00, 0x00, 0x00, 0x00, 0x00, 0x00, 0x00, 0x00, 0x00, 0x00, 
    0x00, 0x00, 0x00, 0x00, 0x00, 0x00, 0x00, 0x00, 0x00, 0x00, 0x00, 0x00, 0x00, 0x00, 0x00, 0x00, 
    0x00, 0x00, 0x00, 0x00, 0x00, 0x00, 0x00, 0x00, 0x00, 0x00, 0x00, 0x00, 0x00, 0x00, 0x00, 0x00, 
    0x00, 0x00, 0x00, 0x00, 0x00, 0x00, 0x00, 0x00, 0x00, 0x00, 0x00, 0x00, 0x00, 0x00, 0x00, 0x00, 
    0x00, 0x00, 0x00, 0x00, 0x00, 0x00, 0x00, 0x00, 0x00, 0x00, 0x00, 0x00, 0x00, 0x00, 0x00, 0x00, 
    0x00, 0x00, 0x00, 0x00, 0x00, 0x00, 0x00, 0x00, 0x00, 0x00, 0x00, 0x00, 0x00, 0x00, 0x00, 0x00, 
    0x00, 0x00, 0x00, 0x00, 0x00, 0x00, 0x00, 0x00, 0x00, 0x00, 0x00, 0x00, 0x00, 0x00, 0x00, 0x00, 
    0x00, 0x00, 0x00, 0x00, 0x00, 0x00, 0x00, 0x00, 0x00, 0x00, 0x00, 0x00, 0x00, 0x00, 0x00, 0x00, 
    0x00, 0x00, 0x00, 0x00, 0x00, 0x00, 0x00, 0x00, 0x00, 0x00, 0x00, 0x00, 0x00, 0x00, 0x00, 0x00, 
    0x00, 0x00, 0x00, 0x00, 0x00, 0x00, 0x00, 0x00, 0x00, 0x00, 0x00, 0x00, 0x00, 0x00, 0x00, 0x00, 
    0x00, 0x00, 0x00, 0x00, 0x00, 0x00, 0x00, 0x00, 0x00, 0x00, 0x00, 0x00, 0x00, 0x00, 0x00, 0x00, 
    0x00, 0x00, 0x00, 0x00, 0x00, 0x00, 0x00, 0x00, 0x00, 0x00, 0x00, 0x00, 0x00, 0x00, 0x00, 0x00, 
    0x00, 0x00, 0x00, 0x00, 0x00, 0x00, 0x00, 0x00, 0x00, 0x00, 0x00, 0x00, 0x00, 0x00, 0x00, 0x00, 
    0x00, 0x00, 0x00, 0x00, 0x00, 0x00, 0x00, 0x00, 0x00, 0x00, 0x00, 0x00, 0x00, 0x00, 0x00, 0x00, 
    0x00, 0x00, 0x00, 0x00, 0x00, 0x00, 0x00, 0x00, 0x00, 0x00, 0x00, 0x00, 0x00, 0x00, 0x00, 0x00, 
    0x00, 0x00, 0x00, 0x00, 0x00, 0x00, 0x00, 0x00, 0x00, 0x00, 0x00, 0x00, 0x00, 0x00, 0x00, 0x00, 
    0x00, 0x00, 0x00, 0x00, 0x00, 0x00, 0x00, 0x00, 0x00, 0x00, 0x00, 0x00, 0x00, 0x00, 0x00, 0x00, 
    0x00, 0x00, 0x00, 0x00, 0x00, 0x00, 0x00, 0x00, 0x00, 0x00, 0x00, 0x00, 0x00, 0x00, 0x00, 0x00, 
    0x00, 0x00, 0x00, 0x00, 0x00, 0x00, 0x00, 0x00, 0x00, 0x00, 0x00, 0x00, 0x00, 0x00, 0x00, 0x00, 
    0x00, 0x00, 0x00, 0x00, 0x00, 0x00, 0x00, 0x00, 0x00, 0x00, 0x00, 0x00, 0x00, 0x00, 0x00, 0x00, 
    0x00, 0x00, 0x00, 0x00, 0x00, 0x00, 0x00, 0x00, 0x00, 0x00, 0x00, 0x00, 0x00, 0x00, 0x00, 0x00, 
    0x00, 0x00, 0x00, 0x00, 0x00, 0x00, 0x00, 0x00, 0x00, 0x00, 0x00, 0x00, 0x00, 0x00, 0x00, 0x00, 
    0x00, 0x00, 0x00, 0x00, 0x00, 0x00, 0x00, 0x00, 0x00, 0x00, 0x00, 0x00, 0x00, 0x00, 0x00, 0x00, 
    0x00, 0x00, 0x00, 0x00, 0x00, 0x00, 0x00, 0x00, 0x00, 0x00, 0x00, 0x00, 0x00, 0x00, 0x00, 0x00, 
    0x00, 0x00, 0x00, 0x00, 0x00, 0x00, 0x00, 0x00, 0x00, 0x00, 0x00, 0x00, 0x00, 0x00, 0x00, 0x00, 
    0x00, 0x00, 0x00, 0x00, 0x00, 0x00, 0x00, 0x00, 0x00, 0x00, 0x00, 0x00, 0x00, 0x00, 0x00, 0x00, 
    0x00, 0x00, 0x00, 0x00, 0x00, 0x00, 0x00, 0x00, 0x00, 0x00, 0x00, 0x00, 0x00, 0x00, 0x00, 0x00, 
    0x00, 0x00, 0x00, 0x00, 0x00, 0x00, 0x00, 0x00, 0x00, 0x00, 0x00, 0x00, 0x00, 0x00, 0x00, 0x00, 
    0x00, 0x00, 0x00, 0x00, 0x00, 0x00, 0x00, 0x00, 0x00, 0x00, 0x00, 0x00, 0x00, 0x00, 0x00, 0x00, 
    0x00, 0x00, 0x00, 0x00, 0x00, 0x00, 0x00, 0x00, 0x00, 0x00, 0x00, 0x00, 0x00, 0x00, 0x00, 0x00, 
    0x00, 0x00, 0x00, 0x00, 0x00, 0x00, 0x00, 0x00, 0x00, 0x00, 0x00, 0x00, 0x00, 0x00, 0x00, 0x00, 
    0x00, 0x00, 0x00, 0x00, 0x00, 0x00, 0x00, 0x00, 0x00, 0x00, 0x00, 0x00, 0x00, 0x00, 0x00, 0x00, 
    0x00, 0x00, 0x00, 0x00, 0x00, 0x00, 0x00, 0x00, 0x00, 0x00, 0x00, 0x00, 0x00, 0x00, 0x00, 0x00, 
    0x00, 0x00, 0x00, 0x00, 0x00, 0x00, 0x00, 0x00, 0x00, 0x00, 0x00, 0x00, 0x00, 0x00, 0x00, 0x00, 
    0x00, 0x00, 0x00, 0x00, 0x00, 0x00, 0x00, 0x00, 0x00, 0x00, 0x00, 0x00, 0x00, 0x00, 0x00, 0x00, 
    0x00, 0x00, 0x00, 0x00, 0x00, 0x00, 0x00, 0x00, 0x00, 0x00, 0x00, 0x00, 0x00, 0x00, 0x00, 0x00, 
    0x00, 0x00, 0x00, 0x00, 0x00, 0x00, 0x00, 0x00, 0x00, 0x00, 0x00, 0x00, 0x00, 0x00, 0x00, 0x00, 
    0x00, 0x00, 0x00, 0x00, 0x00, 0x00, 0x00, 0x00, 0x00, 0x00, 0x00, 0x00, 0x00, 0x00, 0x00, 0x00, 
    0x00, 0x00, 0x00, 0x00, 0x00, 0x00, 0x00, 0x00, 0x00, 0x00, 0x00, 0x00, 0x00, 0x00, 0x00, 0x00, 
    0x00, 0x00, 0x00, 0x00, 0x00, 0x00, 0x00, 0x00, 0x00, 0x00, 0x00, 0x00, 0x00, 0x00, 0x00, 0x00, 
    0x00, 0x00, 0x00, 0x00, 0x00, 0x00, 0x00, 0x00, 0x00, 0x00, 0x00, 0x00, 0x00, 0x00, 0x00, 0x00, 
    0x00, 0x00, 0x00, 0x00, 0x00, 0x00, 0x00, 0x00, 0x00, 0x00, 0x00, 0x00, 0x00, 0x00, 0x00, 0x00, 
    0x00, 0x00, 0x00, 0x00, 0x00, 0x00, 0x00, 0x00, 0x00, 0x00, 0x00, 0x00, 0x00, 0x00, 0x00, 0x00, 
    0x00, 0x00, 0x00, 0x00, 0x00, 0x00, 0x00, 0x00, 0x00, 0x00, 0x00, 0x00, 0x00, 0x00, 0x00, 0x00, 
    0x00, 0x00, 0x00, 0x00, 0x00, 0x00, 0x00, 0x00, 0x00, 0x00, 0x00, 0x00, 0x00, 0x00, 0x00, 0x00, 
    0x00, 0x00, 0x00, 0x00, 0x00, 0x00, 0x00, 0x00, 0x00, 0x00, 0x00, 0x00, 0x00, 0x00, 0x00, 0x00, 
    0x00, 0x00, 0x00, 0x00, 0x00, 0x00, 0x00, 0x00, 0x00, 0x00, 0x00, 0x00, 0x00, 0x00, 0x00, 0x00, 
    0x00, 0x00, 0x00, 0x00, 0x00, 0x00, 0x00, 0x00, 0x00, 0x00, 0x00, 0x00, 0x00, 0x00, 0x00, 0x00, 
    0x00, 0x00, 0x00, 0x00, 0x00, 0x00, 0x00, 0x00, 0x00, 0x00, 0x00, 0x00, 0x00, 0x00, 0x00, 0x00, 
    0x00, 0x00, 0x00, 0x00, 0x00, 0x00, 0x00, 0x00, 0x00, 0x00, 0x00, 0x00, 0x00, 0x00, 0x00, 0x00, 
    0x00, 0x00, 0x00, 0x00, 0x00, 0x00, 0x00, 0x00, 0x00, 0x00, 0x00, 0x00, 0x00, 0x00, 0x00, 0x00, 
    0x00, 0x00, 0x00, 0x00, 0x00, 0x00, 0x00, 0x00, 0x00, 0x00, 0x00, 0x00, 0x00, 0x00, 0x00, 0x00, 
    0x00, 0x00, 0x00, 0x00, 0x00, 0x00, 0x00, 0x00, 0x00, 0x00, 0x00, 0x00, 0x00, 0x00, 0x00, 0x00, 
    0x00, 0x00, 0x00, 0x00, 0x00, 0x00, 0x00, 0x00, 0x00, 0x00, 0x00, 0x00, 0x00, 0x00, 0x00, 0x00, 
    0x00, 0x00, 0x00, 0x00, 0x00, 0x00, 0x00, 0x00, 0x00, 0x00, 0x00, 0x00, 0x00, 0x00, 0x00, 0x00, 
    0x00, 0x00, 0x00, 0x00, 0x00, 0x00, 0x00, 0x00, 0x00, 0x00, 0x00, 0x00, 0x00, 0x00, 0x00, 0x00, 
    0x00, 0x00, 0x00, 0x00, 0x00, 0x00, 0x00, 0x00, 0x00, 0x00, 0x00, 0x00, 0x00, 0x00, 0x00, 0x00, 
    0x00, 0x00, 0x00, 0x00, 0x00, 0x00, 0x00, 0x00, 0x00, 0x00, 0x00, 0x00, 0x00, 0x00, 0x00, 0x00, 
    0x00, 0x00, 0x00, 0x00, 0x00, 0x00, 0x00, 0x00, 0x00, 0x00, 0x00, 0x00, 0x00, 0x00, 0x00, 0x00, 
    0x00, 0x00, 0x00, 0x00, 0x00, 0x00, 0x00, 0x00, 0x00, 0x00, 0x00, 0x00, 0x00, 0x00, 0x00, 0x00, 
    0x00, 0x00, 0x00, 0x00, 0x00, 0x00, 0x00, 0x00, 0x00, 0x00, 0x00, 0x00, 0x00, 0x00, 0x00, 0x00, 
    0x00, 0x00, 0x00, 0x00, 0x00, 0x00, 0x00, 0x00, 0x00, 0x00, 0x00, 0x00, 0x00, 0x00, 0x00, 0x00, 
    0x00, 0x00, 0x00, 0x00, 0x00, 0x00, 0x00, 0x00, 0x00, 0x00, 0x00, 0x00, 0x00, 0x00, 0x00, 0x00, 
    0x00, 0x00, 0x00, 0x00, 0x00, 0x00, 0x00, 0x00, 0x00, 0x00, 0x00, 0x00, 0x00, 0x00, 0x00, 0x00, 
    0x00, 0x00, 0x00, 0x00, 0x00, 0x00, 0x00, 0x00, 0x00, 0x00, 0x00, 0x00, 0x00, 0x00, 0x00, 0x00, 
    0x00, 0x00, 0x00, 0x00, 0x00, 0x00, 0x00, 0x00, 0x00, 0x00, 0x00, 0x00, 0x00, 0x00, 0x00, 0x00, 
    0x00, 0x00, 0x00, 0x00, 0x00, 0x00, 0x00, 0x00, 0x00, 0x00, 0x00, 0x00, 0x00, 0x00, 0x00, 0x00, 
    0x00, 0x00, 0x00, 0x00, 0x00, 0x00, 0x00, 0x00, 0x00, 0x00, 0x00, 0x00, 0x00, 0x00, 0x00, 0x00, 
    0x00, 0x00, 0x00, 0x00, 0x00, 0x00, 0x00, 0x00, 0x00, 0x00, 0x00, 0x00, 0x00, 0x00, 0x00, 0x00, 
    0x00, 0x00, 0x00, 0x00, 0x00, 0x00, 0x00, 0x00, 0x00, 0x00, 0x00, 0x00, 0x00, 0x00, 0x00, 0x00, 
    0x00, 0x00, 0x00, 0x00, 0x00, 0x00, 0x00, 0x00, 0x00, 0x00, 0x00, 0x00, 0x00, 0x00, 0x00, 0x00, 
    0x00, 0x00, 0x00, 0x00, 0x00, 0x00, 0x00, 0x00, 0x00, 0x00, 0x00, 0x00, 0x00, 0x00, 0x00, 0x00, 
    0x00, 0x00, 0x00, 0x00, 0x00, 0x00, 0x00, 0x00, 0x00, 0x00, 0x00, 0x00, 0x00, 0x00, 0x00, 0x00, 
    0x00, 0x00, 0x00, 0x00, 0x00, 0x00, 0x00, 0x00, 0x00, 0x00, 0x00, 0x00, 0x00, 0x00, 0x00, 0x00, 
    0x00, 0x00, 0x00, 0x00, 0x00, 0x00, 0x00, 0x00, 0x00, 0x00, 0x00, 0x00, 0x00, 0x00, 0x00, 0x00, 
    0x00, 0x00, 0x00, 0x00, 0x00, 0x00, 0x00, 0x00, 0x00, 0x00, 0x00, 0x00, 0x00, 0x00, 0x00, 0x00, 
    0x00, 0x00, 0x00, 0x00, 0x00, 0x00, 0x00, 0x00, 0x00, 0x00, 0x00, 0x00, 0x00, 0x00, 0x00, 0x00, 
    0x00, 0x00, 0x00, 0x00, 0x00, 0x00, 0x00, 0x00, 0x00, 0x00, 0x00, 0x00, 0x00, 0x00, 0x00, 0x00, 
    0x00, 0x00, 0x00, 0x00, 0x00, 0x00, 0x00, 0x00, 0x00, 0x00, 0x00, 0x00, 0x00, 0x00, 0x00, 0x00, 
    0x00, 0x00, 0x00, 0x00, 0x00, 0x00, 0x00, 0x00, 0x00, 0x00, 0x00, 0x00, 0x00, 0x00, 0x00, 0x00, 
    0x00, 0x00, 0x00, 0x00, 0x00, 0x00, 0x00, 0x00, 0x00, 0x00, 0x00, 0x00, 0x00, 0x00, 0x00, 0x00, 
    0x00, 0x00, 0x00, 0x00, 0x00, 0x00, 0x00, 0x00, 0x00, 0x00, 0x00, 0x00, 0x00, 0x00, 0x00, 0x00, 
    0x00, 0x00, 0x00, 0x00, 0x00, 0x00, 0x00, 0x00, 0x00, 0x00, 0x00, 0x00, 0x00, 0x00, 0x00, 0x00, 
    0x00, 0x00, 0x00, 0x00, 0x00, 0x00, 0x00, 0x00, 0x00, 0x00, 0x00, 0x00, 0x00, 0x00, 0x00, 0x00
};

const size_t MEDICATION_PROMPT_SIZE = sizeof(MEDICATION_PROMPT_DATA);
const int MEDICATION_PROMPT_SAMPLE_RATE = 16000;
const float MEDICATION_PROMPT_DURATION = 2.40f;

// Alternative: Raw PCM data (16-bit samples)
const int16_t MEDICATION_PROMPT_PCM[] = {
         0,      0,      0,      0,      0,      0,      0,      0, 
         0,      0,      0,      0,      0,      0,      0,      0, 
         0,      0,      0,      0,      0,      0,      0,      0, 
         0,      0,      0,      0,      0,      0,      0,      0, 
         0,      0,      0,      0,      0,      0,      0,      0, 
         0,      0,      0,      0,      0,      0,      0,      0, 
         0,      0,      0,      0,      0,      0,      0,      0, 
         0,      0,      0,      0,      0,      0,      0,      0, 
         0,      0,      0,      0,      0,      0,      0,      0, 
         0,      0,      0,      0,      0,      0,      0,      0, 
         0,      0,      0,      0,      0,      0,      0,      0, 
         0,      0,      0,      0,      0,      0,      0,      0, 
         0,      0,      0,      0,      0,      0,      0,      0, 
         0,      0,      0,      0,      0,      0,      0,      0, 
         0,      0,      0,      0,      0,      0,      0,      0, 
         0,      0,      0,      0,      0,      0,      0,      0, 
         0,      0,      0,      0,      0,      0,      0,      0, 
         0,      0,      0,      0,      0,      0,      0,      0, 
         0,      0,      0,      0,      0,      0,      0,      0, 
         0,      0,      0,      0,      0,      0,      0,      0, 
         0,      0,      0,      0,      0,      0,      0,      0, 
         0,      0,      0,      0,      0,      0,      0,      0, 
         0,      0,      0,      0,      0,      0,      0,      0, 
         0,      0,      0,      0,      0,      0,      0,      0, 
         0,      0,      0,      0,      0,      0,      0,      0, 
         0,      0,      0,      0,      0,      0,      0,      0, 
         0,      0,      0,      0,      0,      0,      0,      0, 
         0,      0,      0,      0,      0,      0,      0,      0, 
         0,      0,      0,      0,      0,      0,      0,      0, 
         0,      0,      0,      0,      0,      0,      0,      0, 
         0,      0,      0,      0,      0,      0,      0,      0, 
         0,      0,      0,      0,      0,      0,      0,      0, 
         0,      0,      0,      0,      0,      0,      0,      0, 
         0,      0,      0,      0,      0,      0,      0,      0, 
         0,      0,      0,      0,      0,      0,      0,      0, 
         0,      0,      0,      0,      0,      0,      0,      0, 
         0,      0,      0,      0,      0,      0,      0,      0, 
         0,      0,      0,      0,      0,      0,      0,      0, 
         0,      0,      0,      0,      0,      0,      0,      0, 
         0,      0,      0,      0,      0,      0,      0,      0, 
         0,      0,      0,      0,      0,      0,      0,      0, 
         0,      0,      0,      0,      0,      0,      0,      0, 
         0,      0,      0,      0,      0,      0,      0,      0, 
         0,      0,      0,      0,      0,      0,      0,      0, 
         0,      0,      0,      0,      0,      0,      0,      0, 
         0,      0,      0,      0,      0,      0,      0,      0, 
         0,      0,      0,      0,      0,      0,      0,      0, 
         0,      0,      0,      0,      0,      0,      0,      0, 
         0,      0,      0,      0,      0,      0,      0,      0, 
         0,      0,      0,      0,      0,      0,      0,      0, 
         0,      0,      0,      0,      0,      0,      0,      0, 
         0,      0,      0,      0,      0,      0,      0,      0, 
         0,      0,      0,      0,      0,      0,      0,      0, 
         0,      0,      0,      0,      0,      0,      0,      0, 
         0,      0,      0,      0,      0,      0,      0,      0, 
         0,      0,      0,      0,      0,      0,      0,      0, 
         0,      0,      0,      0,      0,      0,      0,      0, 
         0,      0,      0,      0,      0,      0,      0,      0, 
         0,      0,      0,      0,      0,      0,      0,      0, 
         0,      0,      0,      0,      0,      0,      0,      0, 
         0,      0,      0,      0,      0,      0,      0,      0, 
         0,      0,      0,      0,      0,      0,      0,      0, 
         0,      0,      0,      0,      0,      0,      0,      0, 
         0,      0,      0,      0,      0,      0,      0,      0, 
         0,      0,      0,      0,      0,      0,      0,      0, 
         0,      0,      0,      0,      0,      0,      0,      0, 
         0,      0,      0,      0,      0,      0,      0,      0, 
         0,      0,      0,      0,      0,      0,      0,      0, 
         0,      0,      0,      0,      0,      0,      0,      0, 
         0,      0,      0,      0,      0,      0,      0,      0, 
         0,      0,      0,      0,      0,      0,      0,      0, 
         0,      0,      0,      0,      0,      0,      0,      0, 
         0,      0,      0,      0,      0,      0,      0,      0, 
         0,      0,      0,      0,      0,      0,      0,      0, 
         0,      0,      0,      0,      0,      0,      0,      0, 
         0,      0,      0,      0,      0,      0,      0,      0, 
         0,      0,      0,      0,      0,      0,      0,      0, 
         0,      0,      0,      0,      0,      0,      0,      0, 
         0,      0,      0,      0,      0,      0,      0,      0, 
         0,      0,      0,      0,      0,      0,      0,      0, 
         0,      0,      0,      0,      0,      0,      0,      0, 
         0,      0,      0,      0,      0,      0,      0,      0, 
         0,      0,      0,      0,      0,      0,      0,      0, 
         0,      0,      0,      0,      0,      0,      0,      0, 
         0,      0,      0,      0,      0,      0,      0,      0, 
         0,      0,      0,      0,      0,      0,      0,      0, 
         0,      0,      0,      0,      0,      0,      0,      0, 
         0,      0,      0,      0,      0,      0,      0,      0, 
         0,      0,      0,      0,      0,      0,      0,      0, 
         0,      0,      0,      0,      0,      0,      0,      0, 
         0,      0,      0,      0,      0,      0,      0,      0, 
         0,      0,      0,      0,      0,      0,      0,      0, 
         0,      0,      0,      0,      0,      0,      0,      0, 
         0,      0,      0,      0,      0,      0,      0,      0, 
         0,      0,      0,      0,      0,      0,      0,      0, 
         0,      0,      0,      0,      0,      0,      0,      0, 
         0,      0,      0,      0,      0,      0,      0,      0, 
         0,      0,      0,      0,      0,      0,      0,      0, 
         0,      0,      0,      0,      0,      0,      0,      0, 
         0,      0,      0,      0,      0,      0,      0,      0, 
         0,      0,      0,      0,      0,      0,      0,      0, 
         0,      0,      0,      0,      0,      0,      0,      0, 
         0,      0,      0,      0,      0,      0,      0,      0, 
         0,      0,      0,      0,      0,      0,      0,      0, 
         0,      0,      0,      0,      0,      0,      0,      0, 
         0,      0,      0,      0,      0,      0,      0,      0, 
         0,      0,      0,      0,      0,      0,      0,      0, 
         0,      0,      0,      0,      0,      0,      0,      0, 
         0,      0,      0,      0,      0,      0,      0,      0, 
         0,      0,      0,      0,      0,      0,      0,      0, 
         0,      0,      0,      0,      0,      0,      0,      0, 
         0,      0,      0,      0,      0,      0,      0,      0, 
         0,      0,      0,      0,      0,      0,      0,      0, 
         0,      0,      0,      0,      0,      0,      0,      0, 
         0,      0,      0,      0,      0,      0,      0,      0, 
         0,      0,      0,      0,      0,      0,      0,      0, 
         0,      0,      0,      0,      0,      0,      0,      0, 
         0,      0,      0,      0,      0,      0,      0,      0, 
         0,      0,      0,      0,      0,      0,      0,      0, 
         0,      0,      0,      0,      0,      0,      0,      0, 
         0,      0,      0,      0,      0,      0,      0,      0, 
         0,      0,      0,      0,      0,      0,      0,      0, 
         0,      0,      0,      0,      0,      0,      0,      0, 
         0,      0,      0,      0,      0,      0,      0,      0, 
         0,      0,      0,      0,      0,      0,      0,      0, 
         0,      0,      0,      0,      0,      0,      0,      0, 
         0,      0,      0,      0,      0,      0,      0,      0, 
         0,      0,      0,      0,      0,      0,      0,      0, 
         0,      0,      0,      0,      0,      0,      0,      0, 
         0,      0,      0,      0,      0,      0,      0,      0, 
         0,      0,      0,      0,      0,      0,      0,      0, 
         0,      0,      0,      0,      0,      0,      0,      0, 
         0,      0,      0,      0,      0,      0,      0,      0, 
         0,      0,      0,      0,      0,      0,      0,      0, 
         0,      0,      0,      0,      0,      0,      0,      0, 
         0,      0,      0,      0,      0,      0,      0,      0, 
         0,      0,      0,      0,      0,      0,      0,      0, 
         0,      0,      0,      0,      0,      0,      0,      0, 
         0,      0,      0,      0,      0,      0,      0,      0, 
         0,      0,      0,      0,      0,      0,      0,      0, 
         0,      0,      0,      0,      0,      0,      0,      0, 
         0,      0,      0,      0,      0,      0,      0,      0, 
         0,      0,      0,      0,      0,      0,      0,      0, 
         0,      0,      0,      0,      0,      0,      0,      0, 
         0,      0,      0,      0,      0,      0,      0,      0, 
         0,      0,      0,      0,      0,      0,      0,      0, 
         0,      0,      0,      0,      0,      0,      0,      0, 
         0,      0,      0,      0,      0,      0,      0,      0, 
         0,      0,      1,      0,      0,      0,      0,      0, 
        -1,      0,      0,      0,      0,      0,      0,      0, 
         0,      0,      0,      0,      0,      0,      0,      0, 
         0,      0,      0,      0,      0,      0,      0,      0, 
         0,      0,      0,      0,      0,      0,      0,      0, 
         1,      0,      0,      1,      0,      1,      0,      0, 
         1,      0,      0,      1,      0,      0,      1,      0, 
         0,      0,      1,      0,      0,      0,      0,      0, 
         0,      0,      0,      0,      0,      0,      0,      1, 
         0,      0,      1,      1,      0,      0,      1,      0, 
         0,      1,      0,     -1,      0,      1,      1,      1, 
         0,      0,      0,      0,      0,      0,      1,      0, 
         1,      1,      0,      0,      0,      0,      0,      0, 
         0,      0,      0,      0,      0,      0,      1,      0, 
         0,      0,      0,      0,      0,      0,      0,      0, 
         0,      0,      0,      0,      1,      1,      0,      0, 
         0,      0,      1,      1,      0,      0,      0,      0, 
         0,      0,      0,      1,      1,      0,      0,      0, 
         0,      0,      0,      0,      0,      0,      2,      0, 
         0,      1,      0,      1,      1,      1,      0,      0, 
         1,      0,      1,     -1,      0,      1,      0,      0, 
         1,      1,      1,      1,      1,      1,      1,      0, 
         0,     -1,      1,      1,      1,      0,      0,      0, 
         0,      1,      0,      1,      1,      0,      1,      1, 
         0,      0,      0,      0,      0,      0,      1,      0, 
         0,      0,      1,      0,      0,      1,      0,      0, 
         0,      0,      0,      0,      1,      0,      0,      1, 
         0,      0,      0,      0,      0,      0,      1,      1, 
         0,      1,      0,      1,      0,      0,      1,      0, 
         1,      0,      0,      0,      0,      0,      0,      1, 
         0,      0,      1,      1,      0,      0,      0,      1, 
         0,      0,      1,      0,      0,      0,      0,      1, 
         1,      0,      0,      0,      0,      0,      0,      0, 
         1,      1,      0,      0,      0,      0,      0,      0, 
         0,      0,      0,      0,      0,      0,      0,      0, 
         1,      0,      0,      1,      1,      0,      1,      0, 
         0,      0,      1,      1,      1,      0,     -1,      1, 
         1,      0,      1,      1,      0,      0,      1,      1, 
         1,      1,      0,      1,      1,      0,      0,      1, 
         1,      1,      0,      1,      1,      0,      1,      0, 
         0,      1,      0,      1,      1,      0,      1,      1, 
         0,      1,      1,      1,      1,      0,      0,      0, 
         1,      1,      1,      0,      0,      1,      1,      1, 
         1,      0,      1,      1,      2,      1,      0,      1, 
         2,      1,      1,      1,      1,      1,      1,      1, 
         1,      2,      2,      2,      1,      1,      1,      2, 
         1,      1,      2,      2,      2,      0,      1,      2, 
         1,      2,      1,      1,      2,      2,      1,      1, 
         2,      2,      2,      1,      2,      2,      0,      1, 
         2,      2,      2,      2,      2,      2,      2,      1, 
         1,      2,      1,      0,      2,      0,      1,      1, 
         1,      2,      1,      1,      0,      1,      1,      1, 
         0,      0,      2,      2,      1,      1,      1,      0, 
         0,      1,      0,      1,      0,      1,      2,      0, 
         0,      0,      0,      0,      0,      0,      0,      1, 
         0,      0,      1,      0,      0,      0,      0,      0, 
         0,      0,      0,      0,      0,      0,      0,      0, 
         0,      0,      0,      0,      0,      0,      0,     -1, 
         0,      0,      0,      0,     -1,      0,      0,      0, 
         0,     -1,     -1,     -1,      0,      0,     -1,      0, 
        -1,      0,     -1,     -1,     -1,     -2,     -2,     -1, 
        -2,      0,     -1,     -2,     -1,     -2,     -2,     -2, 
        -1,      0,     -2,     -1,     -1,     -1,     -1,     -1, 
        -1,     -1,      0,     -2,     -1,      1,     -1,      0, 
         0,     -1,      0,     -1,     -1,      0,      0,      1, 
         0,      0,      0,      0,      0,      0,      0,      0, 
         0,      1,      1,      0,      0,      0,      0,      0, 
        -1,     -1,      0,      0,      0,     -1,     -1,      0, 
         0,      0,      0,      0,      0,     -1,     -1,      0, 
         0,      0,      0,      1,      1,     -1,      0,      0, 
         0,      0,      0,      0,      1,      0,      0,      0, 
        -1,     -1,      0,     -1,     -1,     -1,      0,     -1, 
         0,     -1,     -2,      0,     -1,     -1,     -3,     -3, 
         0,      0,      0,     -2,     -1,      0,      0,     -1, 
         0,      0,      0,      0,     -1,     -1,      0,      0, 
         0,      0,      0,      0,      1,      1,     -1,     -2, 
         0,      0,      0,      0,     -1,     -1,      1,      0, 
        -1,     -1,     -1,      0,      0,      0,      1,      1, 
        -1,      1,      2,      1,      0,      0,      4,      2, 
         2,      2,      2,      2,     -1,      0,      2,      0, 
         1,      4,      3,     -1,      0,     -3,     -1,      2, 
        -5,     -4,     -4,      0,      3,      0,     -1,      6, 
        20,     11,      8,      7,     -2,      1,     -1,      1, 
         4,      3,      6,      6,      7,      6,      4,      7, 
         7,     10,     13,      9,     10,     13,     11,     13, 
        14,     15,     17,     20,     16,     14,     17,     16, 
        14,     13,     17,     13,     15,     17,     11,     14, 
        15,     13,     14,     15,     13,     17,     13,     11, 
        12,     10,     12,      7,      8,      4,      4,      8, 
         6,      3,     -2,      5,      5,      1,      4,      0, 
         0,      3,      3,      4,      5,      2,      0,     -2, 
        -1,      3,      1,      3,      4,      5,      4,     -3, 
        -1,      2,      1,     -2,    -10,     -7,     -3,      0, 
         0,     -8,    -10,     -5,     -1,     -7,    -11,    -10, 
       -11,     -4,     -2,      2,      4,    -10,     -2,     -4, 
        -6,      1,    -10,     -3,     -3,     -5,     -6,     -9, 
       -10,     -6,     -6,    -10,    -17,     -9,     -1,    -16, 
        -8,    -11,    -10,     -6,    -12,    -13,    -24,    -23, 
       -12,    -13,    -23,    -15,    -14,     -1,      5,    -15, 
        -6,    -15,    -17,     -9,    -19,     -7,     -9,    -12, 
        -5,     -9,     -6,    -10,    -17,    -13,    -17,    -17, 
       -15,    -16,    -15,    -12,    -16,    -12,     -9,    -22, 
       -11,     -9,    -19,    -17,    -16,    -12,    -16,    -18, 
       -17,    -15,    -16,    -19,    -24,    -19,    -22,    -28, 
       -21,    -23,    -14,    -10,    -18,    -18,    -16,    -19, 
       -21,    -16,    -30,    -31,    -18,    -24,    -26,    -29, 
       -28,    -30,    -35,    -31,    -38,    -34,    -30,    -27, 
       -22,    -20,    -17,    -16,    -20,    -24,    -19,    -24, 
       -15,    -14,    -15,    -22,    -13,     -7,    -23,    -16, 
       -23,    -19,    -26,    -28,    -22,    -24,    -19,    -21, 
       -14,    -17,    -10,     -7,     -9,     -6,    -11,     -9, 
       -11,    -11,    -10,     -7,      0,     -3,     -8,     -1, 
        -4,     -9,     -3,     -6,     -2,      6,      3,      2, 
        -3,      1,      3,      4,      9,     -5,     -3,      1, 
        -2,      2,      2,      2,     -2,      1,     -1,      0, 
         5,      5,      9,      0,      9,     11,      2,     10, 
         5,      5,     10,      6,     10,     11,      3,     14, 
        15,      3,      7,     10,      9,     14,      6,      6, 
        16,     11,     19,     18,     11,     26,     19,     17, 
        30,     24,     10,      6,     10,     13,     23,     20, 
        16,     17,     21,     23,     23,     11,     12,     30, 
        21,     29,     37,     27,     39,     38,     23,     36, 
        32,     29,     34,     27,     29,     31,     39,     20, 
        16,     34,     27,     36,     36,      5,     40,     28, 
         5,     39,     14,     26,     35,     22,     31,     12, 
        31,     36,      9,     36,     32,     28,     47,     23, 
        36,     28,     20,     30,     14,     27,     27,     31, 
        -3,     10,     30,     19,     46,      9,     22,     55, 
        31,     19,     19,      6,     14,      1,     13,     21, 
        -6,     23,      8,     27,     30,     11,     29,     10, 
         0,      0,     24,     16,     -5,      0,     15,     -4, 
        -1,     17,    -13,     19,     -8,     25,     28,    -24, 
        49,      3,      1,     13,     -9,      0,    -17,     18, 
       -20,     18,     -4,     -9,     47,    -16,     38,      3, 
        -1,      1,    -42,     14,     -4,    -18,    -19,    -39, 
       -11,    -12,     -1,      7,    -12,      9,     -1,     25, 
       -24,    -25,     -4,    -49,    -11,    -17,     -6,     -7, 
       -21,     12,    -13,      4,      2,    -24,     28,    -38, 
         8,     24,    -31,     16,     -3,      5,      0,    -13, 
       -17,     -5,    -19,    -24,    -27,    -14,    -27,    -18, 
        12,    -21,    -23,     -5,      3,    -19,    -29,    -13, 
       -22,    -27,      1,    -27,      7,    -29,    -11,     24, 
       -45,     -8,     -3,    -13,    -20,     -1,      3,      2, 
        19,      2,     -8,     21,    -29,      1,     22,    -61, 
        -5,    -11,     -8,     -6,    -18,     32,     -6,     15, 
         7,    -18,     15,    -88,     -3,    -47,    -77,      9, 
       -45,     35,    -35,     21,     18,     -6,     36,    -31, 
        23,    -31,    -16,    -26,    -14,     10,    -55,     64, 
       -38,    -23,     63,    -13,     47,    -23,      7,     30, 
        15,     15,     -9,      1,    -41,      0,     -2,    -46, 
       -28,    -20,    -27,      6,    -13,     10,     27,    -20, 
        15,    -14,     25,    -10,    -75,    -12,    -54,    -46, 
        20,      1,    -70,     45,     25,     36,     64,    -27, 
        54,    -18,    -20,     10,    -15,    -34,     -8,      6, 
       -26,     35,     22,     15,     26,    -35,     -3,     34, 
       -18,     -5,    -56,    -23,     31,    -82,     46,     -9, 
       -95,     59,    -43,    -28,     11,    -39,     38,    -46, 
       -18,     39,     -3,     47,    -44,     -1,    -17,    -10, 
        49,    -41,      1,    -11,      0,     53,     22,     -3, 
        19,     14,      1,    -50,     77,    -10,    -64,     43, 
       -81,     69,    -15,     43,    -18,    -98,     64,    -45, 
        50,    -75,    -48,     11,    -52,     97,    -64,     40, 
        11,    -66,     90,    -73,     37,    -29,    -56,     17, 
       -43,     27,     62,     32,    -54,     77,     85,    -27, 
        83,    -27,    -72,     80,    -31,    -12,      7,    -77, 
        77,     25,    -42,     71,    -58,     50,     30,    -60, 
        30,    -38,     -7,    -38,     13,    -46,     -2,    -27, 
       -39,     19,    -74,    132,    -45,    -50,     42,     38, 
       119,    -63,     64,    -79,     -2,    111,    -70,     11, 
       -74,    -26,     63,     36,     16,     75,    -59,     23, 
        53,    -25,    116,   -163,    -35,    -55,    -66,    102, 
       -68,     22,   -112,     -9,    142,     30,     23,    -83, 
       -39,     41,     -2,     42,    -83,     -5,    -23,    -61, 
       109,    -44,     55,    -11,   -117,     39,     59,      9, 
         4,    -68,    -25,     -9,     46,     42,    -84,    -33, 
       -24,    -16,    -12,     92,    -75,    -12,     -6,      5, 
       101,    -41,     -3,     11,    -74,    -26,     18,     23, 
       -83,   -107,    122,   -129,     31,      0,     -6,    -37, 
      -157,    135,    -75,    -87,     -8,    -37,     29,    -18, 
       -79,     45,     28,     32,     13,   -127,     19,     78, 
        20,     14,   -140,     77,     58,     52,    -44,    -54, 
       210,   -229,    -60,    131,   -126,     38,   -171,   -162, 
       182,   -138,      5,    -46,    -90,      2,    -94,    145, 
      -122,   -136,    101,    -99,     -7,     48,    -68,    111, 
      -202,    195,     17,   -103,    134,    -82,    238,   -234, 
        22,    179,    -49,    -41,   -122,    155,   -204,    -24, 
       112,   -269,    128,   -210,     54,     20,   -129,    140, 
      -186,     13,    -17,      5,   -106,     91,   -178,     -7, 
        60,    -30,     86,    -57,    100,    -94,    205,    -48, 
        11,     18,    -82,    147,   -201,     61,    -44,    -50, 
       157,   -310,     97,      3,     15,    -79,    -73,    116, 
      -252,     72,     50,     19,   -110,   -146,    123,    100, 
      -126,     69,    -31,     14,   -122,    244,     87,   -261, 
       244,   -176,    108,    -19,    137,    -28,   -452,    345, 
       -73,    -14,     25,   -334,    242,    -69,    -30,     -7, 
         0,     52,   -277,    154,     65,    -16,    -56,   -134, 
       232,    -72,    107,     50,   -155,    228,    -87,    147, 
      -155,    119,     95,   -226,    213,   -312,    402,   -192, 
      -118,     64,   -221,    414,   -486,    129,     12,   -164, 
         7,    -52,    204,   -318,    229,   -123,    -27,    212, 
      -209,    419,   -393,    -49,    494,   -256,    215,   -156, 
        43,    102,     -2,    239,   -274,    100,   -113,    238, 
      -139,   -179,    375,   -508,    171,      7,   -127,    111, 
      -206,    -48,    -33,    186,   -128,   -141,    183,   -147, 
       178,    -16,    -24,     67,   -121,    356,   -189,     22, 
       129,      5,    -88,    205,    120,   -346,    268,   -131, 
       187,    -64,   -286,    335,   -351,    134,    -42,   -127, 
       182,   -442,    273,    -58,    -80,    112,   -130,    -38, 
        71,     50,     34,     53,   -249,    399,   -175,      1, 
       231,   -167,    311,   -348,    141,    184,   -147,    162, 
      -150,     63,   -350,    502,   -216,   -162,    257,   -628, 
       510,   -293,    275,   -298,   -116,    332,   -635,    675, 
      -202,    -67,     38,   -398,    551,     71,    -45,    -77, 
      -232,    401,   -102,    368,   -185,   -354,    455,   -321, 
       372,   -194,     13,    105,   -580,    236,    433,   -263, 
      -411,    397,   -455,      5,    578,   -527,    -20,     -3, 
       -99,    186,    -20,    126,   -100,   -103,    176,     20, 
       173,   -192,    300,   -320,   -176,    712,   -567,    463, 
      -283,   -287,    398,   -172,    203,   -367,    -66,   -171, 
       197,    225,   -639,    336,     22,   -326,    374,   -273, 
       440,   -265,   -335,    330,     48,    529,   -686,    343, 
        -5,   -317,    850,   -477,   -261,    358,   -183,     56, 
      -270,    347,      6,   -473,    416,   -545,    586,    -80, 
      -424,    176,    -73,    183,   -459,    451,   -145,    133, 
      -286,    195,    105,   -522,    878,   -310,   -283,    183, 
       315,   -111,    -10,     56,    157,     -9,     17,    154, 
      -274,    246,     92,   -348,    362,   -464,    253,    262, 
      -505,    476,   -641,    725,   -518,     -3,    583,   -637, 
       456,   -402,    376,   -245,    120,    535,   -912,    523, 
      -167,     44,    388,   -513,     86,     96,    545,   -486, 
        50,    223,   -240,    473,   -162,   -239,    298,   -168, 
       186,   -188,   -191,    679,   -546,    -52,    105,    210, 
        41,    -56,     62,   -455,    407,    481,   -416,    330, 
      -223,    115,    542,   -277,    320,   -785,    368,    -98, 
      -419,    289,   -389,    103,    187,   -158,   -225,    407, 
      -174,   -414,     69,     52,   -113,   -137,    149,    -71, 
       101,    198,   -354,    475,   -268,    363,    170,   -825, 
       472,    -52,    587,   -733,    -70,   1198,   -865,    393, 
      -350,    141,    249,  -1062,     63,   -382,    430,    123, 
      -740,   -387,    472,    353,   -306,   -328,    -83,    415, 
      -486,     85,    237,   -317,    469,   -635,    403,   -307, 
       310,    628,  -1489,   1213,   -672,    494,    103,   -530, 
       918,  -1087,    898,   -608,    912,    -69,  -1349,   1615, 
     -1298,    977,   -307,   -925,    859,  -1221,   1749,  -1275, 
      -155,    656,   -931,    829,   -904,   1253,   -784,    180, 
      -149,   -516,   1541,   -681,    327,  -1229,   1065,    389, 
     -1122,   1056,   -781,    412,   -104,   -148,    280,   -518, 
      1670,  -1864,     27,   1063,   -920,   1200,  -1314,    606, 
      -218,   -241,    638,   -600,    933,   -289,   -518,    526, 
        78,    319,    -84,   -135,    -64,    361,   1391,  -1919, 
       854,    467,   -982,   1643,  -1777,    635,    -62,   -705, 
      1382,  -1863,   1313,     41,  -1486,   1318,   -546,    948, 
      -505,   -777,    180,    434,   1168,  -1304,    779,   -334, 
        90,    815,   -496,    476,  -1120,   1190,   -652,   -500, 
      1448,   -690,    -26,    -67,    146,    233,    -21,   -142, 
      -527,    657,   -112,   -135,    134,   -349,   1000,   -679, 
       559,    -53,  -1134,   1489,   -226,  -1365,   1160,    247, 
     -1056,   -322,    398,   1438,  -1022,   -422,   -229,    198, 
       951,   -907,    -91,   -102,    691,   -384,   -598,    939, 
        23,    296,   -615,    209,    496,    490,    -53,  -1417, 
      1860,   -230,   -702,   -574,   -221,   2082,  -1693,    546, 
      -896,   -280,   1570,  -1929,   1717,  -1030,     72,    624, 
      -834,   1149,   -664,    897,   -575,   -430,    905,   -445, 
       764,   -388,   -564,    418,   -241,    336,    509,   -506, 
      -140,    903,  -1832,   1401,    108,  -1531,   1275,   -530, 
       143,  -1202,   1248,    569,  -1185,   1041,  -1169,    -86, 
       390,    651,    139,  -1800,    614,    527,    -94,    450, 
        90,    268,   -468,    204,    831,   -671,    361,    277, 
     -1510,    637,    308,   -218,    466,  -1352,   1155,   -533, 
       198,   1240,  -1724,    477,    315,   -289,   -792,    547, 
      -242,   -102,    483,  -1023,    654,   -502,    751,    -84, 
     -1196,   1720,   -665,    190,   -116,   -383,    712,  -1105, 
       769,  -1006,   1079,    178,  -1299,   1517,  -1694,    900, 
       370,   -596,    520,   -409,    863,   -734,   -502,    787, 
        48,   -979,   -125,    700,   -566,      2,   -539,     23, 
       933,  -1118,   1054,   -201,   -862,     16,   -340,   1481, 
     -1006,   -542,    367,   -248,    925,    325,   -839,   -827, 
      1538,    500,  -1352,   1289,   -468,   -270,    789,   -781, 
      1065,   -945,    340,   -367,  -1359,   2556,   -527,   -827, 
      -294,   -318,   1750,   -820,   -999,    727,   -163,   -134, 
      -126,   -144,    -86,    618,   -401,    129,    595,   -342, 
      1169,  -1727,    649,   2383,  -2107,    507,    945,  -1109, 
       999,    500,   -569,    174,    158,    810,    191,  -1130, 
       121,    543,   -398,   1332,  -1607,   -682,   1491,  -1816, 
       629,   -298,   -315,   -344,   -979,    279,  -1689,   1627, 
       402,  -2094,   1308,   -123,    477,   -246,   -342,    338, 
       281,   1074,  -2142,    791,   1019,   -152,    301,  -1337, 
       281,    626,   1174,  -1219,   -863,    970,   -525,   1072, 
      -602,   -233,   -168,   -270,   1335,   -796,   1225,    244, 
     -2122,   1085,   1045,    534,   -625,  -1271,   -345,    315, 
      1773,    -20,  -1831,   -310,    556,    258,    810,   -372, 
      -177,   -652,    425,    850,    186,   1027,   -783,   -838, 
      1229,    170,   -469,    -97,  -1680,   1329,   1098,  -2419, 
       453,    609,    644,     61,  -1750,   2423,   -745,  -1081, 
       465,   -929,   1741,   -279,  -1941,  -2000,   1800,   2836, 
     -2295,  -1880,    911,   2358,    120,  -1110,  -1707,    716, 
      2616,  -1610,   -195,   -380,   1315,    446,  -2456,   1699, 
       -33,   1410,   -157,  -3491,   2076,   1715,    688,  -2478, 
     -1892,   3108,    581,  -2052,   -949,   1121,    376,    185, 
      -512,   -406,    702,    167,   -858,   -851,   2113,    583, 
     -3059,    -63,   1139,    163,    276,   -710,   -804,    998, 
       687,  -1092,    809,    486,   -484,   -481,    -45,    822, 
      -312,     -6,    489,   -407,    338,    -55,   -876,    329, 
       363,    151,  -1109,    452,    308,  -1800,   1307,    701, 
         3,    127,   -657,    522,   -820,    113,    283,   -165, 
       498,  -1195,   -981,   -514,   2176,   1124,  -1281,    193, 
     -1096,   1296,   1174,   -920,   -324,   -350,   -185,   -906, 
       465,   1034,    702,   -983,  -1350,    274,   1135,    696, 
     -2469,   -865,   1984,   -697,  -1177,   -324,    396,   1558, 
        58,  -1560,   -334,   2064,   1267,   -823,  -2353,   1341, 
      1717,  -1927,     52,    -49,   -449,    420,   -356,    137, 
       455,    208,   -461,  -1398,   1520,   1204,   -999,   -290, 
      -471,   1244,    579,   -961,    -21,    -29,    490,    651, 
      -309,     91,    886,    179,   -329,   -267,   -395,   1083, 
       184,   -958,    341,   -692,     38,   -529,   -472,    586, 
      -115,    -94,   -612,    973,     -3,   -895,    578,    498, 
      -134,   -143,    911,    604,    -39,   -236,   -399,    522, 
       613,    353,   -410,   -545,    937,   -117,  -1047,   -742, 
       838,    712,   -842,   -734,   -275,    193,     16,   -256, 
      -871,    280,    -97,   -616,   -463,   -796,    364,   -433, 
       -52,    428,   -305,    966,   -383,   -681,   1052,    229, 
      1199,     63,   -879,    351,   -170,    434,    787,    771, 
        97,  -1109,     41,    761,    243,    402,  -1189,   -485, 
       516,   -341,    -85,   -498,   -401,   -299,    227,    351, 
      -510,   -572,    100,    172,   -267,    349,    809,  -1201, 
      -668,   1676,     73,    239,   -171,  -1325,    472,    567, 
       990,     -9,  -2322,    323,    782,    216,   1441,   -812, 
      -694,   1015,    179,   -796,     71,     22,    858,     41, 
     -2011,    434,    924,    361,   -405,   -930,    844,    768, 
      -681,   -621,    787,   1484,   -302,   -905,    -25,   1330, 
       831,  -1037,   -999,   1016,   2817,   -356,   -928,    326, 
       284,   2113,    342,  -1017,   1178,    532,     67,     26, 
     -1103,   1087,    567,  -2049,   -696,    -51,    521,    395, 
     -2472,  -1822,    434,   -130,   -946,  -1720,  -1432,   -695, 
      -870,   -981,   -629,   -875,  -1057,  -1519,  -1329,    461, 
      -659,  -1599,   -891,   -487,    396,    262,  -1068,   -501, 
       571,    805,   1011,    175,   -191,   1000,   1865,   1791, 
      2084,    895,    395,   2097,   3016,   3159,   2257,    799, 
      2369,   3685,   2950,   2818,   1612,   1829,   2650,   2303, 
      2137,   2132,   1533,     32,    448,   1173,    570,    299, 
      -825,  -1563,  -1191,  -1203,  -1439,  -2634,  -2524,  -2415, 
     -3224,  -2916,  -2949,  -3309,  -4131,  -3904,  -3876,  -4122, 
     -3860,  -5347,  -6085,  -4746,  -4047,  -3692,  -4289,  -5324, 
     -4243,  -2666,  -1303,  -1550,  -2976,  -2154,    269,   1727, 
      1823,    596,    887,   2478,   4529,   5475,   3642,   4257, 
      5528,   6377,   6916,   5954,   6556,   6608,   6318,   7499, 
      6987,   6226,   5799,   5178,   5574,   5594,   4706,   3276, 
      2629,   2750,   2741,   1923,   1081,   -134,   -787,     22, 
      -900,  -2495,  -3271,  -3310,  -2735,  -3083,  -4236,  -4712, 
     -4214,  -4459,  -5721,  -5993,  -5200,  -5755,  -8007,  -8994, 
     -8243,  -6237,  -5419,  -8541, -10290,  -7949,  -4719,  -4212, 
     -6326,  -6774,  -4896,  -2250,  -1523,  -2576,  -1651,    546, 
      1715,   2006,   2641,   4429,   5892,   5967,   5906,   6625, 
      8432,   8746,   7181,   7159,   8038,   8716,   8078,   6558, 
      5662,   5686,   6927,   6466,   4513,   3836,   3865,   4067, 
      3257,   2370,   2590,   2476,   1714,   1003,    971,   1351, 
      1503,    304,   -242,     74,    -75,   -742,  -2283,  -2184, 
     -1350,  -2153,  -4085,  -5943,  -5993,  -5391,  -5791,  -7848, 
    -11135, -12019,  -9998,  -8281,  -9646, -12004, -12080, -10467, 
     -8131,  -6969,  -7851,  -8271,  -6836,  -4439,  -2721,  -1749, 
      -613,   -354,    615,   3207,   5295,   6290,   6624,   6582, 
      7008,   9060,  10396,   9241,   8175,   8196,   8501,   8474, 
      7768,   6679,   5853,   5875,   5382,   4544,   4656,   4408, 
      2942,   2260,   3041,   3218,   2631,   2288,   2159,   2110, 
      3055,   3325,   1900,   1456,   1937,   2241,   1743,    331, 
      -594,  -1002,  -1047,  -1389,  -3093,  -4759,  -5412,  -6236, 
     -7712,  -9034, -10684, -12175, -12979, -12662, -11887, -12419, 
    -12979, -12773, -11385,  -9321,  -8192,  -7730,  -7432,  -5912, 
     -2694,   -106,    821,    492,   1425,   4645,   7466,   8142, 
      7557,   7618,   8940,  10438,  10643,   9490,   8868,   9114, 
      8489,   7685,   6938,   6015,   5357,   4781,   4278,   3653, 
      3286,   3427,   2949,   2190,   2338,   2858,   3139,   3114, 
      2995,   3092,   3642,   4081,   3912,   3777,   3714,   3463, 
      3420,   2441,   1125,    541,    -75,   -910,  -2266,  -3225, 
     -4624,  -6539,  -7686,  -8806,  -9666, -11417, -13838, -14981, 
    -14259, -12029, -12523, -14881, -14165, -11364,  -8814,  -7887, 
     -8011,  -7138,  -4493,  -1606,    171,    903,   1697,   3746, 
      5558,   6731,   7692,   8010,   8658,   9347,   9435,   9142, 
      8652,   8561,   7728,   6564,   6286,   5989,   5060,   3906, 
      3194,   3387,   3849,   3598,   2899,   2507,   3076,   3670, 
      3540,   3821,   4404,   4600,   5189,   5363,   5073,   5529, 
      5869,   5453,   4645,   3956,   3732,   2743,   1386,    312, 
     -1674,  -3042,  -3662,  -4667,  -6474,  -8768,  -9762, -10615, 
    -11833, -13024, -15479, -16529, -14791, -13220, -13383, -13950, 
    -13147, -11295,  -8930,  -6854,  -5750,  -5069,  -3061,   -324, 
      1083,   2281,   3777,   5160,   6375,   6921,   7163,   7597, 
      8719,   9348,   8478,   7488,   7081,   7203,   6801,   5837, 
      5078,   4325,   3808,   3598,   3512,   3467,   3506,   3231, 
      3019,   3578,   4128,   4379,   4606,   4714,   5254,   6027, 
      6387,   6400,   6312,   6437,   6400,   5740,   4985,   4218, 
      3202,   2304,   1115,   -459,  -2070,  -3589,  -4841,  -5841, 
     -7056,  -8585, -10046, -11345, -12495, -13433, -14334, -15533, 
    -15871, -14460, -12888, -12384, -12087, -11263,  -9539,  -6959, 
     -4882,  -4087,  -3137,  -1119,    918,   2022,   2968,   4274, 
      5249,   6161,   6903,   6948,   7002,   7815,   8220,   7437, 
      6480,   5998,   5909,   5605,   5028,   4566,   4031,   3987, 
      4047,   3547,   3622,   4184,   4471,   4535,   4570,   4783, 
      5190,   5805,   6345,   6263,   6182,   6593,   6881,   6789, 
      6223,   5470,   4881,   4260,   3425,   2245,    768,   -620, 
     -1753,  -2931,  -4485,  -6106,  -7168,  -7801,  -8757, -10055, 
    -11301, -12516, -13391, -14003, -14879, -15326, -14212, -12443, 
    -11617, -11131, -10039,  -8870,  -7259,  -4951,  -3516,  -2921, 
     -1478,    518,   1695,   2437,   3247,   3931,   5062,   6292, 
      6398,   6135,   6660,   7181,   6998,   6580,   6100,   5769, 
      5796,   5520,   4822,   4563,   5016,   5365,   5154,   4844, 
      4923,   5458,   5959,   5945,   5703,   5879,   6448,   6808, 
      6697,   6503,   6644,   6638,   6156,   5821,   5413,   4574, 
      3701,   2741,   1812,    952,   -215,  -1606,  -3062,  -4319, 
     -5356,  -6351,  -7279,  -8556,  -9780, -10425, -11280, -12299, 
    -12925, -13563, -14335, -14452, -13531, -12262, -10909,  -9649, 
     -9054,  -8282,  -6518,  -4787,  -3900,  -2828,   -965,    505, 
      1366,   2062,   2443,   3196,   4437,   5292,   5655,   5953, 
      6378,   6498,   6353,   6260,   5938,   5788,   5924,   5723, 
      5519,   5592,   5663,   5682,   5731,   5950,   6132,   6107, 
      6207,   6437,   6548,   6634,   6761,   6813,   6732,   6655, 
      6638,   6480,   6189,   5643,   4624,   3753,   3310,   2539, 
      1202,   -122,  -1157,  -2208,  -3355,  -4553,  -5874,  -6993, 
     -7792,  -8550,  -9339, -10136, -10927, -11740, -12475, -13341, 
    -14259, -14233, -13222, -11909, -10596,  -9547,  -8590,  -7607, 
     -6531,  -5436,  -4543,  -3172,  -1556,   -349,    766,   1529, 
      2185,   3144,   3828,   4251,   4704,   5434,   6317,   6770, 
      6771,   6430,   6194,   6236,   5987,   5701,   5809,   6137, 
      6527,   6802,   6722,   6376,   6469,   6875,   6967,   7017, 
      7030,   7106,   7388,   7250,   6812,   6567,   6457,   6274, 
      5772,   5159,   4539,   3847,   3156,   2131,    833,   -286, 
     -1443,  -2691,  -3657,  -4604,  -5835,  -6835,  -7482,  -8303, 
     -9268, -10037, -10647, -11387, -12246, -13053, -13683, -13572, 
    -12691, -11879, -10959,  -9561,  -8412,  -7625,  -6711,  -5901, 
     -5116,  -3862,  -2479,  -1398,   -290,    981,   1895,   2411, 
      3023,   3647,   4220,   5032,   5647,   5922,   6368,   6701, 
      6556,   6338,   6235,   6129,   6101,   6208,   6388,   6625, 
      6969,   7324,   7459,   7466,   7524,   7489,   7414,   7316, 
      7114,   7056,   7195,   7203,   6828,   6256,   5880,   5496, 
      4735,   3758,   2831,   1997,   1113,    105,  -1050,  -2296, 
     -3435,  -4434,  -5503,  -6576,  -7386,  -8048,  -8685,  -9269, 
    -10041, -10780, -11279, -11937, -12736, -13228, -13058, -12448, 
    -11551, -10177,  -8924,  -7937,  -6856,  -6116,  -5438,  -4521, 
     -3717,  -2895,  -1931,   -876,    204,   1243,   2200,   2879, 
      3541,   4267,   4763,   5249,   5731,   5989,   6184,   6459, 
      6587,   6615,   6815,   6873,   6742,   6918,   7243,   7437, 
      7562,   7698,   7920,   8120,   8104,   7874,   7640,   7459, 
      7248,   7031,   6803,   6510,   6182,   5811,   5247,   4439, 
      3623,   2732,   1685,    652,   -461,  -1638,  -2716,  -3741, 
     -4782,  -5779,  -6628,  -7352,  -8001,  -8675,  -9439, -10045, 
    -10617, -11393, -12226, -12877, -13083, -12900, -12473, -11712, 
    -10653,  -9284,  -7916,  -6867,  -5836,  -4876,  -4153,  -3489, 
     -2934,  -2389,  -1481,   -347,    678,   1686,   2841,   3896, 
      4618,   5056,   5357,   5572,   5772,   6008,   6110,   6255, 
      6716,   7110,   7334,   7574,   7635,   7643,   7721,   7769, 
      7797,   7818,   7951,   8083,   8031,   8031,   7962,   7689, 
      7399,   7002,   6507,   6063,   5573,   4894,   4087,   3283, 
      2427,   1515,    618,   -426,  -1579,  -2693,  -3802,  -4943, 
     -6009,  -6869,  -7551,  -8180,  -8797,  -9469, -10179, -10769, 
    -11463, -12344, -12904, -13010, -12761, -12095, -11201, -10064, 
     -8904,  -7841,  -6611,  -5528,  -4661,  -3886,  -3394,  -2867, 
     -2224,  -1440,   -430,    486,   1524,   2678,   3627,   4461, 
      5076,   5453,   5702,   5796,   5842,   5893,   6121,   6462, 
      6738,   7047,   7293,   7416,   7612,   7869,   8013,   8052, 
      8085,   8077,   7983,   7908,   7821,   7639,   7453,   7249, 
      6907,   6563,   6169,   5593,   4920,   4115,   3159,   2134, 
      1147,    243,   -692,  -1627,  -2579,  -3683,  -4788,  -5796, 
     -6663,  -7397,  -8077,  -8760,  -9462, -10176, -10903, -11678, 
    -12418, -12835, -12778, -12421, -11796, -10900,  -9895,  -8899, 
     -7842,  -6596,  -5505,  -4653,  -3804,  -3168,  -2692,  -2100, 
     -1399,   -612,    239,   1304,   2361,   3256,   4258,   5043, 
      5477,   5867,   6086,   6134,   6221,   6349,   6414,   6501, 
      6772,   6986,   7130,   7490,   7925,   8150,   8263,   8388, 
      8376,   8246,   8091,   7827,   7571,   7349,   7071,   6762, 
      6386,   6033,   5621,   5047,   4313,   3378,   2416,   1430, 
       357,   -698,  -1853,  -2944,  -3941,  -4960,  -5769,  -6474, 
     -7176,  -7879,  -8660,  -9397, -10197, -11011, -11736, -12459, 
    -12773, -12616, -12221, -11485, -10524,  -9544,  -8571,  -7536, 
     -6440,  -5508,  -4714,  -3950,  -3367,  -2806,  -2058,  -1330, 
      -561,    392,   1346,   2339,   3310,   4185,   4962,   5472, 
      5833,   6034,   6063,   6214,   6300,   6307,   6413,   6496, 
      6675,   6943,   7281,   7718,   8035,   8287,   8519,   8538, 
      8434,   8321,   8152,   7871,   7483,   7124,   6804,   6398, 
      6025,   5601,   4976,   4254,   3358,   2382,   1399,    276, 
      -871,  -2015,  -3139,  -4202,  -5192,  -5969,  -6672,  -7297, 
     -7902,  -8679,  -9487, -10355, -11254, -12016, -12526, -12614, 
    -12380, -11841, -11049, -10203,  -9239,  -8205,  -7141,  -6090, 
     -5130,  -4346,  -3793,  -3280,  -2767,  -2220,  -1529,   -748, 
       214,   1226,   2197,   3201,   4018,   4715,   5304,   5608, 
      5800,   5966,   6037,   6052,   6060,   6178,   6406,   6661, 
      7009,   7394,   7750,   8122,   8368,   8508,   8545,   8417, 
      8300,   8077,   7732,   7381,   7014,   6712,   6295,   5801, 
      5297,   4595,   3872,   3022,   2022,   1018,   -121,  -1281, 
     -2461,  -3620,  -4627,  -5505,  -6175,  -6818,  -7511,  -8217, 
     -9016,  -9848, -10707, -11458, -12073, -12381, -12174, -11740, 
    -11085, -10290,  -9511,  -8585,  -7610,  -6503,  -5437,  -4667, 
     -3974,  -3497,  -3070,  -2441,  -1858,  -1163,   -269,    636, 
      1593,   2555,   3427,   4186,   4795,   5266,   5608,   5776, 
      5888,   5991,   5994,   6083,   6259,   6438,   6766,   7171, 
      7583,   7962,   8201,   8381,   8469,   8427,   8339,   8154, 
      7848,   7467,   7078,   6687,   6237,   5761,   5222,   4574, 
      3870,   3084,   2260,   1381,    337,   -811,  -2002,  -3141, 
     -4132,  -5023,  -5792,  -6547,  -7377,  -8184,  -8964,  -9720, 
    -10481, -11190, -11656, -11819, -11661, -11251, -10726, -10138, 
     -9444,  -8598,  -7687,  -6729,  -5835,  -5127,  -4520,  -4004, 
     -3426,  -2743,  -2080,  -1272,   -380,    542,   1573,   2511, 
      3374,   4139,   4672,   5126,   5440,   5617,   5815,   5932, 
      6041,   6229,   6431,   6752,   7157,   7526,   7929,   8307, 
      8554,   8747,   8828,   8712,   8502,   8165,   7758,   7364, 
      6898,   6480,   6066,   5571,   5069,   4457,   3800,   3061, 
      2109,   1127,     42,  -1180,  -2342,  -3437,  -4403,  -5259, 
     -6112,  -6948,  -7792,  -8629,  -9433, -10239, -10935, -11355, 
    -11518, -11466, -11185, -10785, -10296,  -9699,  -9031,  -8181, 
     -7295,  -6511,  -5771,  -5158,  -4523,  -3841,  -3188,  -2369, 
     -1459,   -518,    490,   1451,   2359,   3153,   3815,   4336, 
      4697,   5023,   5304,   5521,   5744,   5988,   6269,   6570, 
      6892,   7280,   7682,   8050,   8385,   8613,   8732,   8714, 
      8548,   8292,   7943,   7595,   7273,   6932,   6594,   6181, 
      5737,   5216,   4564,   3900,   3123,   2215,   1157,    -36, 
     -1211,  -2395,  -3495,  -4439,  -5320,  -6131,  -6947,  -7788, 
     -8630,  -9513, -10325, -10913, -11232, -11337, -11208, -10893, 
    -10500, -10023,  -9414,  -8688,  -7885,  -7025,  -6232,  -5535, 
     -4893,  -4286,  -3622,  -2875,  -2042,  -1117,   -184,    764, 
      1649,   2445,   3205,   3842,   4355,   4743,   5054,   5341, 
      5567,   5809,   6077,   6355,   6655,   6954,   7318,   7653, 
      7953,   8237,   8363,   8417,   8391,   8260,   8049,   7706, 
      7409,   7071,   6646,   6284,   5821,   5286,   4670,   3946, 
      3190,   2266,   1279,    257,   -880,  -1949,  -2931,  -3867, 
     -4760,  -5674,  -6595,  -7420,  -8224,  -9106,  -9864, -10400, 
    -10668, -10680, -10598, -10401, -10145,  -9796,  -9216,  -8554, 
     -7793,  -6976,  -6272,  -5607,  -4961,  -4289,  -3562,  -2835, 
     -2055,  -1202,   -359,    487,   1330,   2093,   2762,   3337, 
      3819,   4225,   4572,   4929,   5244,   5474,   5754,   6082, 
      6434,   6811,   7178,   7517,   7806,   8046,   8201,   8271, 
      8286,   8226,   8063,   7775,   7467,   7082,   6606,   6167, 
      5635,   5058,   4455,   3740,   2937,   1977,    946,   -150, 
     -1239,  -2151,  -3023,  -3868,  -4761,  -5729,  -6696,  -7648, 
     -8527,  -9358,  -9936, -10202, -10303, -10250, -10091,  -9803, 
     -9422,  -8925,  -8281,  -7637,  -6950,  -6322,  -5773,  -5193, 
     -4573,  -3884,  -3208,  -2457,  -1627,   -780,     66,    868, 
      1653,   2342,   2932,   3431,   3791,   4142,   4460,   4783, 
      5130,   5405,   5768,   6181,   6553,   6907,   7279,   7617, 
      7822,   7955,   8072,   8074,   7956,   7777,   7540,   7244, 
      6906,   6565,   6135,   5631,   5067,   4421,   3741,   2915, 
      1907,    858,   -213,  -1256,  -2212,  -3063,  -3894,  -4857, 
     -5797,  -6658,  -7588,  -8531,  -9266,  -9706,  -9924,  -9991, 
     -9923,  -9724,  -9519,  -9184,  -8637,  -7992,  -7255,  -6587, 
     -5971,  -5385,  -4845,  -4160,  -3495,  -2854,  -2110,  -1338, 
      -473,    320,   1097,   1868,   2457,   2991,   3407,   3761, 
      4106,   4398,   4684,   4971,   5284,   5617,   5950,   6313, 
      6700,   7091,   7424,   7671,   7840,   7872,   7822,   7686, 
      7463,   7186,   6818,   6385,   5984,   5486,   4968,   4422, 
      3690,   2920,   1978,    971,    -10,  -1029,  -1906,  -2727, 
     -3617,  -4540,  -5520,  -6513,  -7513,  -8443,  -9126,  -9470, 
     -9609,  -9604,  -9362,  -9117,  -8737,  -8247,  -7715,  -7066, 
     -6535,  -6008,  -5484,  -4989,  -4388,  -3758,  -3096,  -2357, 
     -1552,   -730,     54,    833,   1488,   2078,   2521,   2852, 
      3240,   3497,   3750,   4042,   4346,   4707,   5034,   5399, 
      5828,   6188,   6517,   6897,   7220,   7471,   7624,   7608, 
      7502,   7295,   6932,   6550,   6153,   5794,   5421,   4915, 
      4394,   3800,   3047,   2134,   1122,     91,   -902,  -1914, 
     -2876,  -3790,  -4796,  -5810,  -6776,  -7750,  -8580,  -9062, 
     -9316,  -9396,  -9298,  -9031,  -8673,  -8325,  -7903,  -7312, 
     -6649,  -6018,  -5422,  -4885,  -4368,  -3840,  -3251,  -2620, 
     -1904,  -1110,   -245,    509,   1182,   1893,   2381,   2788, 
      3166,   3368,   3531,   3718,   3924,   4198,   4471,   4842, 
      5265,   5644,   6079,   6548,   6931,   7212,   7431,   7487, 
      7389,   7122,   6773,   6391,   6051,   5799,   5499,   5117, 
      4652,   4012,   3143,   2193,   1266,    290,   -736,  -1653, 
     -2546,  -3525,  -4530,  -5495,  -6587,  -7718,  -8469,  -8821, 
     -9074,  -9194,  -8958,  -8670,  -8394,  -7904,  -7303,  -6707, 
     -6138,  -5584,  -5052,  -4584,  -4028,  -3385,  -2810,  -2187, 
     -1409,   -591,    189,    943,   1616,   2166,   2516,   2780, 
      3032,   3134,   3244,   3429,   3628,   3906,   4240,   4685, 
      5078,   5386,   5850,   6277,   6464,   6671,   6883,   6827, 
      6591,   6392,   6219,   5939,   5681,   5496,   5121,   4616, 
      4072,   3231,   2320,   1423,    481,   -526,  -1611,  -2566, 
     -3687,  -4914,  -6012,  -7270,  -8359,  -8903,  -9200,  -9288, 
     -9176,  -8749,  -8294,  -7937,  -7237,  -6454,  -5817,  -5160, 
     -4637,  -4263,  -3769,  -3220,  -2588,  -1926,  -1194,   -307, 
       556,   1269,   1965,   2515,   2848,   3068,   3110,   3145, 
      3173,   3217,   3323,   3434,   3624,   4026,   4386,   4746, 
      5246,   5713,   6075,   6309,   6494,   6640,   6584,   6403, 
      6318,   6101,   5871,   5636,   5204,   4665,   3938,   2985, 
      1958,    869,   -123,  -1113,  -2344,  -3500,  -4584,  -5773, 
     -7150,  -8282,  -8724,  -9087,  -9492,  -9340,  -8903,  -8468, 
     -7944,  -7200,  -6297,  -5564,  -4825,  -4163,  -3758,  -3251, 
     -2606,  -2095,  -1662,   -990,   -130,    537,   1088,   1745, 
      2293,   2587,   2749,   2803,   2661,   2514,   2561,   2636, 
      2679,   2961,   3466,   3875,   4217,   4734,   5393,   5794, 
      6000,   6330,   6496,   6384,   6320,   6188,   5868,   5597, 
      5322,   4851,   4200,   3528,   2829,   1826,    647,   -387, 
     -1569,  -2979,  -4198,  -5356,  -6830,  -8133,  -8770,  -9165, 
     -9407,  -9078,  -8296,  -7703,  -7095,  -6079,  -5272,  -4713, 
     -4022,  -3459,  -3005,  -2485,  -1765,  -1039,   -460,    254, 
      1002,   1594,   1962,   2379,   2613,   2402,   2301,   2252, 
      2159,   2135,   2129,   2398,   2497,   2703,   3167,   3279, 
      3674,   4225,   4549,   4884,   5182,   5610,   5919,   5913, 
      6009,   6016,   5652,   5096,   4519,   3736,   2918,   2114, 
      1126,    217,   -709,  -1598,  -2717,  -4076,  -5315,  -6918, 
     -8634,  -9555,  -9815,  -9878,  -9574,  -8507,  -7370,  -6416, 
     -5329,  -4487,  -3763,  -3245,  -2691,  -2180,  -1842,   -971, 
       -68,    500,   1257,   2047,   2807,   3150,   3111,   3128, 
      2934,   2711,   2579,   2435,   2298,   2429,   2652,   2644, 
      2717,   3049,   3349,   3538,   3809,   4343,   4833,   5198, 
      5659,   6005,   6101,   5966,   5725,   5211,   4480,   3728, 
      2899,   1898,    881,    -23,  -1015,  -2081,  -3093,  -4203, 
     -5565,  -7219,  -8894,  -9999, -10498, -10571, -10029,  -8829, 
     -7345,  -6017,  -4999,  -3816,  -2784,  -2277,  -1909,  -1565, 
      -871,    -78,    658,   1476,   2121,   2742,   3148,   3108, 
      2844,   2649,   2537,   2174,   2001,   2180,   2392,   2559, 
      2643,   2774,   2873,   2977,   3092,   3204,   3547,   4237, 
      4953,   5430,   5980,   6574,   6745,   6339,   5586,   4715, 
      3723,   2580,   1527,    749,      5,   -639,  -1468,  -2576, 
     -3963,  -5710,  -7364,  -9509, -11271, -11509, -11277, -10550, 
     -9173,  -7155,  -5246,  -4088,  -3042,  -2439,  -1973,  -1454, 
      -856,    -75,    909,   2148,   2833,   3160,   3228,   3034, 
      2596,   1783,   1501,   1310,   1337,   1708,   1999,   2487, 
      2406,   2212,   1789,   1343,   1448,   1479,   2255,   3690, 
      5189,   6386,   7083,   7668,   7533,   6876,   6001,   4913, 
      4009,   3232,   2546,   1628,    984,    325,   -959,  -2510, 
     -4060,  -5565,  -7361,  -8959, -10570, -11772, -11448, -10656, 
     -9519,  -7863,  -6060,  -4128,  -2900,  -1740,   -684,     -8, 
      1033,   1867,   2378,   2892,   3302,   3547,   3178,   2250, 
      1465,    773,    132,    -72,     45,    444,   1148,   1414, 
      1253,    831,    478,    425,    361,   1026,   2415,   3745, 
      5380,   6989,   7735,   7962,   7716,   6851,   5865,   5023, 
      4443,   4184,   3569,   2626,   1595,    148,  -1681,  -3714, 
     -5349,  -6407,  -7577,  -8740,  -9857, -11349, -11879, -11044, 
    -10276,  -9110,  -6796,  -4119,  -2054,   -783,    703,   1785, 
      2125,   2860,   3481,   3857,   4299,   4778,   4479,   3013, 
      1932,   1055,    -61,   -528,    -99,    653,    846,    971, 
       805,     17,   -650,   -770,   -376,    432,   2330,   4195, 
      5495,   6728,   7163,   7269,   6527,   5638,   5523,   4982, 
      4541,   4157,   3535,   2458,    973,   -522,  -2297,  -3841, 
     -5066,  -6273,  -7574,  -8485,  -9463, -10954, -11443, -11161, 
    -10202,  -8548,  -6255,  -3449,  -1466,    660,   2372,   2790, 
      2995,   3517,   4027,   3762,   3798,   3942,   3139,   2028, 
      1271,    523,   -485,   -214,    262,   -107,   -266,   -244, 
       -81,   -676,   -497,    750,   1642,   2883,   3998,   5011, 
      5906,   6660,   7076,   6683,   6630,   6588,   6021,   5112, 
      4147,   3238,   1645,    109,  -1156,  -2570,  -3929,  -4901, 
     -5551,  -6648,  -8024,  -9245, -11108, -12868, -12445, -10811, 
     -8939,  -6230,  -3122,   -604,    838,   2005,   2999,   3487, 
      4315,   5300,   5532,   5132,   4714,   3419,   1648,    613, 
        37,   -319,   -540,    231,    401,   -583,   -927,  -1326, 
     -1421,   -963,    249,   1921,   2912,   4314,   5002,   4809, 
      5365,   6274,   6724,   6444,   6548,   6638,   5945,   4736, 
      3118,   1519,   -186,  -1860,  -3124,  -4050,  -4989,  -5797, 
     -6432,  -7740,  -9242, -11272, -12948, -12076, -10046,  -7678, 
     -4850,  -2081,    401,   1632,   1909,   2645,   3652,   4385, 
      5142,   5517,   5056,   4323,   2882,    838,   -693,  -1166, 
      -659,   -224,     76,    781,    924,   -274,  -1336,  -1226, 
      -581,    948,   2881,   4176,   5305,   6021,   6132,   5773, 
      5782,   6316,   6604,   6632,   6201,   5341,   3526,   1211, 
     -1093,  -3190,  -4150,  -4543,  -5092,  -5813,  -6229,  -7010, 
     -8560,  -9941, -12008, -12953, -10973,  -8306,  -5713,  -2706, 
       224,   1840,   2129,   2576,   3524,   4506,   5643,   6424, 
      5804,   4573,   3493,   1400,   -856,  -1689,  -1529,  -1246, 
      -700,   -212,   -377,   -870,  -1725,  -1700,   -806,    879, 
      3149,   4183,   5195,   5941,   5845,   6281,   7000,   7982, 
      8416,   8087,   7137,   5329,   3140,    646,  -1428,  -2855, 
     -3793,  -4308,  -4904,  -5757,  -6533,  -7535,  -9135, -10356, 
    -11950, -12791, -10387,  -7565,  -4675,  -1792,   -230,   1281, 
      1897,   2505,   3749,   5097,   6778,   7284,   5947,   4138, 
      2396,    -61,  -1866,  -2144,  -1931,  -1280,   -756,   -981, 
     -1479,  -1914,  -2217,  -1542,   -175,   1696,   3640,   4184, 
      4595,   5089,   5519,   6547,   7550,   8229,   8269,   7557, 
      5937,   3986,   1966,     80,   -847,  -1776,  -2739,  -3979, 
     -5516,  -6746,  -7662,  -7873,  -8597,  -9285, -11032, -12409, 
    -10227,  -7150,  -3729,  -1265,    565,   2705,   3195,   3947, 
      5367,   6454,   7348,   7209,   5629,   3921,   2004,   -505, 
     -1917,  -2506,  -2415,  -2130,  -1974,  -1729,  -2277,  -2687, 
     -2163,  -1142,    430,   2217,   3608,   4839,   5638,   5805, 
      6011,   6977,   8192,   8575,   8016,   6479,   4798,   3045, 
       552,  -1021,  -1625,  -2557,  -3992,  -5846,  -6733,  -7340, 
     -8182,  -8454,  -8885,  -9599, -11049, -11191,  -9077,  -6338, 
     -3308,   -820,   1336,   2671,   3989,   5072,   5825,   7098, 
      7251,   6625,   5277,   3951,   1938,   -333,  -1107,  -1766, 
     -2231,  -2664,  -2663,  -3310,  -3668,  -2022,  -1257,    -54, 
      1935,   2960,   3824,   4929,   6261,   6785,   7241,   8532, 
      9332,   8552,   6934,   5441,   3639,   2178,   1026,   -474, 
     -1757,  -3332,  -5574,  -7114,  -7629,  -8245,  -8448,  -8760, 
     -9103, -10150, -12373, -11156,  -7689,  -4462,   -973,   1112, 
      2248,   3560,   4330,   4778,   5915,   6393,   6487,   5402, 
      3501,   2488,    382,  -1205,  -1918,  -2430,  -2724,  -2985, 
     -3346,  -3979,  -2210,   -925,   -505,   1662,   3121,   3714, 
      4114,   5567,   7526,   8065,   8687,   9453,   8691,   7074, 
      5698,   4214,   3051,   2082,    292,  -1719,  -3376,  -4632, 
     -6268,  -7508,  -7591,  -7789,  -8248,  -9050,  -9928, -11712, 
    -11630,  -7958,  -4800,  -2182,     59,   1676,   2517,   3143, 
      4449,   5541,   6605,   6761,   5774,   3552,   2345,   1381, 
     -1033,  -1964,  -2234,  -2461,  -3104,  -3899,  -4172,  -3363, 
     -1500,   -515,    963,   3029,   4319,   4730,   5669,   7332, 
      8374,   9022,   8992,   8430,   7463,   6173,   4647,   2994, 
      1456,     96,  -1449,  -3518,  -5394,  -6718,  -7250,  -7817, 
     -8033,  -8085,  -8741,  -9711, -11848, -11822,  -8327,  -3934, 
      -477,    844,   1838,   2139,   2472,   4198,   5985,   7385, 
      7267,   5712,   3240,   1287,    114,  -1108,  -1510,  -1612, 
     -1739,  -2683,  -3810,  -4116,  -3212,  -1289,    206,   1920, 
      3428,   4207,   4756,   5814,   6915,   7852,   8867,   8657, 
      7666,   6498,   5366,   4020,   3086,   1503,   -913,  -2641, 
     -4215,  -5204,  -6341,  -6746,  -7231,  -7882,  -8233,  -9197, 
    -10264, -12126, -10753,  -6868,  -3100,   -166,    632,   1414, 
      1736,   2988,   5282,   7121,   7930,   6778,   4247,   1778, 
       802,    -85,   -804,  -1126,  -1781,  -2759,  -3920,  -4338, 
     -3770,  -2122,   -269,   1012,   1636,   2184,   3235,   4655, 
      6672,   8320,   8750,   8436,   7916,   7322,   6689,   5675, 
      4376,   3298,   1159,  -1459,  -3064,  -4504,  -5393,  -5765, 
     -6680,  -7385,  -7440,  -7949,  -8652,  -9638, -10625,  -9034, 
     -5884,  -2744,   -845,   -243,   1118,   1659,   2511,   4652, 
      6016,   6120,   4891,   3186,   1611,   1007,    649,   -366, 
     -1248,  -1743,  -2507,  -3503,  -3472,  -2269,  -1154,   -736, 
       271,    877,   1996,   4267,   5220,   6271,   7410,   7991, 
      7997,   7320,   6986,   6554,   5611,   4425,   2623,    498, 
     -1173,  -2652,  -3762,  -4817,  -5442,  -6262,  -6859,  -6906, 
     -8285,  -9001, -10310, -11079,  -8230,  -4926,  -1973,   -419, 
        30,    452,    709,   3001,   5515,   6143,   6063,   4489, 
      1816,    557,    428,    512,    455,   -223,  -1643,  -3348, 
     -3370,  -2873,  -2159,   -540,    177,    674,    966,   1734, 
      3314,   4790,   6593,   7528,   7596,   7573,   6973,   6054, 
      5752,   5302,   3699,   1800,    -65,  -1664,  -2674,  -3401, 
     -3964,  -4628,  -5384,  -5839,  -6825,  -7764,  -8646, -10321, 
     -9279,  -6079,  -3260,  -1522,  -1528,   -974,   -183,   1484, 
      3832,   4986,   5491,   4678,   2720,   1106,   1016,   1164, 
       740,     16,   -919,  -2018,  -2624,  -2560,  -2183,   -489, 
       327,     47,    244,   1387,   2849,   3789,   5004,   5883, 
      6702,   6892,   6659,   6103,   5652,   5554,   4286,   2961, 
      1237,   -471,  -1515,  -2521,  -3028,  -3469,  -4452,  -5244, 
     -6122,  -7368,  -8081,  -9805,  -9597,  -6765,  -4428,  -2326, 
     -2163,  -1956,  -1160,    -99,   2262,   3896,   4657,   4121, 
      2771,   1632,   1313,   1498,   1398,   1031,    179,  -1273, 
     -2338,  -1925,  -1478,   -593,     58,    -16,    267,    679, 
      1939,   3376,   4893,   5977,   6184,   6149,   6267,   6363, 
      6007,   5660,   4866,   3703,   1897,    -57,  -1015,  -1367, 
     -1802,  -2540,  -3345,  -4289,  -4897,  -6096,  -7433,  -8668, 
     -9704,  -8049,  -5520,  -3435,  -2909,  -3167,  -2280,  -1801, 
       119,   2521,   3731,   4058,   2786,   1320,    929,   1461, 
      2108,   1788,    836,    285,  -1165,  -1792,  -1363,   -763, 
       727,    653,    -72,   -389,    672,   2605,   3378,   4403, 
      5298,   5461,   5395,   5211,   5453,   6086,   5621,   4140, 
      2404,   1158,    679,   -329,   -901,  -1309,  -2142,  -3214, 
     -4288,  -4670,  -5708,  -7287,  -9074,  -9187,  -6810,  -4517, 
     -3710,  -4014,  -3482,  -2576,  -1295,    306,   1963,   3275, 
      2583,   1558,   1173,   1354,   1809,   1694,   1407,   1224, 
       253,   -557,   -527,   -292,    801,   1070,    531,    374, 
       936,   1915,   2568,   3610,   4154,   4378,   4631,   4736, 
      5161,   5340,   4982,   4248,   3259,   2207,   1202,    286, 
       -45,   -483,  -1225,  -2017,  -2878,  -3566,  -5056,  -6441, 
     -7854,  -8283,  -6436,  -4979,  -4157,  -4586,  -5095,  -4202, 
     -2816,   -744,    631,   1012,    798,    198,     88,   1018, 
      2150,   2194,   1447,    880,    217,   -225,    295,    533, 
       913,    964,    366,     79,    286,   1515,   2633,   3285, 
      3632,   3733,   4035,   4674,   5027,   4904,   4898,   4287, 
      3425,   2607,   1813,   1364,    837,    313,   -262,   -806, 
     -1403,  -2184,  -3465,  -4872,  -6128,  -7301,  -6538,  -4937, 
     -4215,  -4612,  -5480,  -4971,  -3816,  -2256,   -670,     -9, 
      -100,   -620,   -874,    -10,   1377,   1836,   1296,    523, 
       404,    271,    415,    993,   1372,   1512,    790,    259, 
       575,   1536,   2417,   2695,   2865,   3139,   3480,   3966, 
      4565,   4627,   4580,   4093,   3381,   3134,   2710,   2380, 
      1526,    665,    277,   -139,   -429,  -1086,  -1928,  -3248, 
     -4694,  -6018,  -6519,  -5203,  -3914,  -4099,  -5049,  -5278, 
     -4726,  -3572,  -2217,  -1261,   -808,   -963,  -1320,  -1376, 
      -455,    796,   1280,    792,    287,    150,    371,   1087, 
      1346,   1374,   1488,   1238,    755,    973,   1878,   2784, 
      3222,   2769,   2689,   3427,   4216,   4574,   4337,   4207, 
      4010,   3536,   2947,   2454,   2354,   2060,   1243,    371, 
       227,    105,   -479,  -1584,  -3005,  -3944,  -5008,  -5292, 
     -4755,  -4331,  -4392,  -5120,  -5355,  -4862,  -3760,  -2672, 
     -2217,  -2138,  -2014,  -1816,  -1558,   -959,    -78,    477, 
       366,     65,   -236,    230,   1160,   1636,   1690,   1502, 
      1445,   1252,   1434,   2062,   2729,   3197,   3029,   2946, 
      3292,   3997,   4427,   4317,   4120,   3826,   3602,   3157, 
      2689,   2424,   2060,   1554,    977,    564,    485,     86, 
      -905,  -1802,  -2977,  -3782,  -3797,  -3754,  -3745,  -4081, 
     -4462,  -4663,  -4575,  -4120,  -3584,  -3233,  -3107,  -2942, 
     -2898,  -2679,  -2127,  -1806,  -1242,   -753,   -809,   -622, 
      -309,    341,   1079,   1414,   1622,   1441,   1386,   1729, 
      2159,   2771,   3099,   3215,   3355,   3499,   3880,   4078, 
      4304,   4327,   4012,   3646,   3155,   3048,   2840,   2550, 
      2273,   1928,   1681,   1332,   1064,    647,     11,   -764, 
     -1495,  -2075,  -2563,  -2943,  -3307,  -3588,  -3913,  -4399, 
     -4656,  -4663,  -4623,  -4330,  -4187,  -4194,  -4215,  -4272, 
     -3932,  -3317,  -2691,  -2286,  -2032,  -1719,  -1345,   -792, 
       -51,    646,   1104,   1440,   1745,   1989,   2366,   2895, 
      3228,   3563,   3940,   4214,   4469,   4578,   4649,   4592, 
      4570,   4570,   4371,   4162,   3810,   3433,   3156,   2852, 
      2553,   2194,   1661,   1033,    306,   -414,  -1201,  -1971, 
     -2491,  -3017,  -3454,  -3953,  -4503,  -4897,  -5111,  -5308, 
     -5449,  -5329,  -5395,  -5391,  -5267,  -5090,  -4727,  -4267, 
     -3654,  -3124,  -2680,  -2208,  -1621,   -992,   -307,    376, 
      1042,   1656,   2033,   2370,   2730,   3166,   3626,   4063, 
      4416,   4582,   4735,   4973,   5120,   5268,   5325,   5008, 
      4746,   4488,   4177,   3923,   3588,   3329,   2911,   2374, 
      1874,   1294,    791,    127,   -789,  -1725,  -2522,  -2951, 
     -3390,  -3808,  -4153,  -4759,  -5255,  -5632,  -5817,  -5670, 
     -5498,  -5434,  -5510,  -5558,  -5345,  -4842,  -4174,  -3485, 
     -2914,  -2500,  -2130,  -1628,   -920,    -15,    728,   1272, 
      1791,   2074,   2489,   3031,   3566,   4163,   4553,   4777, 
      4949,   5188,   5419,   5574,   5592,   5469,   5285,   4950, 
      4661,   4440,   4093,   3759,   3335,   2838,   2464,   1927, 
      1291,    548,   -318,  -1164,  -2019,  -2577,  -3063,  -3587, 
     -4083,  -4766,  -5271,  -5569,  -5822,  -5823,  -5866,  -5999, 
     -6043,  -6119,  -5901,  -5415,  -4842,  -4224,  -3756,  -3353, 
     -2883,  -2222,  -1429,   -603,    100,    624,   1180,   1729, 
      2221,   2831,   3448,   3886,   4329,   4642,   4944,   5400, 
      5680,   5839,   5845,   5708,   5595,   5423,   5288,   5126, 
      4716,   4302,   3864,   3384,   3078,   2630,   2105,   1475, 
       548,   -352,  -1214,  -1924,  -2416,  -2946,  -3557,  -4260, 
     -4892,  -5302,  -5559,  -5706,  -5846,  -6070,  -6326,  -6435, 
     -6280,  -6009,  -5564,  -4936,  -4521,  -4163,  -3693,  -3179, 
     -2420,  -1590,   -837,   -197,    312,    846,   1402,   2022, 
      2704,   3258,   3731,   4198,   4561,   4942,   5297,   5605, 
      5833,   5868,   5889,   5756,   5605,   5512,   5229,   4918, 
      4566,   4131,   3761,   3435,   3023,   2489,   1815,   1065, 
       183,   -723,  -1461,  -2267,  -2922,  -3418,  -4104,  -4761, 
     -5266,  -5728,  -6094,  -6272,  -6419,  -6623,  -6756,  -6735, 
     -6602,  -6221,  -5642,  -5127,  -4576,  -4095,  -3588,  -2919, 
     -2130,  -1202,   -464,    174,    773,   1275,   1878,   2528, 
      3179,   3781,   4273,   4686,   5019,   5343,   5736,   6022, 
      6212,   6260,   6076,   5973,   5808,   5608,   5475,   5140, 
      4725,   4272,   3761,   3284,   2809,   2247,   1528,    647, 
      -293,  -1186,  -1961,  -2647,  -3250,  -3802,  -4545,  -5189, 
     -5674,  -6088,  -6243,  -6521,  -6809,  -6959,  -7113,  -6969, 
     -6669,  -6285,  -5686,  -5146,  -4673,  -4126,  -3489,  -2726, 
     -1835,   -964,   -316,    293,    928,   1528,   2257,   2938, 
      3505,   4114,   4561,   4947,   5403,   5698,   6071,   6358, 
      6319,   6364,   6297,   6098,   6074,   5876,   5523,   5221, 
      4762,   4289,   3854,   3322,   2748,   2116,   1403,    536, 
      -389,  -1325,  -2192,  -2874,  -3480,  -4079,  -4768,  -5441, 
     -5958,  -6362,  -6649,  -6867,  -7133,  -7336,  -7281,  -7146, 
     -6940,  -6478,  -5969,  -5457,  -4849,  -4253,  -3534,  -2709, 
     -1900,  -1097,   -392,    255,    912,   1581,   2218,   2899, 
      3559,   4099,   4644,   5132,   5558,   5975,   6333,   6575, 
      6709,   6723,   6638,   6548,   6405,   6195,   5943,   5579, 
      5118,   4653,   4121,   3630,   3099,   2396,   1652,    696, 
      -310,  -1270,  -2235,  -2980,  -3604,  -4293,  -5051,  -5750, 
     -6358,  -6756,  -6984,  -7235,  -7464,  -7657,  -7661,  -7502, 
     -7245,  -6746,  -6185,  -5656,  -5039,  -4404,  -3677,  -2803, 
     -1940,  -1120,   -424,    221,    890,   1557,   2271,   2931, 
      3587,   4184,   4694,   5266,   5733,   6113,   6470,   6695, 
      6847,   6899,   6862,   6763,   6588,   6389,   6109,   5767, 
      5370,   4890,   4411,   3884,   3270,   2630,   1870,    954, 
       -42,  -1074,  -2041,  -2939,  -3612,  -4245,  -5080,  -5758, 
     -6372,  -6948,  -7229,  -7491,  -7806,  -7966,  -8042,  -7928, 
     -7627,  -7262,  -6647,  -6118,  -5601,  -4832,  -4137,  -3286, 
     -2301,  -1491,   -724,      1,    645,   1390,   2179,   2895, 
      3593,   4212,   4796,   5366,   5948,   6470,   6792,   7047, 
      7203,   7194,   7193,   7207,   7107,   6906,   6653,   6327, 
      5860,   5439,   5041,   4425,   3849,   3196,   2324,   1482, 
       547,   -523,  -1549,  -2499,  -3380,  -4135,  -4875,  -5622, 
     -6281,  -6881,  -7298,  -7638,  -8039,  -8197,  -8301,  -8377, 
     -8052,  -7743,  -7366,  -6689,  -6109,  -5480,  -4679,  -3872, 
     -2996,  -2062,  -1236,   -485,    281,   1059,   1824,   2526, 
      3194,   3811,   4421,   5087,   5724,   6237,   6627,   6931, 
      7097,   7198,   7299,   7321,   7238,   7103,   6861,   6519, 
      6175,   5821,   5396,   4845,   4304,   3660,   2932,   2281, 
      1443,    500,   -524,  -1589,  -2542,  -3465,  -4182,  -4880, 
     -5734,  -6426,  -7011,  -7546,  -7846,  -8057,  -8316,  -8456, 
     -8415,  -8197,  -7877,  -7411,  -6774,  -6218,  -5586,  -4799, 
     -3958,  -3011,  -2083,  -1193,   -405,    341,   1198,   1944, 
      2613,   3312,   3916,   4609,   5271,   5827,   6398,   6734, 
      6995,   7212,   7296,   7403,   7395,   7300,   7155,   6883, 
      6576,   6257,   5870,   5393,   4893,   4338,   3689,   3018, 
      2330,   1513,    575,   -380,  -1415,  -2505,  -3422,  -4122, 
     -4900,  -5689,  -6323,  -6972,  -7438,  -7717,  -8053,  -8329, 
     -8476,  -8441,  -8260,  -8013,  -7542,  -7000,  -6453,  -5740, 
     -5027,  -4227,  -3275,  -2361,  -1451,   -637,     90,    857, 
      1590,   2321,   2979,   3612,   4265,   4855,   5540,   6161, 
      6544,   6866,   7117,   7241,   7340,   7401,   7388,   7253, 
      7060,   6821,   6400,   6041,   5729,   5226,   4689,   4109, 
      3454,   2754,   2006,   1208,    186,   -871,  -1869,  -2961, 
     -3839,  -4495,  -5239,  -5959,  -6633,  -7290,  -7753,  -8037, 
     -8252,  -8464,  -8590,  -8557,  -8360,  -8000,  -7459,  -6823, 
     -6246,  -5543,  -4762,  -3957,  -2982,  -2032,  -1167,   -343, 
       418,   1140,   1848,   2570,   3237,   3880,   4532,   5142, 
      5714,   6242,   6676,   6985,   7190,   7258,   7307,   7305, 
      7249,   7179,   6957,   6679,   6335,   5976,   5649,   5189, 
      4641,   4039,   3370,   2682,   1926,   1115,    201,   -814, 
     -1820,  -2856,  -3770,  -4480,  -5170,  -5899,  -6635,  -7219, 
     -7677,  -8068,  -8297,  -8501,  -8664,  -8609,  -8379,  -8052, 
     -7579,  -6957,  -6329,  -5685,  -4939,  -4085,  -3164,  -2210, 
     -1321,   -527,    222,    985,   1771,   2455,   3103,   3729, 
      4355,   4998,   5588,   6137,   6567,   6883,   7127,   7249, 
      7284,   7291,   7271,   7189,   7007,   6755,   6473,   6117, 
      5809,   5471,   4912,   4392,   3781,   3076,   2425,   1600, 
       748,   -189,  -1205,  -2196,  -3242,  -4085,  -4776,  -5533, 
     -6260,  -6902,  -7503,  -7929,  -8218,  -8512,  -8685,  -8736, 
     -8663,  -8421,  -8069,  -7536,  -6915,  -6268,  -5563,  -4797, 
     -3919,  -2971,  -1991,  -1073,   -265,    498,   1265,   2037, 
      2779,   3455,   4102,   4694,   5232,   5839,   6416,   6830, 
      7152,   7338,   7342,   7355,   7347,   7315,   7247,   7042, 
      6777,   6434,   6090,   5760,   5389,   4912,   4294,   3660, 
      2946,   2181,   1449,    601,   -323,  -1273,  -2333,  -3331, 
     -4192,  -4955,  -5552,  -6265,  -7029,  -7574,  -8052,  -8337, 
     -8518,  -8694,  -8805,  -8810,  -8594,  -8253,  -7705,  -7027, 
     -6318,  -5607,  -4886,  -4041,  -3143,  -2174,  -1164,   -259, 
       501,   1296,   2081,   2743,   3496,   4140,   4717,   5312, 
      5778,   6250,   6646,   7020,   7312,   7456,   7449,   7381, 
      7333,   7186,   7115,   6950,   6585,   6216,   5839,   5449, 
      5011,   4562,   3999,   3269,   2573,   1849,   1065,    239, 
      -653,  -1648,  -2700,  -3678,  -4494,  -5206,  -5950,  -6615, 
     -7318,  -7928,  -8299,  -8647,  -8865,  -8936,  -9010,  -8923, 
     -8664,  -8346,  -7786,  -7093,  -6403,  -5653,  -4913,  -4079, 
     -3165,  -2243,  -1197,   -257,    547,   1404,   2156,   2824, 
      3571,   4285,   4909,   5526,   6105,   6581,   6931,   7302, 
      7565,   7650,   7783,   7778,   7678,   7610,   7472,   7287, 
      7002,   6672,   6303,   5872,   5474,   4998,   4320,   3583, 
      2857,   2077,   1320,    511,   -435,  -1474,  -2574,  -3611, 
     -4525,  -5309,  -5973,  -6626,  -7400,  -8134,  -8632,  -9002, 
     -9225,  -9342,  -9430,  -9439,  -9346,  -9013,  -8495,  -7914, 
     -7146,  -6276,  -5594,  -4849,  -3879,  -2915,  -1874,   -783, 
       185,    990,   1787,   2620,   3290,   4025,   4837,   5472, 
      6047,   6603,   7083,   7473,   7853,   8111,   8148,   8157, 
      8129,   8030,   7923,   7755,   7509,   7176,   6792,   6372, 
      5921,   5445,   4810,   4134,   3431,   2715,   2094,   1322, 
       384,   -603,  -1674,  -2846,  -3844,  -4700,  -5623,  -6383, 
     -7071,  -7802,  -8470,  -8971,  -9328,  -9638,  -9746,  -9835, 
     -9864,  -9717,  -9416,  -8844,  -8283,  -7540,  -6790,  -6129, 
     -5161,  -4167,  -3099,  -1930,   -911,     36,    976,   1850, 
      2697,   3501,   4235,   4963,   5575,   6190,   6813,   7281, 
      7732,   8078,   8342,   8530,   8644,   8663,   8527,   8384, 
      8206,   8028,   7729,   7428,   7045,   6392,   5847,   5329, 
      4714,   4027,   3264,   2498,   1566,    736,    -67,  -1168, 
     -2296,  -3452,  -4670,  -5734,  -6461,  -7325,  -8233,  -8879, 
     -9404,  -9804, -10139, -10319, -10621, -10645, -10272, -10112, 
     -9737,  -9147,  -8500,  -7716,  -6853,  -5820,  -4962,  -3849, 
     -2584,  -1534,   -509,    524,   1584,   2479,   3470,   4201, 
      4771,   5508,   6152,   6772,   7256,   7855,   8384,   8708, 
      8947,   9000,   9080,   9185,   9313,   8925,   8427,   8317, 
      8181,   7944,   7402,   6816,   6178,   5696,   5088,   4084, 
      3299,   2457,   1565,    642,   -369,  -1442,  -2684,  -3890, 
     -5271,  -6487,  -7369,  -8170,  -9037,  -9849, -10408, -10919, 
    -10895, -10940, -11182, -11422, -11277, -10410,  -9933,  -9318, 
     -8676,  -8119,  -6926,  -5719,  -4739,  -3797,  -2528,  -1181, 
      -299,    847,   2092,   3099,   3886,   4483,   5141,   5807, 
      6638,   7051,   7117,   7813,   8754,   9021,   8971,   9103, 
      9379,   9521,   9385,   9081,   8811,   8718,   8510,   7921, 
      7492,   7408,   6895,   5980,   5139,   4605,   4076,   3247, 
      2147,    906,      4,   -715,  -1855,  -3323,  -4700,  -6000, 
     -7305,  -8106,  -8624,  -9557, -10700, -11292, -11113, -11068, 
    -11429, -12180, -12215, -11073, -10264, -10077,  -9901,  -9007, 
     -7731,  -6633,  -5683,  -4684,  -3465,  -2239,  -1137,      4, 
      1387,   2628,   3176,   3718,   4747,   5742,   6258,   6474, 
      6832,   7644,   8605,   8798,   8662,   8749,   9378,   9727, 
      9432,   9198,   8925,   8895,   8857,   8601,   8095,   7607, 
      7422,   7068,   6507,   5928,   5193,   4260,   3382,   2647, 
      1603,    350,   -760,  -1753,  -2964,  -4321,  -5599,  -7147, 
     -8316,  -8785,  -9326, -10717, -11865, -11697, -11549, -11784, 
    -12283, -12673, -12120, -11032, -10427, -10375,  -9760,  -8362, 
     -7198,  -6350,  -5086,  -3831,  -2836,  -1647,   -285,   1000, 
      2156,   3167,   3856,   4666,   5839,   6394,   6580,   7024, 
      7808,   8682,   8888,   8992,   9141,   9503,  10055,   9856, 
      9510,   9469,   9443,   9268,   8848,   8630,   8272,   7847, 
      7524,   7049,   6602,   5853,   4824,   3988,   3287,   2441, 
      1186,   -311,  -1307,  -2304,  -3613,  -5072,  -6594,  -7932, 
     -9063,  -9656, -10306, -11429, -12358, -12601, -12190, -12241, 
    -12854, -12919, -12571, -11565, -10623, -10347,  -9908,  -8933, 
     -7233,  -5823,  -5127,  -4219,  -2786,  -1299,     47,   1287, 
      2341,   3152,   4133,   5223,   6009,   6777,   7099,   7293, 
      8038,   8944,   9556,   9346,   9307,   9905,  10328,  10444, 
      9838,   9417,   9652,   9720,   9307,   8568,   8296,   8156, 
      7726,   7260,   6538,   5865,   5076,   4161,   3345,   2468, 
      1383,    -90,  -1251,  -2089,  -3314,  -4847,  -6240,  -7689, 
     -8964,  -9572, -10049, -11097, -12283, -12567, -12297, -12254, 
    -12556, -13012, -12764, -11787, -10928, -10416,  -9974,  -9035, 
     -7820,  -6461,  -5177,  -4374,  -3295,  -1746,   -271,    898, 
      2024,   3097,   3873,   4869,   5961,   6541,   6919,   7508, 
      8123,   8657,   9201,   9461,   9478,   9666,   9968,   9932, 
      9622,   9635,   9472,   9090,   8904,   8539,   8123,   7787, 
      7375,   6896,   6446,   5829,   5038,   4270,   3444,   2549, 
      1567,    440,   -819,  -1878,  -2815,  -4162,  -5654,  -6801, 
     -8092,  -9519,  -9980, -10174, -11366, -12448, -12529, -12248, 
    -12126, -12314, -12545, -12550, -11590, -10306,  -9918,  -9469, 
     -8405,  -7154,  -5955,  -4522,  -3362,  -2645,  -1338,    437, 
      1745,   2592,   3428,   4368,   5416,   6437,   7112,   7145, 
      7542,   8528,   8930,   9059,   9422,   9632,   9715,   9742, 
      9807,   9781,   9481,   9358,   9046,   8766,   8594,   8077, 
      7728,   7455,   7133,   6447,   5769,   5402,   4691,   3638, 
      2670,   1923,    990,   -279,  -1668,  -2831,  -3956,  -5194, 
     -6500,  -7855,  -9328, -10300, -10383, -11102, -12434, -12963, 
    -12701, -12320, -12505, -12909, -12680, -12168, -10988,  -9948, 
     -9768,  -9146,  -7951,  -6334,  -4978,  -4034,  -3223,  -2111, 
      -305,   1348,   2299,   2900,   3736,   5005,   6155,   6641, 
      6965,   7304,   7958,   8685,   9054,   9376,   9356,   9363, 
      9828,  10091,   9861,   9365,   9304,   9546,   9207,   8803, 
      8416,   8028,   7777,   7464,   7091,   6323,   5614,   5024, 
      4268,   3444,   2444,   1404,     86,  -1218,  -2165,  -3316, 
     -4793,  -6242,  -7588,  -8892, -10273, -10912, -10922, -11849, 
    -13093, -13434, -12849, -12185, -12541, -13102, -12784, -11713, 
    -10402,  -9778,  -9333,  -8485,  -7210,  -5474,  -3977,  -3209, 
     -2468,   -889,    847,   2193,   3188,   3717,   4485,   5768, 
      6852,   7360,   7405,   7802,   8444,   9021,   9666,   9623, 
      9267,   9652,  10124,   9995,   9679,   9475,   9306,   9025, 
      8934,   8676,   8089,   7777,   7433,   6930,   6438,   5956, 
      5260,   4259,   3567,   2865,   1823,    592,   -767,  -1943, 
     -3022,  -4172,  -5561,  -7120,  -8394,  -9652, -10974, -11462, 
    -11649, -12477, -13512, -13649, -12969, -12496, -12616, -12844, 
    -12464, -11314,  -9858,  -9103,  -8785,  -7805,  -6038,  -4534, 
     -3211,  -2166,  -1360,    124,   1863,   3415,   4236,   4615, 
      5498,   6672,   7626,   8085,   7965,   8227,   8944,   9499, 
      9614,   9345,   9544,   9767,   9497,   9314,   9333,   9187, 
      8687,   8287,   8286,   8114,   7548,   7011,   6656,   6242, 
      5708,   5230,   4572,   3762,   2962,   1929,   1058,    199, 
      -936,  -2368,  -3845,  -4773,  -5689,  -7109,  -8712, -10017, 
    -11272, -12098, -11900, -12234, -13685, -14034, -13163, -12496, 
    -12299, -12438, -12202, -11407,  -9887,  -8278,  -8035,  -7749, 
     -5917,  -4118,  -2867,  -1513,   -697,     53,   1978,   4168, 
      4863,   4819,   5713,   7101,   8017,   8382,   8543,   8391, 
      8701,   9902,  10231,   9405,   9249,   9712,   9834,   9722, 
      9329,   8866,   8664,   8755,   8484,   7852,   7466,   7213, 
      6935,   6529,   5933,   5088,   4462,   4214,   3454,   2153, 
      1021,    161,   -525,  -1625,  -3325,  -4791,  -5813,  -6667, 
     -8001,  -9665, -11138, -12462, -12412, -11942, -13246, -14566, 
    -14104, -13055, -12341, -12281, -12514, -12210, -10893,  -8771, 
     -7756,  -7847,  -6930,  -5037,  -3265,  -1649,   -698,   -290, 
      1080,   3406,   5016,   5354,   5564,   6266,   7536,   8615, 
      8771,   8366,   8244,   9196,  10090,   9843,   9338,   9252, 
      9491,   9688,   9502,   8998,   8511,   8493,   8521,   8092, 
      7622,   7220,   7063,   6825,   6236,   5551,   4839,   4498, 
      3987,   2884,   1727,    738,    -14,   -911,  -2451,  -4009, 
     -5256,  -6315,  -7432,  -8967, -10561, -12178, -12803, -12133, 
    -12512, -14234, -14754, -13611, -12483, -12178, -12484, -12555, 
    -11473,  -9393,  -7835,  -7682,  -7296,  -5624,  -3723,  -2041, 
      -678,   -122,    583,   2654,   4766,   5503,   5672,   6178, 
      7036,   8289,   8982,   8641,   8089,   8577,   9775,   9950, 
      9337,   8978,   9080,   9449,   9609,   8921,   8154,   8194, 
      8477,   8106,   7542,   7276,   7001,   6858,   6539,   5827, 
      5091,   4642,   4242,   3330,   2214,   1348,    312,   -762, 
     -1752,  -3165,  -4658,  -5962,  -7172,  -8387,  -9783, -11415, 
    -12972, -13043, -12448, -13369, -14742, -14696, -13384, -12334, 
    -12468, -12715, -12161, -10600,  -8512,  -7638,  -7422,  -6427, 
     -4649,  -2646,  -1191,   -301,    416,   1864,   3786,   5287, 
      6144,   6283,   6619,   7846,   8938,   9124,   8491,   8315, 
      9264,   9838,   9846,   9249,   8695,   9196,   9613,   9089, 
      8326,   8146,   8281,   8007,   7629,   7427,   7019,   6636, 
      6477,   6111,   5264,   4656,   4423,   3753,   2838,   1845, 
       629,   -292,   -939,  -2054,  -3989,  -5549,  -6336,  -7298, 
     -8775, -10451, -12244, -13343, -12797, -12315, -13754, -15214, 
    -14342, -12734, -11947, -12069, -12484, -11896,  -9765,  -7586, 
     -7059,  -7141,  -5863,  -3759,  -2102,   -563,    460,    931, 
      2193,   4385,   6002,   6451,   6444,   6738,   7958,   9302, 
      9283,   8337,   8158,   9218,  10084,   9800,   9003,   8673, 
      9121,   9616,   9208,   8409,   8109,   8139,   8127,   7984, 
      7555,   6774,   6589,   6771,   6238,   5136,   4438,   4290, 
      3644,   2560,   1433,    124,   -847,  -1437,  -2751,  -4705, 
     -6293,  -7160,  -8076,  -9585, -11227, -13071, -13956, -13003, 
    -12710, -14551, -15434, -14056, -12581, -11943, -12031, -12114, 
    -11229,  -9021,  -6851,  -6425,  -6397,  -4897,  -2876,  -1014, 
       568,   1126,   1568,   3318,   5566,   6682,   6861,   6851, 
      7312,   8657,   9566,   9278,   8384,   8303,   9388,   9975, 
      9535,   8748,   8334,   8749,   9296,   8952,   8026,   7406, 
      7580,   7796,   7553,   6845,   6135,   6094,   6140,   5692, 
      4683,   3913,   3549,   2890,   1982,    864,   -451,  -1420, 
     -2296,  -3599,  -5175,  -6631,  -7729,  -8954, -10386, -12084, 
    -13589, -13425, -12702, -13559, -14970, -14763, -13126, -11718, 
    -11530, -11999, -11669,  -9714,  -7208,  -6199,  -6176,  -5341, 
     -3442,  -1434,     42,    930,   1614,   2785,   4367,   5926, 
      6947,   7230,   7182,   7731,   8823,   9423,   8967,   8267, 
      8359,   9057,   9680,   9203,   8298,   8209,   8677,   8815, 
      8349,   7759,   7431,   7348,   7419,   7148,   6387,   6056, 
      6107,   5714,   4793,   4125,   3836,   3100,   2124,   1112, 
       -17,   -965,  -1958,  -3247,  -4765,  -6015,  -6972,  -8381, 
    -10215, -11647, -12867, -13413, -12877, -12756, -14194, -15245, 
    -13700, -11514, -10948, -11595, -11775, -10365,  -7677,  -5682, 
     -5610,  -5854,  -4199,  -1559,    125,    969,   1378,   2155, 
      3940,   5891,   6802,   6965,   7121,   7292,   8128,   9251, 
      9155,   8141,   7669,   8310,   9189,   9254,   8527,   7606, 
      7536,   8492,   8615,   7702,   6950,   6766,   6954,   6999, 
      6674,   5919,   5408,   5352,   5175,   4548,   3834,   3124, 
      2262,   1426,    617,   -438,  -1713,  -3063,  -4373,  -5197, 
     -6237,  -7959,  -9853, -11232, -12189, -12971, -12703, -12458, 
    -13743, -14776, -13767, -11875, -10817, -10982, -11421, -10620, 
     -8027,  -5592,  -5404,  -5639,  -4155,  -1806,      0,    888, 
      1372,   2237,   3835,   5360,   6325,   6925,   7210,   7247, 
      7779,   8747,   8823,   8027,   7517,   7945,   8688,   8843, 
      8041,   7403,   7761,   8208,   7813,   7088,   7022,   7278, 
      7141,   6537,   6030,   5855,   5946,   5767,   4952,   3997, 
      3518,   3322,   2687,   1628,    288,   -900,  -1668,  -2694, 
     -4089,  -5465,  -6636,  -7772,  -9275, -10970, -12461, -13160, 
    -12431, -12232, -13673, -14515, -13853, -12068, -10513, -10435, 
    -11189, -10782,  -8119,  -5420,  -4882,  -5017,  -4294,  -2548, 
        13,   1654,   1936,   2125,   3231,   4883,   6569,   7727, 
      7291,   6511,   7291,   8847,   9280,   8504,   7630,   7426, 
      8132,   9079,   8860,   7848,   7365,   7340,   7792,   8395, 
      8203,   6917,   5907,   6447,   7363,   7198,   5835,   4557, 
      4508,   5049,   4658,   3155,   1795,   1104,    359,   -674, 
     -1834,  -3269,  -4540,  -5795,  -7063,  -8310,  -9789, -11456, 
    -12816, -12745, -12150, -12850, -14155, -14066, -12692, -11445, 
    -11089, -10981, -10416,  -9180,  -7377,  -5938,  -5079,  -4228, 
     -2976,  -1749,   -367,   1300,   2511,   2950,   3444,   4735, 
      6318,   7465,   7502,   6889,   7061,   8223,   9081,   8588, 
      7672,   7660,   8316,   8912,   8805,   8083,   7764,   7786, 
      7906,   8011,   7748,   7298,   6722,   6562,   6503,   6266, 
      6000,   5321,   4419,   3697,   3179,   2621,   1804,    671, 
      -773,  -2166,  -2830,  -3521,  -4924,  -6718,  -8371,  -9527, 
    -10637, -11977, -12766, -12488, -12522, -13391, -13946, -13262, 
    -11751, -10814, -10836, -10855,  -9557,  -7291,  -5943,  -5588, 
     -4764,  -3429,  -1744,    -74,    779,   1419,   2598,   4016, 
      5109,   5966,   6573,   6803,   7175,   7817,   8126,   7990, 
      7953,   8002,   7978,   8038,   8268,   8383,   8073,   7640, 
      7555,   7764,   7696,   7329,   7056,   6970,   6744,   6323, 
      5876,   5647,   5619,   5032,   3976,   3089,   2518,   1970, 
      1012,   -448,  -1886,  -2959,  -3873,  -4900,  -6353,  -8211, 
    -10091, -11434, -12174, -12118, -11937, -12962, -14178, -13943, 
    -12503, -11225, -11055, -11327, -10853,  -9274,  -6872,  -5584, 
     -5737,  -5023,  -3110,   -992,    437,    907,   1525,   2839, 
      4240,   5460,   6408,   6832,   6937,   6978,   7377,   8153, 
      8451,   7877,   7231,   7359,   8174,   8699,   8313,   7581, 
      7160,   7491,   7953,   7804,   7118,   6621,   6605,   6500, 
      6392,   6152,   5697,   5286,   4607,   3769,   3252,   2620, 
      1643,    364,   -936,  -1940,  -2934,  -4010,  -5545,  -7378, 
     -8887, -10117, -11559, -12372, -11929, -11994, -13077, -13744, 
    -13327, -12213, -11123, -10665, -10788, -10245,  -8179,  -6441, 
     -5792,  -4967,  -3742,  -2404,  -1101,    284,   1360,   2288, 
      3437,   4416,   5439,   6347,   6733,   6764,   6937,   7618, 
      8058,   7849,   7517,   7431,   7863,   8447,   8625,   8230, 
      7673,   7551,   7720,   8127,   8008,   7289,   6769,   6481, 
      6627,   6797,   6457,   5455,   4384,   4031,   3789,   2921, 
      1730,    553,   -470,  -1391,  -2448,  -3868,  -5335,  -6767, 
     -8432,  -9885, -11297, -11940, -11556, -11712, -12861, -13734, 
    -13170, -11827, -10916, -10712, -10815, -10104,  -8195,  -6574, 
     -5811,  -5157,  -4053,  -2737,  -1568,   -320,   1039,   2028, 
      2673,   3495,   4564,   5794,   6587,   6526,   6246,   6621, 
      7567,   7958,   7580,   7210,   7343,   7882,   8401,   8421, 
      7939,   7586,   7568,   7784,   7910,   7708,   7231,   6654, 
      6378,   6447,   6470,   6112,   5046,   3889,   3309,   2860, 
      2289,   1082,   -375,  -1468,  -2523,  -3591,  -4947,  -6722, 
     -8397,  -9927, -11286, -11262, -10640, -11507, -13145, -13570, 
    -12421, -10908, -10530, -11026, -10968,  -9529,  -7445,  -6575, 
     -6380,  -5315,  -3709,  -2461,  -1501,   -462,    780,   2138, 
      3051,   3600,   4527,   5796,   6528,   6436,   6391,   6927, 
      7486,   7654,   7552,   7398,   7511,   8059,   8354,   8096, 
      7792,   7514,   7533,   7792,   7660,   7182,   6771,   6487, 
      6220,   6082,   5896,   5301,   4376,   3510,   2958,   2343, 
      1434,    322,   -828,  -1970,  -3165,  -4344,  -5739,  -7327, 
     -8835, -10456, -11352, -10888, -10670, -11755, -13040, -12908, 
    -11621, -10325, -10044, -10688, -10247,  -8250,  -6452,  -6009, 
     -5699,  -4454,  -3061,  -1791,   -782,     33,   1232,   2612, 
      3449,   3780,   4693,   5871,   6339,   6290,   6343,   6946, 
      7587,   7512,   7141,   7184,   7740,   8318,   8205,   7586, 
      7208,   7391,   7877,   7917,   7175,   6561,   6527,   6571, 
      6293,   5735,   5029,   4338,   3783,   3006,   2194,   1389, 
       395,   -688,  -1741,  -2719,  -4019,  -5370,  -6706,  -8272, 
     -9779, -10371, -10030, -10312, -11384, -12228, -12144, -11153, 
    -10091,  -9988, -10409,  -9793,  -8147,  -6766,  -6067,  -5553, 
     -4670,  -3527,  -2381,  -1122,   -132,    918,   1923,   2544, 
      3349,   4345,   5447,   5975,   5875,   5882,   6307,   7120, 
      7443,   7203,   7019,   7221,   7750,   8053,   7928,   7518, 
      7368,   7642,   7658,   7360,   6937,   6575,   6391,   6081, 
      5731,   5175,   4278,   3525,   2873,   2080,   1235,    375, 
      -643,  -1829,  -2797,  -3833,  -5047,  -6544,  -8256,  -9337, 
     -9552,  -9180,  -9821, -11327, -11738, -11039, -10052,  -9537, 
     -9642,  -9940,  -9216,  -7495,  -6308,  -5843,  -5432,  -4517, 
     -3519,  -2333,   -758,     16,    520,   1405,   2327,   3395, 
      4326,   5086,   5276,   5356,   5736,   6298,   6869,   6802, 
      6705,   6803,   7196,   7609,   7689,   7634,   7349,   7176, 
      7233,   7471,   7298,   6755,   6367,   5924,   5605,   5559, 
      5057,   3915,   3103,   2447,   1642,    958,    108,  -1010, 
     -2029,  -3062,  -4318,  -5461,  -6605,  -8061,  -8933,  -8520, 
     -8553,  -9958, -11187, -10646,  -9230,  -8880,  -9320,  -9828, 
     -9162,  -7460,  -6636,  -6333,  -5681,  -4742,  -3896,  -3189, 
     -2132,   -709,    509,   1002,   1222,   2128,   3645,   4726, 
      4860,   4702,   5060,   5691,   6142,   6306,   6508,   6897, 
      6728,   6495,   6920,   7654,   7870,   6974,   6306,   6718, 
      7155,   6714,   6044,   5836,   5691,   5293,   4385,   3602, 
      3095,   2425,   1874,    909,    -38,   -753,  -1856,  -2686, 
     -3376,  -4515,  -6149,  -7442,  -7787,  -7287,  -7183,  -8858, 
     -9987,  -9506,  -8333,  -7686,  -8696,  -9118,  -8152,  -7104, 
     -6645,  -6365,  -5667,  -4401,  -3312,  -3453,  -3095,  -1460, 
       292,   1046,    769,   1191,   2690,   3973,   4139,   4113, 
      4606,   5239,   5528,   5531,   6035,   6461,   6614,   6698, 
      6432,   6646,   7324,   7268,   6658,   6112,   5998,   6325, 
      6154,   5486,   5088,   4584,   3649,   3112,   2865,   2417, 
      1447,    368,   -231,  -1095,  -1707,  -2322,  -3412,  -4588, 
     -6064,  -6922,  -6824,  -6127,  -6543,  -8422,  -9301,  -8588, 
     -7143,  -6661,  -7623,  -8435,  -7867,  -6301,  -5501,  -5388, 
     -4954,  -4259,  -3364,  -2578,  -1967,  -1105,     57,    692, 
       884,   1635,   2559,   3433,   4040,   4046,   4225,   4903, 
      5353,   5261,   5593,   6202,   6344,   5965,   5888,   6470, 
      6680,   6235,   5752,   5789,   5764,   5440,   4968,   4406, 
      4357,   4178,   3131,   2470,   2267,   1398,    549,    268, 
      -183,  -1162,  -2334,  -3120,  -3586,  -4448,  -5594,  -6063, 
     -5806,  -5912,  -6871,  -7928,  -7819,  -6847,  -6251,  -6760, 
     -7479,  -7250,  -6191,  -4918,  -4991,  -5293,  -4632,  -3434, 
     -2352,  -2161,  -1616,   -809,    -41,    811,   1537,   2041, 
      2123,   2797,   3875,   4334,   4370,   4207,   4605,   5435, 
      5591,   5542,   5590,   5689,   5836,   5856,   5570,   5527, 
      5684,   5230,   4684,   4486,   4502,   4188,   3624,   3111, 
      2788,   2302,   1470,   1128,    724,   -123,   -626,  -1198, 
     -2420,  -3269,  -3518,  -3633,  -4388,  -5770,  -5853,  -5206, 
     -5404,  -6591,  -7023,  -6130,  -5421,  -5884,  -7059,  -6562, 
     -5579,  -4978,  -4955,  -5278,  -4231,  -3448,  -3121,  -2484, 
     -1389,   -566,   -323,    410,    948,   1271,   2261,   3234, 
      3512,   3367,   3533,   4513,   4719,   4844,   5352,   5241, 
      5558,   5443,   5477,   5470,   5408,   5533,   5079,   5127, 
      4305,   3673,   4069,   4471,   3736,   2300,   2298,   2500, 
      2017,    654,    185,    984,   1133,   -760,  -2194,  -2893, 
     -3196,   -430,  -2570,  -6145,  -5750,  -4765,  -2872,  -4331, 
     -6077,  -6533,  -6268,  -5416,  -5125,  -4679,  -4887,  -5102, 
     -5355,  -4447,  -3877,  -3406,  -2628,  -2392,  -2015,  -1809, 
     -1359,   -641,   1245,   2138,    347,   -441,   1832,   4484, 
      4595,   2727,   2022,   3218,   5008,   5331,   4302,   4107, 
      3848,   3950,   4610,   5202,   4665,   3566,   3901,   3593, 
      3295,   3256,   2880,   3326,   2691,   1769,   1895,   2009, 
       835,    164,    306,  -1037,   -394,   -292,  -2176,  -2274, 
     -2824,  -3377,  -2799,  -2796,  -3427,  -3955,  -4036,  -3654, 
     -4495,  -4616,  -3329,  -4078,  -4700,  -4912,  -4148,  -2051, 
     -1931,  -3428,  -4134,  -2731,  -1474,   -568,     -9,  -1753, 
     -2573,   -334,   1702,   1596,    -68,    212,   2093,   2635, 
      2894,   2374,   1794,   1891,   2768,   4079,   4421,   3514, 
      2207,   2415,   3594,   4453,   3536,   2228,   2908,   3481, 
      3538,   2774,   1045,    794,   2984,   4584,   1773,  -1845, 
      -289,   2617,   1755,  -1452,  -3624,  -1728,   1686,   1369, 
     -3369,  -5495,  -2925,   -414,   -379,  -3670,  -4391,   -834, 
     -1091,  -5115,  -5177,  -3022,   -997,     48,  -3883,  -5792, 
     -1884,    343,  -1338,  -2726,  -2480,  -1810,   -147,    147, 
      -689,   -761,  -1165,    555,   2762,   1899,   -221,   -483, 
      1163,   3159,   4652,   2794,   -647,   -537,   2681,   4643, 
      3439,   1306,   1784,   1914,   2264,   2916,    535,   1645, 
      3441,   2483,    496,   -595,    903,   1669,   2713,   2545, 
      -743,  -2762,  -1880,    680,   2208,   -707,  -1308,   -672, 
     -2764,  -2418,  -2318,  -2224,    357,   -177,  -3696,  -3502, 
     -2986,  -1950,    530,   -796,  -2040,  -3032,  -3379,   -454, 
        32,   -664,   -963,  -2678,  -2757,    252,    774,  -2061, 
      -311,    723,    327,     93,   -724,   2539,    872,  -1599, 
       837,   1372,   3519,   3485,  -1160,  -1926,   2560,   4429, 
      2398,    959,    128,   2528,   4313,    749,  -2657,    366, 
      4751,   1929,  -1482,    935,    812,  -1290,   2104,     68, 
     -3315,   1599,   2143,  -1204,  -2269,  -2391,    214,   2289, 
      -653,  -3547,  -3662,  -1069,   3526,   1215,  -3374,  -1913, 
     -2395,  -2473,    618,    687,  -2333,  -3421,  -2267,  -1543, 
      2327,   2311,  -2555,  -3866,  -1525,    994,    670,    283, 
     -1181,  -1712,     61,   -226,   -383,    487,    930,    605, 
      -185,   -696,   2077,   3586,  -1033,   -165,   2037,    293, 
      2186,   2242,   1035,   -736,  -1535,   3388,   5104,   1687, 
     -1882,  -3909,   -130,   5507,   3896,  -2137,  -4289,    210, 
      3392,   1720,   -554,  -2313,   -284,   2161,   1053,  -2728, 
     -2699,   3260,   2538,  -2558,  -3828,  -2266,   1952,   3115, 
     -1517,  -5842,  -2963,   2591,   2745,   -607,  -3001,  -3018, 
      -173,   3311,    704,  -3612,  -2761,  -1315,    301,   2455, 
       894,  -3482,  -4827,   1379,   5761,    380,  -4801,  -3225, 
      2244,   4127,    795,  -2090,  -1937,   3214,   3510,  -2582, 
     -3270,   1349,   6167,   2014,  -5098,  -3778,   1964,   5811, 
      2842,  -2916,   -275,   2598,   -114,     12,    288,   1154, 
     -1587,   -647,   2334,    -53,    523,   -673,   2068,   2269, 
     -2258,  -1674,   -669,   2524,    753,  -2072,   1776,   1027, 
     -2435,  -2097,    444,   2298,   1866,  -2313,  -4163,    333, 
      1391,  -1198,  -1290,   -464,  -1770,  -1637,   1942,   2226, 
     -2141,  -3979,    558,   1939,  -1274,   -114,   -576,   -326, 
       621,  -2177,  -1340,    504,   2368,   1882,  -1431,  -2955, 
     -1063,    726,   1492,   6372,    273,  -9744,  -1165,   6161, 
      2807,   2988,  -2522,  -6859,   2618,   8008,    567,  -5089, 
     -1015,   2592,   6079,   2105,  -6601,  -2959,   2783,   4268, 
      1098,  -2819,    346,   1452,   1412,  -2932,  -3815,   3754, 
      2955,   -358,  -2866,   -451,   -894,  -2813,   3373,   2659, 
     -2562,  -4212,  -1307,   3100,   3102,  -1199,  -5100,  -2394, 
      3773,   2726,  -2380,  -3259,   -268,   2253,  -1812,   -240, 
      1391,  -3273,   -280,   1948,  -1272,  -1522,   3290,  -1159, 
     -3914,   2882,   1028,   -981,   1216,  -1730,     85,   1961, 
     -3533,   1444,   4611,   1764,  -1478,  -5764,  -1450,   6972, 
      7753,  -4729,  -8996,   1649,   6211,   3968,    246,  -4514, 
     -1815,   1842,   1070,   1951,   1014,  -1513,  -1635,    639, 
      1404,   -555,  -1292,   2211,   2008,  -2671,  -2391,    768, 
        83,    878,   2288,  -3145,  -2147,   1367,   1045,   1141, 
     -2889,  -4602,    508,   7492,   3312,  -8138,  -6571,   1249, 
      5100,   3260,  -2044,  -1904,  -1572,  -3535,    -36,   5537, 
      2371,  -3286,  -3437,  -1753,    941,   4355,    553,  -3660, 
       411,   -502,  -1241,   1812,   2269,   1045,  -2512,  -1424, 
      2233,   2824,   -495,  -4673,     33,   3752,  -1272,  -1035, 
      3466,   -217,  -2741,  -1648,    780,   4605,    696,  -1407, 
     -3330,  -3021,   3910,   3537,   -621,    519,  -1133,  -3489, 
      2331,   2127,    915,    877,  -4144,   -797,   1649,   1148, 
      2823,  -1968,  -2986,   1008,    961,   1412,   4094,  -2962, 
     -7216,    756,   3150,   6391,    -64,  -9404,  -1050,   4443, 
      1949,   1552,  -3120,  -1925,   4532,  -2384,  -1560,    862, 
     -2288,   3263,   3751,  -4404,  -5360,   2733,   4437,    908, 
     -3469,  -4418,   1265,   4020,   1525,  -1703,  -1934,  -1104, 
        88,   3094,   2007,  -2750,  -3227,    859,   3210,   1659, 
        92,  -1243,  -4105,    381,   4544,   -498,    895,   -102, 
     -4404,   2228,   2963,   -213,  -1294,  -2851,    593,   3212, 
      1388,  -1711,   -207,  -1013,  -1045,   2174,    456,   1703, 
     -1363,  -2930,   4894,   1248,  -5182,  -3862,   3192,   8302, 
       652,  -7527,  -5770,   4361,   8178,   1357,  -8546,  -5373, 
      6908,   4022,  -2686,  -2081,  -1612,  -1190,   2621,   3506, 
      -877,  -5531,  -1378,   5722,   3747,  -2282,  -4999,  -3041, 
      1475,   6978,    809,  -4880,    458,    121,  -2319,    300, 
      1259,     11,   1905,    638,  -4004,   1030,   2062,  -4415, 
      1429,   3602,   1660,  -1819,  -5037,  -1062,   4779,   4310, 
     -3975,  -2865,   -748,   4004,   4594,  -4081,  -5219,   1872, 
      3041,   1023,    140,  -1309,  -2260,  -2091,   6371,   1373, 
     -5050,   -422,   2138,    743,    459,  -2728,  -2593,   6524, 
      1809,  -7262,  -1798,   5609,    880,   -588,  -1631,  -2150, 
       304,   2466,   2163,  -3785,   -737,   2111,   -558,  -1882, 
      1274,   2461,  -1878,   -806,   -188,  -1230,   3015,    751, 
     -2705,    -56,   -570,  -2988,   1485,   7335,   1423,  -7509, 
     -5432,   2042,   5451,   6500,  -3101,  -9009,  -1694,   5393, 
      4157,  -2208,  -1684,  -2442,   1743,   3616,  -3014,    734, 
      1052,  -1422,    208,  -2859,   1452,   4573,   -757,   -628, 
     -3099,  -3559,   4310,   4389,   1156,  -4446,  -4006,   3703, 
       641,   -830,   -221,   1163,   1307,  -3748,  -2434,   2213, 
      5427,   1044,  -5999,  -4955,   4145,   7961,  -1272,  -6784, 
     -3241,   3644,   4829,   -634,  -3720,   -896,   2855,   -838, 
     -1938,   1513,   2014,   1088,  -3768,  -4533,   1757,   5481, 
       632,  -2084,   -849,  -3652,    698,   3096,    666,   1529, 
     -1635,  -3579,   1078,   1196,  -2006,   3628,   4229,  -5876, 
     -6319,   4136,   4239,   -311,   1064,  -2740,  -1885,   1409, 
       -43,    137,   2472,   1135,  -5854,   -248,   3109,   2425, 
       -98,  -6850,   3434,   4774,  -1725,  -2313,  -2264,    770, 
      3618,    501,  -2414,    906,  -2209,    418,    537,  -1728, 
      1296,   2890,   1492,  -3949,  -3094,    295,   3964,   2501, 
       255,  -4335,  -1764,   3959,  -1781,    583,   2736,  -1230, 
     -1103,    735,  -2372,   -589,   4747,   1428,  -4325,  -2142, 
      1804,    487,   1561,   1356,  -1449,  -1596,    589,  -1377, 
     -1203,   2675,   2980,  -2602,  -3092,   2270,    121,   -163, 
      -605,    -13,   1138,    279,   1449,  -1709,  -3603,    620, 
      2772,   1797,    753,  -3044,  -1685,   2840,   -466,  -1381, 
      2268,    895,  -2539,   -181,   2149,   -588,   -410,  -2022, 
      1527,   5845,  -4060,  -5714,   2247,   3388,   1995,   -340, 
     -4758,  -2586,   3483,   3788,   -148,  -3835,    483,   2677, 
     -1009,  -1380,   1047,   1084,   -718,   2737,  -3421,  -2458, 
      3828,   -106,   2954,  -1340,  -4624,     89,   4334,   2560, 
     -4320,  -4194,   1030,   5631,   2377,  -3838,  -5534,   1620, 
      3542,    143,   1206,  -2444,  -1622,   1802,    694,   -855, 
      -421,    331,   1439,    -42,  -1809,   1877,  -1905,  -2070, 
      3439,   2487,    698,  -1720,  -4012,  -1411,   6657,   1651, 
     -4472,  -2014,   -717,   4884,   1568,  -2466,   -791,  -1448, 
      1151,    207,   -534,   2066,   -250,   -592,   -921,  -1846, 
      2119,   3174,   -512,  -3663,  -1415,   2839,   1474,  -1261, 
      -377,   1602,   -269,  -2377,    962,   2874,     96,  -2857, 
       -44,    553,  -1532,    952,   1782,   1879,  -1632,  -4991, 
      -117,   4706,   3428,  -1600,  -6535,  -2365,   4551,   3675, 
      -678,  -2852,  -1146,    166,   1143,    -11,    189,   2014, 
      -199,  -2047,   -996,     80,   2183,   2475,  -2606,  -2891, 
       604,   1091,   1860,   1138,  -1368,  -2724,  -3313,   2444, 
      5942,    -46,  -3604,  -2559,    562,   1828,   3377,    506, 
     -4480,   -464,   1758,  -1680,    402,   2864,  -1533,     -8, 
        90,  -2751,   1347,   1429,    362,    561,  -1794,  -3146, 
      1222,   3680,   -467,  -2027,  -1983,    345,   2435,   1573, 
      -191,  -2024,  -3686,    -25,   4904,   2257,  -1420,  -3191, 
     -1742,   1252,   2926,   -535,  -1643,   2330,   -689,  -2585, 
      -340,    501,   1399,   1977,  -2068,  -5159,   1832,   3302, 
      1211,   2107,  -4821,  -3885,   1741,   2210,   4222,    314, 
     -3414,  -3525,    444,   3881,     57,   -446,  -1801,  -2596, 
      2962,   2490,  -1673,  -1786,   -371,   2248,    826,  -1274, 
       105,   -843,   1100,   2150,  -2318,  -1810,   1210,   1017, 
       344,   -920,   -919,   1104,    665,   -880,  -2333,    344, 
      2126,   -980,   1070,   1511,  -1041,  -1946,  -1559,   2266, 
      2587,   -400,  -1190,  -1227,   1009,    409,  -2076,    290, 
      2489,   2229,  -1945,  -4141,   -860,   2238,   2647,  -1039, 
     -1400,    790,   -528,  -1892,  -1011,   1800,   3395,    376, 
     -1702,  -1161,  -1799,    491,   2063,    727,     -1,   -544, 
     -1127,   -501,    985,    772,    392,    277,   -737,   -810, 
      1349,   1231,  -1845,  -2114,    962,   2530,    825,   -283, 
     -1298,  -1294,   1106,    868,  -1424,   -887,   1210,   1086, 
      -491,  -1180,  -1185,   -702,   1645,   1870,     79,  -1220, 
     -2198,    172,   2595,   1354,  -1146,  -1825,  -1529,    982, 
      2693,   -391,  -1217,    360,    654,    279,    -66,  -1179, 
       -58,   2368,    759,  -1300,  -1800,   -486,   1559,   1036, 
      -513,  -1722,   -800,   1468,   1045,    693,   -841,  -2522, 
       329,   2692,    457,  -1664,   -483,    122,    578,    197, 
      -665,    433,    805,    324,  -1053,  -1200,   1339,   1479, 
       511,  -1165,  -2308,    204,    687,     71,    696,    752, 
     -1651,  -3066,   1063,   3028,    902,  -1527,  -3034,   -314, 
      2514,   2055,   -138,  -1712,   -760,    268,    752,    144, 
      -205,   1415,   1000,  -1428,  -1326,     70,   1051,   1612, 
      1112,   -771,  -2028,   -236,   1791,   1678,  -1301,  -2444, 
       116,   1496,   1172,      6,   -437,   -303,   -272,   -335, 
      -713,    226,   1185,    671,     26,   -553,  -1222,    375, 
      1907,    444,   -590,  -1033,   -943,   -224,    654,    994, 
       877,    -17,  -1230,   -665,   -868,    101,    622,    217, 
       817,  -1117,  -2110,  -1157,    562,   1661,   1108,   -144, 
     -2282,   -914,    776,    807,   1685,    297,  -1392,  -1227, 
       349,   1442,    914,    -11,   -313,     27,    192,    -13, 
       126,    633,    861,    966,   -428,  -1179,    452,   1696, 
      1375,   -423,  -1641,    -43,   1801,   1423,    487,   -462, 
      -897,    268,    412,   -628,   -353,    369,   -175,  -1531, 
     -1901,   -682,    306,   -691,  -1162,  -1101,  -1789,  -1380, 
      -677,  -1882,  -1550,    497,  -1346,  -2204,   -436,   -781, 
      -926,   -266,  -1058,  -1267,    958,   1841,    795,    350, 
       217,   1933,   3730,   2433,   1091,   1961,   2832,   2762, 
      2393,   1857,   2554,   3291,   2452,   1165,   1141,   1575, 
      1652,   1461,    787,    222,   -696,   -793,   -489,  -1328, 
     -2498,  -1920,  -1191,  -2492,  -3741,  -5282,  -5080,  -2551, 
     -1890,  -3391,  -5080,  -4887,  -4845,  -4431,  -3103,  -2716, 
     -2208,  -2909,  -2844,  -2271,   -857,   1111,   1168,   1578, 
      1304,   1466,   3309,   5799,   6942,   5302,   4470,   5498, 
      6854,   7004,   5853,   5250,   5591,   5734,   4742,   3800, 
      3625,   3902,   3038,   1498,    622,     -2,     35,   -360, 
     -1580,  -3381,  -4732,  -5209,  -4932,  -4212,  -5087,  -6592, 
     -7310,  -7880,  -7544,  -6592,  -7127,  -8298,  -7207,  -5332, 
     -4850,  -3908,  -3506,  -3475,  -1785,   -198,   1210,   2179, 
      1871,   1976,   3706,   6456,   7465,   7235,   6135,   5644, 
      8224,   9642,   9239,   7799,   6343,   6734,   7060,   6496, 
      5228,   4228,   3817,   2858,   1765,    623,   -464,   -522, 
     -1213,  -2877,  -3753,  -4087,  -4392,  -4917,  -5601,  -6073, 
     -6128,  -6354,  -7108,  -7149,  -7707,  -8272,  -8501,  -8467, 
     -5986,  -3743,  -4232,  -6163,  -5616,  -2679,    204,   1356, 
       -21,   -363,   1129,   3258,   5011,   6040,   5728,   4697, 
      5948,   7984,   8888,   8558,   7687,   6911,   6566,   7077, 
      7012,   7105,   5860,   3748,   2596,   1970,   2567,   2052, 
       660,  -1307,  -2591,  -2412,  -2757,  -3340,  -4464,  -5830, 
     -6744,  -6172,  -5935,  -6855,  -7075,  -7542,  -7575,  -7524, 
     -8831,  -9366,  -6416,  -3094,  -3260,  -5266,  -6179,  -3526, 
       431,   2306,   1592,    326,    872,   2931,   5243,   5938, 
      5710,   5504,   5756,   7125,   8303,   8226,   7623,   7088, 
      6572,   6488,   5996,   5269,   5268,   4830,   3385,   1702, 
       637,    471,   1055,    213,  -2226,  -3196,  -3270,  -3169, 
     -3449,  -4589,  -5362,  -5597,  -5622,  -6044,  -6171,  -6110, 
     -6904,  -7509,  -7904,  -8002,  -6855,  -4719,  -3393,  -4229, 
     -4974,  -4362,  -1789,   1093,   1604,   1019,    175,   1160, 
      3818,   5607,   5973,   5361,   5388,   6048,   6933,   7604, 
      7757,   7237,   6235,   6142,   6183,   5832,   5293,   4472, 
      3561,   2604,   1841,   1337,    891,   -155,  -1067,  -1530, 
     -2036,  -2538,  -3288,  -3838,  -4360,  -4700,  -4744,  -5484, 
     -6221,  -6184,  -5880,  -6261,  -7091,  -7770,  -7822,  -6143, 
     -3810,  -3107,  -4437,  -4861,  -2844,   -410,   1313,   1445, 
       625,   1055,   2417,   3929,   5414,   5815,   5098,   4847, 
      5544,   6640,   7952,   7699,   5978,   5271,   5466,   5416, 
      5020,   4713,   4063,   2687,   1417,    755,    783,   1088, 
       378,  -1449,  -2478,  -2427,  -2707,  -2902,  -3057,  -3761, 
     -4273,  -4973,  -5630,  -5085,  -4625,  -5285,  -6578,  -7608, 
     -7408,  -6053,  -4216,  -3062,  -3299,  -4522,  -4533,  -2204, 
       412,   1669,   1321,    444,    793,   2703,   4545,   5248, 
      5361,   4947,   4475,   4883,   5979,   7173,   7533,   6458, 
      4873,   4095,   4392,   4854,   4748,   4189,   2726,    862, 
        76,    283,   1041,   1074,   -714,  -2875,  -3354,  -2274, 
     -1981,  -2675,  -3615,  -4619,  -4680,  -4397,  -4574,  -4783, 
     -5004,  -5832,  -6779,  -7497,  -6443,  -3428,  -1810,  -2889, 
     -4925,  -4596,  -2130,    813,   2226,   1059,   -252,   -107, 
      1941,   3982,   4999,   4805,   3849,   3799,   4411,   5415, 
      6448,   6705,   5612,   4591,   4309,   3795,   3912,   4370, 
      4104,   2905,   1287,    145,    -44,    650,    775,   -185, 
     -1427,  -2420,  -2565,  -2072,  -2074,  -2622,  -3130,  -3614, 
     -4277,  -4412,  -3776,  -3656,  -4267,  -5462,  -6660,  -6365, 
     -3704,  -1570,  -2390,  -3981,  -4643,  -2687,    -13,   1060, 
       811,   -563,   -407,    875,   2200,   3136,   3508,   3740, 
      3275,   3244,   3759,   5279,   6302,   5510,   4339,   3373, 
      3639,   4447,   4834,   4192,   2466,   1155,    860,   1202, 
      1471,   1003,   -260,  -1475,  -2076,  -1919,  -1295,  -1368, 
     -2273,  -3149,  -3465,  -3180,  -2843,  -2947,  -3922,  -4473, 
     -4162,  -4399,  -4758,  -4504,  -3178,  -2148,  -2112,  -2680, 
     -3177,  -1975,   -498,    388,    429,   -222,   -138,    305, 
      1204,   2554,   3464,   2854,   1809,   2490,   3909,   5103, 
      5169,   4004,   3520,   4113,   4323,   3552,   3564,   4033, 
      3095,   1497,    626,   1032,   1827,   1485,   -289,  -1841, 
     -1998,  -1402,  -1304,  -1789,  -2199,  -2698,  -2716,  -2645, 
     -2559,  -2373,  -2734,  -3253,  -3547,  -3393,  -3240,  -3664, 
     -3888,  -2056,  -1117,  -2308,  -2541,  -2425,  -1619,   -172, 
       313,   -248,   -511,   -344,    -32,    818,   2006,   2538, 
      1870,   1575,   1632,   2724,   4205,   4398,   3894,   3382, 
      3218,   3083,   3644,   3991,   3509,   2580,   1308,   1000, 
      1291,   1568,   1420,    124,  -1166,  -1335,   -744,   -643, 
     -1007,  -1092,  -1984,  -2585,  -2149,  -1457,  -1302,  -1734, 
     -2212,  -2988,  -2065,  -2330,  -3347,  -2698,  -2994,  -1926, 
      -369,  -1302,  -2572,  -2272,  -1358,   -583,   -208,   -677, 
     -1336,  -1065,   -449,    151,   1492,   1330,    241,    608, 
      1013,   1957,   2922,   2715,   2696,   2912,   2756,   2153, 
      2076,   2991,   3517,   2566,   1197,    336,    526,   1541, 
      1777,   1050,     -8,   -704,   -797,   -175,    401,    222, 
      -413,  -1122,  -1068,   -908,   -714,   -131,   -204,   -895, 
     -1907,  -1261,  -1574,  -1402,   1147,  -1167,  -2919,  -1409, 
      -583,  -1079,  -1974,  -2090,  -1415,   -896,  -2169,  -1755, 
     -1511,  -1302,   -744,  -1064,   -995,   -689,    616,    965, 
       181,     58,    742,    970,    885,   1598,   2257,   1869, 
       708,    525,   1693,   1857,    766,    531,   1508,   2096, 
      1741,    354,   -256,   1170,   1733,   1327,    779,    561, 
       950,   1403,    866,    247,    797,    891,    868,    182, 
      -277,    386,    145,   -111,   -121,   -581,   -664,  -1575, 
     -1865,  -1003,  -1309,  -1289,  -1458,  -2341,  -2097,  -1372, 
     -1547,  -1947,  -1949,  -2138,  -1953,   -928,   -445,  -1136, 
     -1177,  -1052,  -1096,     23,    448,    -20,    -26,    363, 
       585,    583,    691,    766,   1175,   1386,   1006,    571, 
       798,   1342,   1493,   1445,    965,    923,   1228,   1255, 
      1246,   1271,   1541,   1444,   1097,    717,    710,    889, 
       687,    635,    672,    769,    303,   -268,   -158,    -32, 
      -152,   -539,   -756,   -859,   -815,   -902,  -1343,  -1418, 
     -1479,  -1617,  -1618,  -1518,  -1394,  -1470,  -1722,  -1812, 
     -1384,  -1018,  -1023,  -1262,  -1337,   -816,   -417,   -572, 
      -710,   -437,   -189,   -103,    -52,   -118,    177,    531, 
       534,    682,    815,    789,   1121,   1467,   1405,   1259, 
      1160,   1362,   1627,   1420,    999,   1093,   1473,   1282, 
       864,    621,    690,    977,    875,    538,    394,    426, 
       260,    -87,   -173,   -176,   -152,   -299,   -725,   -843, 
      -849,   -832,   -781,   -861,   -848,   -983,  -1388,  -1475, 
      -857,   -338,   -670,  -1269,  -1415,  -1107,   -681,   -581, 
      -640,   -737,   -960,   -974,   -682,   -261,   -182,   -279, 
      -307,   -175,    149,    249,    248,    324,    487,    592, 
       480,    419,    640,    822,    908,    862,    471,    398, 
       921,   1255,   1013,    780,    662,    649,    882,    905, 
       645,    440,    451,    533,    363,    126,    140,    161, 
       162,    -29,   -320,   -320,   -164,    -43,   -157,   -277, 
      -466,   -750,   -683,   -382,   -124,   -293,   -864,  -1025, 
      -632,   -366,   -447,   -520,   -514,   -600,   -571,   -504, 
      -379,   -123,   -188,   -381,   -280,   -130,    -76,    -90, 
      -151,    -63,    132,     89,    -75,     29,    206,    300, 
       323,    183,    230,    519,    486,    246,    249,    414, 
       512,    478,    310,    198,    348,    384,    314,    351, 
       265,    262,    365,    349,    282,    219,    247,    304, 
       257,     67,    -50,    144,    258,     44,   -160,   -128, 
        35,     69,    -23,   -161,   -209,   -116,    -74,   -114, 
      -145,    -68,   -106,   -198,   -218,   -224,   -150,   -174, 
      -234,   -243,   -152,   -123,   -237,   -264,   -214,    -93, 
       -92,   -180,   -135,    -99,   -143,   -147,    -49,    -11, 
       -59,   -110,   -109,     50,    114,     25,     24,     48, 
        36,     49,     38,     21,     70,     98,     59,    -10, 
        34,    121,    152,    108,      0,     61,    157,    191, 
       174,     82,     80,     93,    101,    160,    185,    158, 
        92,     31,     93,    174,    134,     72,     13,     28, 
        56,     45,     80,     35,    -14,    -16,    -41,    -38, 
       -44,    -77,   -109,   -117,   -124,   -128,   -139,   -159, 
      -138,   -122,   -148,   -168,   -147,   -106,    -85,   -113, 
      -156,   -135,    -79,    -72,   -100,    -96,   -106,    -85, 
       -42,    -46,    -17,    -16,    -42,    -20,     22,     32, 
        27,     28,     31,     57,     53,     43,     60,     70, 
        76,     71,     65,     63,     64,     63,     66,     56, 
        53,     51,     29,     41,     40,     15,      2,      7, 
         1,     10,      2,    -49,    -30,      6,    -12,    -28, 
       -43,    -65,    -53,    -40,    -42,    -50,    -69,    -79, 
       -72,    -66,    -48,    -52,    -76,    -55,    -55,    -56, 
       -47,    -53,    -38,    -32,    -34,    -49,    -48,    -16, 
        -9,     -8,    -26,    -20,     11,      2,     21,     19, 
        -2,     24,     55,     48,     42,     48,     31,     37, 
        48,     44,     45,     47,     36,     30,     52,     50, 
        41,     48,     47,     41,     42,     43,     34,     48, 
        53,     35,     34,     27,     17,     22,     20,      7, 
         1,     -1,    -12,      1,     10,    -18,    -28,    -21, 
       -27,    -23,    -24,    -48,    -45,    -38,    -45,    -48, 
       -50,    -38,    -34,    -32,    -33,    -45,    -39,    -23, 
       -11,      0,    -19,    -16,    -12,     -6,     18,     -4, 
        -2,      7,      0,     28,     44,     27,     20,     41, 
        45,     35,     59,     65,     47,     55,     65,     58, 
        52,     60,     54,     58,     69,     61,     58,     66, 
        56,     51,     71,     62,     49,     52,     46,     39, 
        53,     42,      8,     15,     24,     26,     16,     -5, 
        -8,     -6,     -7,    -18,    -24,    -14,     -2,      4, 
        -4,    -10,    -15,    -15,    -16,    -25,     -2,     35, 
        36,     18,      4,      2,     21,     37,     28,     17, 
        24,     45,     55,     51,     52,     55,     51,     45, 
        44,     48,     66,     74,     61,     59,     45,     41, 
        62,     61,     53,     47,     50,     42,     41,     52, 
        48,     46,     38,     35,     46,     51,     46,     41, 
        33,     33,     39,     40,     29,     17,     13,     -1, 
         0,      4,      8,      9,     -7,     -8,    -24,     -1, 
         4,    -32,    -13,     -7,     -9,     -6,      6,     25, 
        27,      0,     -8,     -2,      6,    -32,    -41,     26, 
       -14,    -39,    -37,    -40,     -7,     -2,     16,     -3, 
       -46,    -43,    -30,     -6,     21,     30,     -1,    -24, 
         5,     16,      6,     -3,      3,     19,    -28,    -46, 
       -44,    -17,     37,    -13,    -36,    -34,     -4,    -47, 
       -42,     24,     23,     34,    -24,    -19,    -56,    -15, 
        16,    -16,    -49,    -92,    -15,    -41,    -31,    -14, 
       -17,    -36,    -37,     -4,    -33,    -10,    -18,    -24, 
       -27,    -13,      7,    -54,    -33,    -29,    -17,      4, 
        -7,    -20,    -28,     34,    -42,    -81,    -37,     97, 
        40,   -116,    -73,    -72,     53,     53,     40,     31, 
       -22,     48,     31,    -32,    -67,     32,     69,     -8, 
       -68,    -42,    107,     88,     12,     21,     25,     90, 
        11,      6,    117,     44,    -31,    -33,    -13,    -79, 
        -1,     91,     29,      8,    -35,    100,     70,    -16, 
       112,    176,    150,     68,    251,    155,    -76,    101, 
       109,   -100,    211,     43,   -192,    334,    223,   1482, 
      2382,   1258,   -208,  -1510,   -970,     28,    547,     63, 
     -1098,  -1556,  -1436,   -562,    344,    829,    221,   -729, 
     -1466,  -1128,    575,    270,   -222,   -313,  -1337,   -398, 
       506,    540,    324,   -109,    173,   -517,   -317,    894, 
       838,    253,   -183,   -753,     14,    824,     23,    461, 
       637,   -157,   -563,   -584,     35,    376,    741,    889, 
     -1455,   -904,    418,    383,   1235,  -1387,  -1069,    -88, 
      1537,   1249,   -849,     75,  -2171,   -707,   1972,    766, 
      -142,   -340,   -456,    -82,   -130,   -481,   -233,   1070, 
       605,   -512,  -1410,  -1871,   1517,   2271,     73,  -2784, 
     -1620,    779,   2037,   2009,  -2792,  -1849,    417,    592, 
        68,   -200,   1474,  -1156,  -1495,    -26,   1040,   1518, 
      -571,   -266,     22,  -1001,  -1198,    217,   1102,    208, 
       689,     27,  -1104,   1194,   -728,  -1697,   -183,   -712, 
      3540,   2790,  -1351,  -3441,  -2844,   2783,   3018,   -164, 
      -948,  -1935,    200,    699,   -936,   1772,    310,  -1131, 
      -531,   -203,    984,   -160,   -428,   -579,   2126,   1742, 
     -3771,  -1574,   1140,   1634,   1637,    226,    112,  -2419, 
      -766,    800,    239,    863,    -32,   1072,    -32,  -3442, 
     -1869,   2883,   3833,   -637,  -4125,  -1959,   1977,   3953, 
      -254,  -2302,  -1065,  -1060,   2057,    951,    376,   1396, 
      -272,  -2015,  -1753,    532,   1328,   2601,     94,  -1028, 
       654,  -1744,  -2633,    831,   3868,   1997,  -1875,    101, 
     -1403,  -2229,   4346,   2400,   2302,    -52,  -3354,   -439, 
      -497,   2566,   2044,  -2457,  -1875,   -650,   -305,   2500, 
        70,  -2982,    400,   -340,   -559,   1316,   -254,  -1360, 
      -958,   1298,   -451,  -2202,    603,   1796,    548,    155, 
      -528,  -1487,    274,    473,    -20,   1587,   -513,  -1176, 
      1220,   -205,    130,   -458,    963,   -263,  -1969,     53, 
       994,   2185,   -254,   -193,  -2968,  -1557,   3351,    934, 
       668,    579,  -1391,  -1287,  -1954,   1079,   3427,   1212, 
     -1350,  -4416,   -545,   1502,   1698,   1720,  -1433,  -1371, 
      -647,  -2285,    288,   1846,    218,   2312,  -2431,  -2995, 
       665,    441,   1223,    448,     62,  -1617,  -2315,    553, 
      1726,   1477,    741,  -2370,  -1593,   -156,   -222,   1156, 
      1184,   -217,    230,   1022,  -1270,   -773,     21,    402, 
      1504,    664,   -368,     16,    269,  -1140,    308,   1155, 
       336,   -131,   -789,   -976,   -123,   1265,   1343,    873, 
     -1911,  -2201,   -518,    129,    909,   1372,    881,   -510, 
      -862,  -1243,   -538,    726,   1976,   2064,   1170,  -1121, 
     -2322,  -1059,   1313,   2222,    996,    799,  -1846,  -1890, 
       812,    498,   -268,    400,    579,   -532,  -1109,    126, 
       983,     84,   -308,   -714,    -47,   -764,  -1035,    253, 
       849,   1394,  -1261,   -715,    122,   -300,   2105,   1294, 
      -990,  -1652,   -500,    452,     37,    404,    818,    635, 
       632,   -659,   -821,   -120,    379,    905,   1191,    221, 
     -1878,   -361,    697,   -299,    194,    837,   -864,   -837, 
       432,    378,   1256,   -343,  -1123,    135,    561,   -126, 
      -653,    519,    199,   -362,   -613,  -1125,   -667,     72, 
      1051,    755,   -694,  -1916,  -1597,    130,   1370,   1325, 
      -601,   -497,   -354,   -571,   1058,   -291,    324,   1345, 
      -469,   -470,    -37,   1343,    762,    -75,    132,   -751, 
       -71,   -115,    357,    902,   1191,    289,   -923,   -199, 
     -1403,    326,   2286,   1137,   1050,   -334,  -1037,    304, 
       863,   1076,    909,    428,    288,    379,    254,   -669, 
       206,   1418,    277,    -15,    301,   -727,   -146,    333, 
       270,    447,   -675,   -825,  -1908,  -1392,   -563,   -814, 
      -644,  -2292,  -2626,  -3105,  -2667,  -1647,  -1389,   -886, 
     -2171,  -3031,  -3575,  -3047,   -910,  -1116,  -1088,   -834, 
     -1279,   -418,    136,    488,   1189,   2780,   2209,   1798, 
      3389,   3816,   4368,   4870,   5377,   5108,   4280,   4381, 
      4603,   5326,   5198,   4094,   3886,   3222,   2505,   2676, 
      2495,   1713,    855,   -209,   -570,   -420,   -703,  -1474, 
     -2192,  -2964,  -3905,  -3657,  -4032,  -4528,  -3625,  -3892, 
     -4442,  -5420,  -6302,  -6479,  -6962,  -6678,  -7005,  -7514, 
     -7508,  -6489,  -4543,  -4061,  -4051,  -3740,  -3420,  -1938, 
      -767,    388,   1724,   2501,   2718,   2659,   3599,   4831, 
      6209,   7363,   7808,   7635,   7815,   7691,   7314,   7994, 
      8756,   8484,   7222,   6453,   5741,   4592,   4214,   3821, 
      3141,   2581,   1180,    535,     34,   -642,   -620,  -1282, 
     -1787,  -2754,  -2883,  -1567,  -1924,  -2199,  -1868,  -2131, 
     -1695,  -1851,  -1833,  -1683,  -2881,  -2998,  -3156,  -3598, 
     -3640,  -4842,  -5613,  -6880,  -8286,  -8763,  -8873,  -7647, 
     -6563,  -5828,  -5780,  -7053,  -6808,  -4999,  -3542,  -2000, 
      -779,     36,    307,   1129,   2198,   2970,   4830,   6592, 
      7911,   8432,   8499,   8306,   8318,   8725,   8840,   8335, 
      7608,   7404,   6387,   4749,   3000,   1977,   2550,   2498, 
       750,  -1099,  -2043,  -2058,  -2089,  -2065,  -2129,  -2112, 
     -2103,  -2364,  -1552,   -776,   -471,    215,    840,   1515, 
      2076,   2118,   1809,   1547,   1435,   1036,    266,   -758, 
     -1773,  -2840,  -3932,  -5378,  -6610,  -8129, -10272, -11943, 
    -12994, -11859, -10334, -10218,  -9982,  -9664,  -8869,  -7870, 
     -6111,  -3826,  -2398,   -207,   1884,   2857,   3987,   5881, 
      7514,   8931,  10461,  11044,  11551,  11559,  11030,  10817, 
     10372,   9849,   8598,   7225,   6142,   4887,   3430,   1447, 
       316,   -968,  -2293,  -3075,  -4080,  -4142,  -4087,  -4005, 
     -3935,  -3968,  -3258,  -2517,  -1232,    348,    960,   1825, 
      3283,   4191,   4824,   5434,   5583,   5604,   5482,   4815, 
      3888,   2790,   1420,   -323,  -1619,  -3143,  -5152,  -6771, 
     -9034, -10832, -12148, -13959, -15572, -15895, -14812, -13657, 
    -12497, -11497, -10223,  -8482,  -6803,  -4657,  -1850,    961, 
      3381,   5558,   7262,   8333,   9644,  11354,  12558,  13269, 
     13628,  13410,  12617,  11813,  10789,   9260,   7770,   6246, 
      4787,   3267,   1649,     53,  -1597,  -2920,  -3890,  -4597, 
     -5028,  -5382,  -5567,  -5277,  -4687,  -3984,  -3042,  -1729, 
      -132,   1258,   2571,   3908,   5051,   6157,   6901,   7420, 
      8014,   8249,   7832,   6958,   5841,   4616,   3294,   1804, 
       -32,  -2183,  -4508,  -6879,  -8856, -10520, -11883, -13006, 
    -14297, -16204, -18241, -19216, -18586, -16469, -13865, -11556, 
     -9356,  -7376,  -5514,  -3500,   -932,   2437,   5538,   8185, 
     10152,  11105,  11945,  12820,  13573,  14349,  14483,  14177, 
     13471,  11738,   9726,   7709,   6029,   4939,   3708,   2084, 
       155,  -1750,  -3035,  -3966,  -4726,  -5059,  -5067,  -4823, 
     -4766,  -4718,  -4015,  -2890,  -1504,    102,   1508,   3000, 
      4461,   5527,   6518,   7394,   8018,   8471,   8703,   8754, 
      8373,   7146,   5846,   4812,   3730,   2352,    665,  -1093, 
     -3274,  -5996,  -8455, -10167, -11571, -12457, -13189, -14301, 
    -15453, -16519, -17629, -18318, -17780, -15948, -13484, -11182, 
     -8565,  -5975,  -3692,  -1351,    928,   3492,   6289,   8751, 
     10314,  11439,  12382,  12803,  12763,  12842,  12600,  11971, 
     11139,   9692,   8142,   6469,   4894,   3308,   1857,    657, 
      -477,  -1285,  -2227,  -3244,  -3808,  -3962,  -3708,  -3056, 
     -2677,  -2277,  -1557,   -557,    592,   1498,   2779,   4121, 
      5274,   6538,   7404,   7499,   7288,   7323,   7467,   7155, 
      6255,   5701,   5180,   4015,   2519,    953,   -357,  -1527, 
     -2932,  -4215,  -5414,  -6928,  -8518, -10105, -11230, -11870, 
    -12270, -12367, -12384, -12857, -13836, -14983, -15573, -14747, 
    -12474,  -9843,  -7719,  -5397,  -2981,  -1064,    189,   1665, 
      3615,   5861,   8234,   9804,  10411,  10441,  10348,  10110, 
      9704,   9241,   9190,   9033,   8235,   6769,   4948,   3522, 
      2432,   1755,   1266,    663,    304,    -95,  -1106,  -1884, 
     -2001,  -1591,   -730,    -28,    469,    829,   1101,   1521, 
      2092,   2951,   4110,   5188,   6118,   6493,   6120,   5256, 
      4403,   3956,   3465,   3047,   2816,   2509,   2022,    972, 
      -716,  -2140,  -2939,  -3456,  -3857,  -4292,  -4739,  -5706, 
     -6958,  -8008,  -8929,  -9539,  -9588,  -9290,  -9235,  -9629, 
    -10189, -11087, -12629, -13128, -12004,  -9979,  -7781,  -5858, 
     -3691,  -1832,   -970,   -117,   1235,   3072,   5370,   7203, 
      8790,   9519,   9438,   9311,   8813,   8289,   8144,   8241, 
      8203,   7509,   6314,   5223,   4059,   3076,   2111,   1470, 
      1386,   1120,    710,    217,   -177,   -145,    216,    639, 
       945,   1197,   1588,   1866,   1818,   1969,   2511,   3313, 
      4155,   4622,   4802,   4636,   4346,   4114,   3505,   2700, 
      2188,   1921,   1594,    805,   -332,  -1052,  -1765,  -2685, 
     -3485,  -4019,  -4197,  -4646,  -5123,  -5417,  -5873,  -6406, 
     -6985,  -7520,  -7911,  -8219,  -8316,  -8278,  -8625,  -9603, 
    -11041, -12061, -11844, -10426,  -8349,  -6280,  -4210,  -2547, 
     -1336,   -346,    278,   1472,   3150,   4949,   6743,   7857, 
      8414,   8685,   8424,   8043,   7727,   7728,   8324,   8521, 
      8108,   6900,   5473,   4523,   3525,   2848,   2638,   2473, 
      2441,   2197,   1483,    743,     -5,   -230,     93,    534, 
      1128,   1677,   2104,   2241,   2199,   2208,   2595,   3305, 
      3937,   4164,   4163,   3847,   3287,   2731,   1890,   1325, 
      1051,    789,    474,    -54,   -858,  -1650,  -2506,  -3402, 
     -3892,  -4286,  -4506,  -4779,  -5064,  -5174,  -5388,  -5641, 
     -6081,  -6579,  -6916,  -7207,  -7325,  -7067,  -7003,  -7265, 
     -7919,  -9148, -10116, -10553,  -9718,  -7872,  -6011,  -3927, 
     -1866,   -581,   -254,    108,   1020,   2477,   3985,   5532, 
      6924,   7697,   7758,   7436,   7159,   6802,   6978,   7355, 
      7445,   7000,   6261,   5501,   4481,   3409,   2646,   2318, 
      2318,   2425,   2233,   1892,   1314,    868,    449,    -11, 
       -20,    506,   1375,   2055,   2337,   2399,   2459,   2466, 
      2760,   3103,   3322,   3368,   3461,   3349,   2626,   1850, 
      1326,   1097,    741,    215,   -334,   -791,  -1291,  -1898, 
     -2511,  -2935,  -3136,  -3280,  -3507,  -3922,  -4192,  -4311, 
     -4349,  -4372,  -4560,  -4907,  -5214,  -5368,  -5596,  -5968, 
     -6021,  -5883,  -5958,  -6462,  -7403,  -8308,  -9008,  -8943, 
     -7938,  -6633,  -5252,  -3855,  -2598,  -1519,   -810,   -111, 
      1165,   2628,   4044,   5000,   5533,   5864,   5876,   6039, 
      6169,   6311,   6703,   6949,   6897,   6491,   5662,   4948, 
      4346,   3601,   3143,   2774,   2639,   2541,   2146,   1684, 
      1025,    639,    670,    767,    922,   1206,   1600,   2015, 
      2060,   1939,   2041,   2287,   2852,   3166,   3139,   3071, 
      2920,   2883,   2741,   2347,   2119,   2153,   1979,   1503, 
       858,    158,   -626,  -1393,  -1970,  -2357,  -2691,  -2994, 
     -3159,  -3528,  -4123,  -4555,  -4801,  -4976,  -5155,  -5278, 
     -5256,  -5525,  -5873,  -5984,  -6190,  -6431,  -6709,  -6947, 
     -7279,  -7980,  -8536,  -8473,  -7838,  -6626,  -5384,  -4262, 
     -2966,  -1887,   -982,   -400,    -62,    794,   2042,   3212, 
      4078,   4620,   5240,   5840,   5996,   6029,   6128,   6340, 
      6704,   6825,   6646,   6234,   5706,   5228,   4582,   3858, 
      3417,   3197,   2943,   2617,   2321,   2107,   1745,   1295, 
       982,    667,    527,    687,   1005,   1340,   1524,   1637, 
      1790,   1809,   1717,   1778,   1932,   2059,   2102,   2046, 
      1948,   1624,   1056,    588,    186,   -337,   -804,  -1051, 
     -1197,  -1501,  -1979,  -2372,  -2737,  -3124,  -3319,  -3423, 
     -3475,  -3500,  -3383,  -3188,  -3258,  -3344,  -3261,  -3193, 
     -3204,  -3240,  -3214,  -3095,  -3232,  -3482,  -3592,  -3738, 
     -3880,  -4074,  -4195,  -4115,  -3874,  -3507,  -2972,  -2473, 
     -2174,  -1923,  -1704,  -1469,  -1234,   -932,   -506,    -88, 
       263,    693,   1099,   1437,   1839,   2197,   2563,   2873, 
      3151,   3506,   3775,   4006,   4272,   4449,   4485,   4356, 
      4129,   3910,   3619,   3335,   3190,   3125,   3063,   2919, 
      2714,   2429,   2108,   1830,   1655,   1620,   1579,   1545, 
      1590,   1571,   1454,   1348,   1258,   1225,   1185,   1140, 
      1146,   1049,    960,    942,    836,    663,    439,    194, 
        39,   -117,   -277,   -388,   -578,   -756,   -903,  -1108, 
     -1290,  -1447,  -1636,  -1864,  -2133,  -2362,  -2556,  -2793, 
     -2952,  -3055,  -3237,  -3449,  -3657,  -3878,  -4113,  -4379, 
     -4638,  -4876,  -5057,  -5026,  -4889,  -4812,  -4774,  -4722, 
     -4598,  -4495,  -4390,  -4191,  -3888,  -3494,  -3032,  -2571, 
     -2127,  -1675,  -1093,   -437,    128,    722,   1313,   1992, 
      2712,   3318,   3915,   4412,   4801,   5183,   5426,   5530, 
      5600,   5669,   5842,   5874,   5739,   5680,   5589,   5469, 
      5233,   4894,   4596,   4253,   3974,   3757,   3436,   3096, 
      2845,   2646,   2469,   2181,   1877,   1671,   1439,   1204, 
       945,    685,    421,    199,     46,   -107,   -310,   -562, 
      -771,   -938,  -1138,  -1331,  -1459,  -1610,  -1802,  -2041, 
     -2280,  -2483,  -2731,  -2976,  -3175,  -3413,  -3623,  -3748, 
     -3887,  -4060,  -4256,  -4410,  -4549,  -4778,  -5046,  -5257, 
     -5451,  -5543,  -5519,  -5407,  -5186,  -5034,  -4933,  -4881, 
     -4832,  -4601,  -4258,  -3886,  -3460,  -3050,  -2588,  -2040, 
     -1516,   -902,   -307,    315,   1066,   1729,   2383,   3072, 
      3724,   4393,   4938,   5306,   5663,   5943,   6172,   6372, 
      6408,   6451,   6526,   6530,   6527,   6403,   6157,   5904, 
      5591,   5246,   4934,   4591,   4298,   4021,   3665,   3355, 
      3031,   2725,   2452,   2135,   1798,   1424,   1070,    774, 
       449,    114,   -191,   -476,   -682,   -938,  -1209,  -1421, 
     -1647,  -1812,  -2005,  -2220,  -2349,  -2493,  -2640,  -2827, 
     -3087,  -3289,  -3481,  -3655,  -3827,  -4042,  -4159,  -4226, 
     -4318,  -4442,  -4673,  -4847,  -4932,  -5013,  -5048,  -5200, 
     -5319,  -5273,  -5208,  -5082,  -4975,  -4881,  -4671,  -4473, 
     -4262,  -3941,  -3634,  -3234,  -2803,  -2443,  -2013,  -1547, 
      -949,   -228,    380,    938,   1535,   2144,   2857,   3556, 
      4144,   4713,   5168,   5580,   5970,   6176,   6340,   6550, 
      6760,   6919,   6908,   6793,   6689,   6516,   6294,   6074, 
      5793,   5514,   5256,   4970,   4588,   4113,   3672,   3343, 
      3069,   2752,   2439,   2088,   1675,   1272,    869,    462, 
        68,   -266,   -493,   -706,   -982,  -1242,  -1499,  -1769, 
     -2027,  -2283,  -2470,  -2604,  -2733,  -2882,  -3120,  -3426, 
     -3699,  -3878,  -4026,  -4158,  -4291,  -4422,  -4512,  -4602, 
     -4685,  -4730,  -4799,  -4870,  -4962,  -5129,  -5251,  -5308, 
     -5266,  -5077,  -4886,  -4710,  -4577,  -4540,  -4460,  -4346, 
     -4115,  -3718,  -3284,  -2822,  -2392,  -1981,  -1507,  -1033, 
      -531,     32,    602,   1261,   1948,   2661,   3401,   4036, 
      4600,   5066,   5429,   5753,   6021,   6294,   6559,   6747, 
      6910,   7003,   7024,   6994,   6837,   6626,   6380,   6085, 
      5829,   5534,   5183,   4844,   4466,   4090,   3712,   3276, 
      2881,   2519,   2112,   1757,   1393,   1002,    671,    300, 
       -44,   -335,   -664,   -920,  -1148,  -1458,  -1698,  -1924, 
     -2136,  -2279,  -2524,  -2770,  -2987,  -3251,  -3416,  -3569, 
     -3773,  -3925,  -4157,  -4387,  -4550,  -4745,  -4805,  -4810, 
     -4879,  -4924,  -5033,  -5144,  -5223,  -5377,  -5411,  -5358, 
     -5273,  -5029,  -4794,  -4616,  -4462,  -4387,  -4217,  -3967, 
     -3696,  -3242,  -2792,  -2391,  -1931,  -1531,  -1080,   -545, 
       -33,    590,   1214,   1802,   2513,   3160,   3755,   4340, 
      4732,   5098,   5464,   5737,   6092,   6370,   6555,   6759, 
      6814,   6834,   6820,   6638,   6496,   6324,   6088,   5914, 
      5616,   5282,   4964,   4581,   4261,   3899,   3500,   3185, 
      2812,   2455,   2109,   1713,   1368,    974,    583,    236, 
      -148,   -440,   -697,   -961,  -1183,  -1478,  -1719,  -1916, 
     -2172,  -2395,  -2680,  -2982,  -3227,  -3499,  -3668,  -3817, 
     -4023,  -4187,  -4437,  -4674,  -4838,  -4997,  -5057,  -5122, 
     -5187,  -5176,  -5222,  -5250,  -5294,  -5382,  -5359,  -5296, 
     -5138,  -4888,  -4692,  -4472,  -4276,  -4095,  -3819,  -3543, 
     -3165,  -2711,  -2325,  -1914,  -1511,  -1079,   -550,    -24, 
       549,   1130,   1682,   2318,   2921,   3462,   3974,   4399, 
      4797,   5147,   5437,   5734,   5985,   6213,   6426,   6527, 
      6544,   6501,   6417,   6322,   6164,   5979,   5792,   5558, 
      5296,   4965,   4600,   4258,   3891,   3532,   3172,   2779, 
      2397,   2039,   1714,   1372,    976,    589,    219,   -126, 
      -422,   -714,  -1006,  -1295,  -1573,  -1815,  -2049,  -2259, 
     -2458,  -2711,  -2987,  -3266,  -3515,  -3678,  -3812,  -3938, 
     -4082,  -4281,  -4469,  -4619,  -4725,  -4756,  -4778,  -4805, 
     -4795,  -4794,  -4778,  -4738,  -4723,  -4669,  -4587,  -4471, 
     -4254,  -4023,  -3805,  -3606,  -3463,  -3300,  -3072,  -2790, 
     -2466,  -2120,  -1751,  -1382,   -999,   -568,   -137,    277, 
       724,   1212,   1709,   2224,   2759,   3281,   3749,   4145, 
      4469,   4743,   4988,   5219,   5435,   5620,   5778,   5898, 
      5980,   5987,   5913,   5793,   5615,   5421,   5230,   4976, 
      4716,   4462,   4168,   3884,   3568,   3215,   2858,   2490, 
      2152,   1822,   1451,   1112,    759,    377,     64,   -238, 
      -531,   -784,  -1092,  -1399,  -1655,  -1937,  -2175,  -2376, 
     -2593,  -2798,  -3032,  -3269,  -3454,  -3642,  -3805,  -3936, 
     -4095,  -4234,  -4361,  -4465,  -4468,  -4449,  -4438,  -4382, 
     -4362,  -4331,  -4247,  -4186,  -4083,  -3949,  -3833,  -3681, 
     -3505,  -3298,  -3090,  -2929,  -2749,  -2533,  -2282,  -1969, 
     -1640,  -1319,   -995,   -684,   -340,     63,    458,    846, 
      1261,   1678,   2092,   2501,   2897,   3265,   3590,   3879, 
      4116,   4303,   4492,   4672,   4804,   4899,   4921,   4926, 
      4932,   4863,   4775,   4661,   4480,   4294,   4096,   3863, 
      3626,   3363,   3077,   2788,   2480,   2177,   1885,   1599, 
      1349,   1047,    711,    427,    128,   -139,   -388,   -662, 
      -906,  -1164,  -1416,  -1622,  -1815,  -1991,  -2183,  -2403, 
     -2609,  -2800,  -2959,  -3077,  -3185,  -3308,  -3433,  -3564, 
     -3696,  -3771,  -3778,  -3777,  -3758,  -3710,  -3677,  -3637, 
     -3568,  -3442,  -3305,  -3174,  -2993,  -2822,  -2672,  -2531, 
     -2363,  -2139,  -1938,  -1737,  -1518,  -1286,  -1021,   -762, 
      -487,   -239,    -17,    259,    545,    854,   1192,   1497, 
      1764,   2019,   2264,   2512,   2756,   2973,   3165,   3318, 
      3451,   3563,   3662,   3746,   3768,   3770,   3751,   3707, 
      3696,   3658,   3575,   3460,   3289,   3107,   2910,   2711, 
      2534,   2325,   2093,   1873,   1616,   1355,   1118,    852, 
       589,    314,     54,   -173,   -415,   -615,   -813,  -1046, 
     -1287,  -1517,  -1690,  -1834,  -1952,  -2061,  -2212,  -2363, 
     -2517,  -2636,  -2679,  -2716,  -2770,  -2807,  -2834,  -2858, 
     -2830,  -2764,  -2685,  -2612,  -2529,  -2427,  -2353,  -2258, 
     -2127,  -1997,  -1847,  -1706,  -1598,  -1490,  -1351,  -1180, 
     -1037,   -930,   -816,   -699,   -532,   -311,   -125,     14, 
       143,    290,    448,    599,    790,    960,   1122,   1330, 
      1504,   1677,   1838,   1976,   2119,   2221,   2327,   2436, 
      2510,   2565,   2572,   2580,   2592,   2582,   2578,   2539, 
      2480,   2396,   2291,   2201,   2081,   1949,   1818,   1690, 
      1575,   1408,   1222,   1043,    822,    637,    459,    276, 
       120,    -76,   -246,   -387,   -560,   -711,   -866,  -1059, 
     -1223,  -1352,  -1449,  -1516,  -1614,  -1747,  -1859,  -1948, 
     -2012,  -2045,  -2076,  -2096,  -2089,  -2068,  -2050,  -2045, 
     -2028,  -1965,  -1879,  -1798,  -1714,  -1637,  -1553,  -1442, 
     -1313,  -1200,  -1100,  -1004,   -911,   -802,   -654,   -508, 
      -403,   -287,   -179,    -80,     63,    179,    281,    400, 
       476,    583,    701,    799,    930,   1038,   1145,   1243, 
      1328,   1441,   1550,   1643,   1703,   1744,   1780,   1809, 
      1850,   1885,   1902,   1911,   1893,   1879,   1867,   1817, 
      1771,   1700,   1603,   1522,   1428,   1328,   1206,   1065, 
       939,    776,    622,    495,    333,    179,      8,   -159, 
      -305,   -463,   -596,   -729,   -867,  -1014,  -1156,  -1277, 
     -1393,  -1488,  -1559,  -1622,  -1686,  -1728,  -1793,  -1821, 
     -1809,  -1830,  -1797,  -1772,  -1771,  -1739,  -1681,  -1632, 
     -1589,  -1514,  -1459,  -1400,  -1337,  -1277,  -1192,  -1091, 
     -1008,   -912,   -801,   -705,   -580,   -477,   -378,   -272, 
      -189,   -100,     21,    146,    262,    385,    478,    598, 
       714,    818,    939,   1035,   1132,   1218,   1300,   1391, 
      1491,   1546,   1595,   1653,   1684,   1733,   1734,   1742, 
      1749,   1716,   1715,   1671,   1643,   1623,   1565,   1510, 
      1442,   1327,   1233,   1132,    990,    898,    761,    643, 
       517,    360,    251,     95,    -51,   -187,   -326,   -464, 
      -589,   -692,   -812,   -944,  -1055,  -1140,  -1239,  -1319, 
     -1397,  -1464,  -1526,  -1559,  -1576,  -1600,  -1561,  -1559, 
     -1559,  -1534,  -1494,  -1429,  -1372,  -1307,  -1244,  -1154, 
     -1073,   -978,   -871,   -787,   -673,   -561,   -479,   -395, 
      -314,   -208,   -114,     -1,    112,    182,    278,    359, 
       449,    485,    542,    602,    636,    687,    712,    782, 
       827,    866,    913,    932,    931,    946,    943,    931, 
       916,    877,    887,    880,    859,    828,    801,    785, 
       743,    710,    660,    592,    538,    479,    402,    332, 
       256,    189,    121,     49,      0,    -56,   -143,   -199, 
      -256,   -342,   -407,   -499,   -568,   -629,   -688,   -732, 
      -781,   -812,   -865,   -888,   -906,   -939,   -934,   -973, 
      -997,  -1007,  -1026,  -1010,  -1009,   -983,   -970,   -927, 
      -894,   -869,   -799,   -717,   -617,   -519,   -412,   -312, 
      -175,   -118,    -69,     24,     92,    190,    271,    356, 
       424,    468,    490,    511,    505,    594,    665,    702, 
       843,    929,   1108,    957,    995,   1102,   1430,   1797, 
      1970,   3335,   3593,   3074,   2800,   2285,   1853,   1490, 
      1567,   1345,   1595,   1820,   1772,   2302,   2483,   1974, 
      1556,   1358,    785,    232,   -124,   -396,   -698,  -1027, 
     -1183,  -1582,  -1834,  -1697,  -1541,  -1577,  -1653,  -1599, 
     -1736,  -1792,  -1874,  -2130,  -2374,  -2566,  -2512,  -2424, 
     -2447,  -2336,  -2294,  -2399,  -2578,  -2684,  -2640,  -2684, 
     -2654,  -2580,  -2462,  -2565,  -2764,  -2619,  -2470,  -2168, 
     -1989,  -1905,  -1838,  -1933,  -1601,  -1342,  -1023,   -277, 
       198,    256,    303,    224,     76,    358,    818,   1345, 
      1871,   2156,   2171,   2165,   2121,   2132,   2459,   2932, 
      3262,   3189,   2934,   2612,   2251,   2139,   2252,   2277, 
      2188,   2200,   2220,   1853,   1376,   1185,   1000,    959, 
      1006,    964,    956,    818,    573,    276,    186,    167, 
       146,     21,   -255,   -381,   -662,  -1023,  -1478,  -1872, 
     -2001,  -2000,  -2085,  -2566,  -3170,  -3499,  -3603,  -3497, 
     -3580,  -3938,  -4187,  -4682,  -5412,  -5802,  -5915,  -6145, 
     -6463,  -6400,  -5193,  -3555,  -2797,  -2580,  -1908,   -718, 
       327,   1211,   2328,   3431,   4689,   5781,   6051,   6106, 
      6500,   7209,   7873,   7784,   7234,   6946,   6430,   5772, 
      5389,   5115,   4800,   4266,   3577,   2647,   1557,   1083, 
       994,    688,    317,    120,    -64,   -319,   -303,    -32, 
       353,    944,   1575,   1888,   1783,   1893,   2433,   2758, 
      2916,   2950,   2631,   1942,   1283,    802,    238,     51, 
       -99,   -772,  -1511,  -2597,  -3660,  -4518,  -5441,  -5795, 
     -6206,  -6806,  -7445,  -8443,  -8882,  -8878,  -8659,  -8499, 
     -9064,  -9587, -10016,  -9671,  -7988,  -5998,  -3802,  -2140, 
     -1013,    143,   1067,   2687,   5055,   7325,   8260,   7881, 
      8052,   8053,   7946,   8491,   8525,   8212,   7155,   5601, 
      4306,   3044,   2885,   2989,   2345,   1576,    531,   -101, 
      -465,   -644,   -335,   -278,    -69,   -107,   -434,    -37, 
       568,   1280,   1845,   2153,   2588,   2636,   2756,   3036, 
      2942,   3136,   3732,   3921,   3351,   2455,   1592,   1094, 
       834,    272,   -302,  -1009,  -1907,  -2643,  -3459,  -4022, 
     -4439,  -5079,  -5851,  -6536,  -6598,  -6970,  -7646,  -7549, 
     -7594,  -7868,  -7845,  -7788,  -7863,  -8474,  -9486, -10405, 
     -9244,  -5394,  -2784,  -2543,  -2065,   -897,    635,   2619, 
      4793,   6866,   8272,   8633,   8010,   7032,   7467,   9235, 
      9647,   8445,   6654,   4700,   3794,   3301,   2837,   2940, 
      2563,   1780,    312,  -1371,  -1191,   -316,    122,     36, 
      -923,  -1326,  -1012,   -406,    650,   1392,   1780,   1711, 
      1157,   1105,   1956,   3124,   3671,   3528,   3047,   2400, 
      2072,   2282,   2454,   1965,   1401,    747,   -503,  -1239, 
     -1443,  -1727,  -2015,  -2719,  -3643,  -4716,  -5448,  -5515, 
     -5977,  -6393,  -6651,  -7314,  -7443,  -7019,  -6947,  -7758, 
     -8594,  -8787,  -9668, -10456,  -9128,  -6330,  -3996,  -3041, 
     -2600,  -1843,    223,   3443,   5083,   5490,   6701,   7915, 
      8554,   8444,   8140,   8681,   8953,   8128,   6426,   4699, 
      4460,   4513,   3477,   2296,   1157,    668,    837,     85, 
      -891,  -1238,  -1155,   -724,  -1022,  -1274,   -399,    363, 
       618,    442,    286,    966,   1898,   2375,   2231,   2341, 
      3261,   3735,   3300,   2533,   2109,   2326,   2347,   1749, 
      1027,    713,    441,   -481,  -1516,  -1964,  -1862,  -1905, 
     -2813,  -4069,  -4802,  -4994,  -5429,  -6212,  -6637,  -6723, 
     -6658,  -6955,  -7859,  -8149,  -7866,  -8590, -10280, -10638, 
     -8007,  -4569,  -3314,  -3496,  -2867,   -713,   2220,   4180, 
      4938,   6243,   8008,   8718,   8231,   7931,   8967,   9865, 
      9003,   6972,   5179,   4901,   5096,   4126,   2604,   1278, 
       818,    869,    181,   -693,   -985,   -898,  -1177,  -1870, 
     -1648,   -594,    333,    622,    134,    176,   1156,   1838, 
      2039,   2298,   2737,   3294,   3712,   3551,   3096,   2849, 
      2705,   2675,   2306,   1487,    895,    334,   -232,   -782, 
     -1336,  -1455,  -1967,  -3100,  -4047,  -4682,  -4663,  -4824, 
     -5961,  -6738,  -6825,  -6909,  -6883,  -6886,  -7083,  -7128, 
     -7765,  -9586, -10347,  -8218,  -4753,  -2903,  -3374,  -3461, 
     -1908,    656,   3805,   5604,   6078,   6774,   7267,   7687, 
      8126,   8793,   9628,   8843,   6886,   5234,   4432,   4950, 
      5097,   3615,   1829,    884,    695,    529,    253,     52, 
      -311,   -947,  -1580,  -1721,  -1050,     96,    500,    154, 
       301,    576,    946,   1837,   2486,   2764,   2706,   2811, 
      3410,   3472,   3322,   3176,   2825,   2879,   2425,   1443, 
       962,    591,    222,   -491,  -1413,  -1865,  -2378,  -3101, 
     -3965,  -4658,  -4984,  -5578,  -6165,  -6803,  -7256,  -6819, 
     -6680,  -7337,  -8233,  -8780,  -9155, -10136,  -9554,  -6797, 
     -4415,  -3405,  -4140,  -4150,  -1018,   2702,   4802,   5043, 
      4845,   6008,   7655,   8694,   8664,   8273,   8530,   8006, 
      6412,   5385,   5314,   5402,   4591,   2827,   1167,    843, 
      1554,   1546,    520,   -803,  -1622,  -1247,   -580,   -343, 
      -279,   -560,   -736,   -339,    319,   1007,   1325,   1508, 
      1965,   2295,   2687,   3117,   3466,   4018,   4005,   3475, 
      3167,   2935,   2859,   2461,   1560,    769,     38,   -532, 
     -1201,  -2266,  -3163,  -3776,  -4287,  -5016,  -5966,  -6623, 
     -7125,  -7493,  -7430,  -7443,  -7971,  -8564,  -9237, -10222, 
    -10650,  -9936,  -7902,  -5400,  -4544,  -4614,  -3486,   -920, 
      2041,   3658,   4431,   5382,   6244,   7716,   8717,   8650, 
      8815,   8570,   7952,   7305,   6638,   6392,   5566,   4379, 
      3276,   2201,   1945,   1669,   1030,    240,   -671,  -1080, 
     -1558,  -1607,  -1233,  -1334,  -1166,  -1096,   -925,   -356, 
       126,    959,   1339,   1647,   2420,   2895,   3558,   3963, 
      4194,   4480,   4327,   4279,   3971,   3473,   2688,   1839, 
      1955,   1508,    226,  -1295,  -2748,  -3080,  -3557,  -4414, 
     -5548,  -7083,  -7500,  -7766,  -8067,  -8000,  -8465,  -8743, 
     -9239,  -9746,  -9910, -10809, -10851,  -8631,  -5488,  -4130, 
     -4736,  -3956,  -1248,   1799,   4119,   5104,   5702,   6595, 
      7845,   8908,   9291,   9441,   8999,   8136,   7482,   6723, 
      6202,   6028,   5209,   3687,   2352,   1543,   1368,   1346, 
       638,   -569,  -1979,  -2677,  -2220,  -1777,  -1518,  -1655, 
     -1908,  -1429,   -848,     65,    969,   1353,   2264,   3037, 
      3078,   3146,   3931,   5288,   5780,   5109,   3961,   3455, 
      3936,   3892,   3071,   1788,    599,   -111,  -1045,  -1726, 
     -2577,  -3867,  -4993,  -6377,  -6910,  -6876,  -7607,  -8522, 
     -9280,  -9300,  -9171,  -9383,  -9514, -10476, -11790, -11769, 
     -8980,  -5310,  -4402,  -4949,  -4635,  -2368,   1059,   3436, 
      5006,   5360,   5787,   7311,   8160,   9175,   9695,   9162, 
      8495,   7399,   7227,   7177,   6689,   5974,   3935,   2659, 
      2240,   2041,   1856,    450,   -551,  -1502,  -2236,  -1892, 
     -1741,  -1285,  -1670,  -2421,  -1972,  -1134,    469,   1283, 
      1110,   1293,   1771,   3222,   4190,   4626,   4988,   4794, 
      5109,   4900,   4872,   5033,   4054,   3253,   2224,   1684, 
      1171,   -538,  -1670,  -2731,  -3620,  -4344,  -5724,  -6485, 
     -7148,  -7909,  -8672,  -9388,  -9132,  -9174,  -9884, -10850, 
    -11633, -11903, -11396,  -8872,  -6671,  -6230,  -5918,  -4769, 
     -2109,    586,   2676,   4196,   4710,   5718,   7055,   8382, 
      9550,   9379,   8839,   8359,   8085,   8105,   7956,   7602, 
      6034,   4279,   3443,   3350,   3546,   2400,    508,   -890, 
     -1518,  -1276,  -1217,  -1579,  -2269,  -2923,  -2576,  -1918, 
     -1028,   -130,    121,    156,    486,   1741,   3045,   3604, 
      3729,   4002,   4947,   5514,   5213,   4870,   4599,   4401, 
      3855,   2849,   2128,   1505,    584,   -880,  -2361,  -3042, 
     -3564,  -4553,  -6028,  -7541,  -8493,  -8799,  -8834,  -9178, 
    -10088, -11043, -11770, -12439, -12567, -11082,  -8278,  -7009, 
     -7608,  -7122,  -4312,   -754,   1271,   2067,   3183,   4562, 
      6327,   7983,   8937,   9624,   9456,   9040,   8994,   9132, 
      9564,   8919,   7196,   5703,   5021,   5127,   4460,   2870, 
      1431,    112,   -614,   -925,  -1283,  -1765,  -2411,  -2873, 
     -3019,  -2516,  -1632,  -1035,   -974,  -1019,   -384,    963, 
      2442,   3173,   2979,   3248,   4288,   5428,   5951,   5333, 
      4855,   4833,   4626,   4052,   3218,   2631,   1771,    163, 
     -1339,  -2087,  -2674,  -3758,  -5417,  -7027,  -7852,  -8339, 
     -8990,  -9621, -10278, -10740, -11102, -12049, -12776, -12415, 
    -10222,  -7678,  -7221,  -7219,  -5877,  -3058,    102,   1866, 
      2516,   3461,   5101,   7162,   8593,   9056,   9044,   9035, 
      9447,   9524,   9204,   8929,   8307,   6925,   5785,   5419, 
      4997,   4160,   2516,    761,    -86,   -372,   -794,  -1617, 
     -2473,  -2831,  -2970,  -2942,  -2394,  -1742,  -1288,  -1221, 
      -916,    161,   1300,   2105,   2872,   3503,   3986,   4544, 
      4754,   5110,   5432,   5144,   4809,   4118,   3200,   2624, 
      1977,    977,   -323,  -1629,  -2702,  -3937,  -4971,  -6003, 
     -7444,  -8295,  -8687,  -9441, -10327, -10727, -11094, -11665, 
    -12422, -12656, -10696,  -8011,  -6967,  -7177,  -6623,  -3721, 
      -435,   1266,   2229,   2801,   4156,   6488,   8065,   8976, 
      9024,   8747,   9072,   9447,   9849,   9476,   8396,   7650, 
      6976,   6096,   5479,   4817,   3483,   1885,    633,    -13, 
      -173,   -611,  -1747,  -2721,  -3036,  -2601,  -2252,  -2103, 
     -1777,  -1799,  -1436,   -603,    396,   1577,   2328,   2662, 
      3062,   3728,   4688,   5257,   5024,   4656,   4420,   4285, 
      3812,   2862,   1656,    697,    196,   -671,  -2167,  -3857, 
     -5048,  -5938,  -6865,  -7854,  -8533,  -8946,  -9863, -10898, 
    -11378, -11491, -11769, -11698, -10741,  -9260,  -7903,  -7065, 
     -6405,  -4489,  -1791,   -273,    719,   2095,   3748,   5268, 
      6422,   7195,   7963,   8786,   8854,   8546,   9003,   9375, 
      8563,   7926,   7765,   7176,   6291,   5213,   3939,   3142, 
      2756,   1721,    359,   -465,   -814,  -1005,  -1306,  -1818, 
     -2210,  -2094,  -1709,  -1272,   -684,   -377,   -406,    105, 
      1403,   2640,   3082,   2973,   3076,   3795,   4514,   4537, 
      4089,   3382,   2762,   2347,   1896,   1373,    548,   -784, 
     -2517,  -3922,  -4375,  -4657,  -5689,  -7365,  -8738,  -9262, 
     -9554,  -9845, -10534, -11754, -12581, -11660,  -9445,  -8287, 
     -8562,  -8653,  -7224,  -4199,  -1553,  -1206,  -1066,    555, 
      2927,   5035,   5852,   5944,   6416,   7655,   8864,   9414, 
      9544,   8968,   8042,   8357,   9406,   8996,   6989,   5428, 
      5100,   5013,   4473,   3018,   1509,    669,    185,    -64, 
      -410,   -783,  -1396,  -1939,  -1680,  -1101,   -988,  -1158, 
      -877,   -156,    690,   1141,   1259,   1734,   2542,   2808, 
      2598,   2599,   2904,   3071,   2376,   1562,   1085,    570, 
       146,   -664,  -2048,  -3375,  -4355,  -4581,  -4925,  -6177, 
     -7584,  -8658,  -8856,  -8958,  -9928, -11020, -11064, -10005, 
     -8832,  -8282,  -8316,  -7934,  -6296,  -4129,  -2866,  -2493, 
     -1546,    200,   1865,   3254,   3813,   4161,   5337,   6570, 
      7327,   7566,   7866,   8258,   8279,   8439,   8344,   7852, 
      7459,   6955,   6467,   5835,   4851,   4027,   3289,   2609, 
      2031,   1563,   1065,    355,    -80,   -448,   -403,   -144, 
      -226,   -367,   -595,   -246,    528,   1126,   1235,    780, 
       899,   1595,   2056,   2214,   1776,   1255,   1165,   1126, 
       984,    154,   -766,  -1316,  -2124,  -2711,  -3066,  -3364, 
     -4150,  -5504,  -6439,  -6576,  -6491,  -7428,  -8914,  -9073, 
     -7752,  -6871,  -7515,  -8257,  -7569,  -6057,  -4578,  -3925, 
     -3935,  -3218,  -1980,   -531,    430,    806,   1640,   2711, 
      3325,   3680,   4342,   5132,   5913,   5964,   5843,   6234, 
      6696,   6865,   6174,   5611,   5697,   5750,   5225,   4312, 
      3637,   3300,   3161,   2712,   1797,   1366,   1363,   1252, 
       961,    489,    302,    272,    630,    984,    858,    600, 
       390,    738,   1252,   1243,    753,    606,   1063,   1078, 
       649,    256,     21,   -243,   -918,  -1322,  -1505,  -1941, 
     -2244,  -2440,  -3330,  -4605,  -4860,  -4549,  -4456,  -4961, 
     -6276,  -6922,  -5763,  -4593,  -4680,  -5315,  -5553,  -4606, 
     -3881,  -3568,  -3154,  -2936,  -2038,  -1287,  -1093,   -704, 
      -285,    402,   1248,   1865,   2056,   2045,   2774,   3740, 
      4100,   3751,   3442,   3985,   4605,   4783,   4032,   3374, 
      3441,   3563,   3775,   3233,   2590,   2535,   2450,   2322, 
      2189,   1925,   1713,   1650,   1635,   1749,   1745,   1446, 
      1259,   1532,   1742,   1288,    798,    961,   1327,   1215, 
       847,    487,    -35,    437,    755,   -289,  -1054,   -960, 
      -193,   -539,  -2032,  -2879,  -2958,  -2465,  -3037,  -3890, 
     -2981,  -3185,  -4168,  -4393,  -4418,  -3176,  -2531,  -3854, 
     -4821,  -3929,  -2867,  -2589,  -2521,  -2897,  -2804,  -1968, 
     -1676,  -1496,  -1108,  -1222,  -1169,   -538,    126,    460, 
       405,    374,    481,   1061,   1501,   1223,   1372,   1641, 
      1835,   2191,   2012,   1799,   2255,   2532,   2484,   2302, 
      1955,   2271,   2966,   3226,   2758,   2101,   2054,   2703, 
      3222,   2862,   2471,   2420,   2065,   2103,   2098,   1601, 
      1898,   1553,   1221,   1374,    350,   -113,    341,    754, 
       240,  -1353,  -1327,   -338,   -515,  -1141,  -1861,  -1774, 
     -1468,  -1461,  -1656,  -1994,  -1895,  -1974,  -2564,  -2442, 
     -1756,  -1559,  -1689,  -2303,  -2757,  -2161,  -1142,  -1522, 
     -2037,  -2021,  -2055,  -1697,  -1209,  -1339,  -2018,  -1818, 
     -1627,  -1390,   -816,  -1376,  -1790,   -981,   -526,   -327, 
      -333,   -634,   -426,    380,   1092,    755,    731,   1197, 
      1509,   2133,   2033,   1683,   2332,   2830,   2645,   2492, 
      2387,   2574,   2836,   2608,   2188,   2024,   2156,   2090, 
      1783,   1438,    993,    950,    799,    233,    287,    373, 
        10,   -375,   -877,  -1395,   -802,     29,   -459,  -1303, 
     -1649,   -823,    -60,   -574,  -1153,   -967,   -329,     36, 
      -421,   -833,   -417,   -154,   -462,   -760,   -539,   -241, 
      -269,   -712,  -1165,  -1097,   -766,   -795,  -1150,  -1350, 
     -1581,  -1451,  -1237,  -1320,  -1428,  -1424,  -1272,  -1069, 
      -928,  -1145,  -1003,   -523,   -172,    135,     18,   -174, 
       173,    893,   1083,   1149,   1372,   1063,   1152,   1783, 
      2081,   1824,   1343,   1377,   1590,   1716,   1633,   1036, 
       941,   1206,    865,    376,    397,    500,    292,      8, 
      -290,   -386,   -317,   -206,   -359,   -753,   -761,   -607, 
      -376,   -313,   -582,   -600,   -558,   -338,   -115,   -184, 
      -166,   -114,    -20,     58,     61,     18,     68,    210, 
       137,     71,     28,    -90,    -81,    -48,    -84,   -160, 
      -289,   -408,   -379,   -328,   -373,   -463,   -522,   -505, 
      -464,   -420,   -400,   -372,   -367,   -349,   -267,   -163, 
       -77,    -60,    -34,     23,     90,    156,    194,    244, 
       273,    267,    254,    276,    348,    378,    363,    315, 
       275,    303,    338,    317,    284,    244,    207,    220, 
       208,    181,    156,    122,     95,     91,     90,     60, 
        39,     14,    -19,    -35,    -18,    -33,    -65,    -68, 
       -76,    -79,    -89,   -101,   -122,   -132,   -129,   -122, 
      -132,   -153,   -141,   -147,   -155,   -148,   -146,   -142, 
      -135,   -135,   -135,   -121,   -107,    -93,    -95,    -94, 
       -74,    -65,    -57,    -39,    -26,    -20,     -4,     11, 
        19,     36,     45,     48,     57,     68,     76,     82, 
        87,     88,     87,     94,    107,     98,     90,     99, 
        94,     95,     90,     80,     83,     69,     72,     80, 
        54,     50,     53,     44,     45,     43,     40,     34, 
        24,     21,     17,     12,     11,      1,      1,     -1, 
        -9,    -14,    -31,    -33,    -35,    -44,    -44,    -53, 
       -62,    -68,    -58,    -63,    -68,    -73,    -80,    -72, 
       -91,   -101,    -96,    -44,    -49,   -105,   -138,    -82, 
        46,    -25,    -74,    -63,    -49,     15,    -12,     -7, 
         7,     17,     56,     47,     44,     55,     47,     63, 
        69,     78,     85,     65,     83,     92,     79,     87, 
        79,     78,     83,     70,     67,     61,     58,     56, 
        42,     37,     34,     27,     24,      7,     -2,      4, 
         5,     -1,    -22,    -25,    -15,    -14,    -23,    -36, 
       -34,    -30,    -42,    -51,    -49,    -56,    -52,    -58, 
       -66,    -54,    -42,    -51,    -69,    -60,    -55,    -47, 
       -43,    -52,    -54,    -42,    -33,    -37,    -31,    -32, 
       -22,    -13,    -15,     -3,     -6,     -3,      3,      5, 
        16,     12,     20,     32,     38,     35,     35,     43, 
        55,     65,     59,     60,     60,     76,     88,     73, 
        85,     78,     64,     66,     54,     64,     67,     58, 
        64,     45,     36,     40,     27,     23,     15,     17, 
        11,      1,     -2,    -14,     -2,     -4,    -18,    -20, 
       -30,    -25,    -21,    -29,    -32,    -29,    -30,    -42, 
       -39,    -35,    -51,    -42,    -34,    -43,    -39,    -58, 
       -62,    -37,    -23,    -21,    -40,    -32,    -24,    -23, 
        -5,    -26,    -32,    -10,    -12,    -12,      8,      1, 
         1,     22,      6,    -10,    -20,     18,     56,     35, 
        27,     -9,    -10,     42,     66,     50,     14,     14, 
        35,     27,     22,     35,      4,      6,     28,     37, 
        53,     17,     -8,      7,     14,      2,     23,     19, 
        -5,      0,     -2,      9,      3,     11,     38,    -11, 
       -41,    -34,     -1,     66,      5,    -83,   -281,    -57, 
       384,    149,     24,   -117,   -226,     28,     -7,    -20, 
       -26,    -30,     85,     22,     34,      5,    -51,      4, 
       -14,     -2,     30,      2,     12,     15,      3,     69, 
        17,    -86,      6,    120,     44,    -22,     16,    -10, 
        -5,     -4,    -83,    -44,     56,     38,     68,     81, 
       -74,   -180,   -110,     41,    164,     82,   -124,   -131, 
       -88,     -6,     87,     57,     -9,   -107,   -101,     30, 
        54,      8,    -46,   -113,     81,    122,    -64,    -83, 
      -101,     58,    115,    -52,     73,    208,    -50,   -198, 
       -63,    -52,     20,     34,   -115,     17,    233,     95, 
      -211,   -143,     88,    129,    124,   -125,   -172,    115, 
       113,    -86,   -158,    106,    432,    158,   -150,   -112, 
      -320,    -29,    160,    113,    265,   -122,    -15,     25, 
        29,    176,   -282,   -122,     57,     89,    165,   -203, 
      -223,    229,    236,   -275,   -141,    106,    165,      2, 
      -319,   -227,    -64,    342,    228,    -92,     -1,    -61, 
      -192,    -70,      1,     93,    460,    -19,   -449,   -375, 
       108,    531,     52,   -150,   -451,    -36,    548,     28, 
      -231,    -35,    176,    -87,    -10,    -48,    -26,    351, 
        68,    147,   -125,   -407,    -77,    343,    733,     94, 
      -572,   -333,    499,    494,   -496,   -401,    313,    600, 
       170,   -768,   -485,    744,    735,   -203,   -631,   -204, 
       234,    240,     96,   -217,    -59,    119,    -14,     74, 
        34,   -280,   -274,    157,    498,    482,    -88,   -629, 
      -321,    407,    684,     49,   -635,   -300,    217,    425, 
       194,   -309,   -207,     -3,    464,    527,   -464,   -624, 
      -231,    345,    510,   -109,   -239,    -21,     86,   -210, 
      -171,    422,    573,   -286,   -762,   -137,    253,    597, 
        52,   -995,   -144,    638,    325,    -47,   -254,   -244, 
      -288,    529,    104,   -603,     24,    -60,    171,    297, 
      -504,   -693,    566,    383,   -427,   -157,   -342,    488, 
       196,   -988,    -97,    737,    577,   -267,  -1069,   -314, 
       753,    231,    -62,   -213,   -803,    190,    592,   -169, 
      -112,     14,   -155,    411,   -133,   -764,    545,    451, 
       -35,   -825,   -941,    832,   1174,   -261,  -1067,    168, 
       285,    199,    455,   -467,   -879,    124,   1204,    498, 
      -587,  -1248,   -421,   1575,    793,   -945,    -65,    310, 
      -644,   -752,    410,   1160,    469,   -786,   -978,    134, 
       923,    732,  -1003,   -811,    225,    121,   1018,    156, 
      -515,   -803,   -601,    988,   1612,    -40,  -1853,   -469, 
      -682,   1630,   2413,  -1812,  -1137,     76,   -157,    654, 
       622,  -1017,    -51,   1627,  -1478,  -1776,   1457,   1707, 
       148,  -1399,  -1785,   -138,   2681,    256,  -2446,   1141, 
       857,  -1014,    204,   -671,    373,    896,   -847,   -453, 
       563,   1289,  -1090,   -979,   1404,   1850,   -606,  -2800, 
      -234,   2012,   2897,  -1250,  -3365,    198,   1126,   3088, 
       139,  -5071,    294,   3721,    325,  -1007,  -1679,  -1206, 
      2031,   2163,   -847,  -2256,     65,   1884,   -278,  -1412, 
     -1897,   1816,   3666,  -1557,  -2729,   -480,    245,   2407, 
      2645,  -3110,  -2508,   1081,    193,   1731,   2227,  -1758, 
     -2442,    563,    167,    318,   1712,   1190,  -2364,  -2366, 
      2101,    897,   -454,    642,   -428,   -656,    -45,   -567, 
      -536,   1434,   1076,  -1381,   -372,    349,      2,   -262, 
      -555,    498,    630,    342,   -213,  -1261,   -707,   1259, 
       726,   -508,    709,    934,  -1470,  -1976,    -31,   1411, 
      3464,    158,  -5264,   -779,   3165,   1179,   -946,  -2427, 
       977,   2484,   -951,  -1589,    695,   1225,  -1191,  -1441, 
      1658,    711,  -1012,    632,   -710,   -388,    933,   -561, 
       135,    926,   -187,  -2531,    -81,   2840,    279,    622, 
     -1624,  -3166,   2363,   2512,  -2031,  -1031,    545,   1731, 
      1413,  -3091,  -1703,   1711,   2738,    395,  -3696,  -1922, 
      1831,   2234,    479,   -685,   -663,   -401,  -1144,    342, 
      1479,   -625,    797,   -755,  -1811,   3314,   1020,  -3715, 
     -1677,   3034,   2053,   -504,  -1714,  -2378,   2905,   2438, 
     -1852,  -2579,    828,   3601,  -2320,  -1334,   1119,   -911, 
      1622,     70,   -817,   -152,    492,    872,  -1846,   -303, 
      1475,    588,   -400,  -1303,  -1443,   2600,   2303,  -3161, 
     -2468,    598,   5101,   1264,  -5838,  -1641,   1870,   3057, 
      3200,  -3462,  -5934,   2629,   4534,   -477,   -572,  -3453, 
     -1458,   4722,   1400,  -1963,  -3383,   -411,   4256,    256, 
     -1700,  -1433,   -427,   3148,   1062,  -4735,    -50,   3380, 
     -1270,    664,    -13,   -989,   1631,  -1178,  -3096,   2453, 
      3690,   -499,  -4118,  -1919,   4365,   2261,  -2256,  -3068, 
       915,   3644,     80,  -3818,  -1702,   3493,   4017,  -2191, 
     -6271,   -390,   5304,   5124,  -2844,  -6587,  -1238,   3338, 
      5034,  -1973,  -4748,   1496,   3132,   1420,  -3311,  -4279, 
      3448,   3539,  -1240,  -1173,   -737,   -231,   1535,     57, 
      -877,   -876,   -825,   3209,   1106,  -1453,  -1712,  -1011, 
      1605,   2234,    329,  -3195,    373,   1787,  -1380,    690, 
      1159,   -915,  -1761,   -865,   2541,   2940,  -1055,  -5880, 
      -345,   5381,    528,  -2511,  -2379,   2948,   1420,  -1926, 
     -2661,    -57,   6852,   -981,  -5394,   -683,    187,   3511, 
      3900,  -4950,  -2633,   2969,    136,   1056,  -2450,   -648, 
      3049,   1648,  -2358,  -3973,    796,   2643,   4110,  -1513, 
     -5160,  -2117,   4698,   3819,  -3471,  -2104,  -1601,   4521, 
      2241,  -4919,  -1008,    875,   3290,   1691,  -3091,  -3163, 
      -408,   6117,   1124,  -7095,   -738,   2842,   3123,    703, 
     -4112,  -2628,   3011,   3470,  -2617,  -1022,    326,     49, 
      1085,    -97,    560,  -3677,  -1309,   6067,   2854,  -4063, 
     -5628,   -800,   6099,   7926,  -5090, -11662,   2101,   9103, 
      1666,  -3588,  -4557,  -3691,   6128,   6939,  -4245,  -6199, 
     -1133,   4542,   5526,    175,  -7837,  -3853,   6864,   3925, 
     -1398,  -3193,  -2120,   1743,   4634,  -1059,  -6107,   3642, 
      3008,  -3972,   -242,   1497,   -653,    383,    117,  -1551, 
      2062,   -737,  -2056,   2779,  -1522,  -2119,   3420,   2336, 
     -2981,  -3442,   1920,   2092,   1740,   -686,  -5545,   3163, 
      3092,  -2711,   1878,   -119,  -1984,  -1167,   4657,   1711, 
     -6956,   -870,   2870,   3449,   1607,  -4977,  -2211,   2238, 
      -360,   1626,   1662,   -795,  -1972,  -2727,    -58,   5251, 
      4141,  -6379,  -3952,   4216,   1103,   -669,    850,    420, 
      1840,   -948,  -5324,   -908,   5155,   4445,  -2004,  -5687, 
     -1366,   2553,   3491,   2673,  -4767,  -4001,   3538,   2383, 
     -1247,  -1395,    448,    -25,   1222,    422,  -1649,    508, 
       289,  -2939,  -1226,   6687,   3679,  -5354,  -2862,  -2094, 
       971,   5808,  -2215,  -1951,   1556,  -1275,     33,   1086, 
      -840,   -322,   1835,   -767,   -330,   -597,  -2020,   2254, 
      2056,  -2094,  -1538,   1299,   3043,    890,  -3373,  -2049, 
      2107,   3830,    583,  -6370,  -2047,   6512,   1039,  -3656, 
     -1664,    339,   2940,     97,  -2352,    674,    973,    866, 
     -1415,   -735,    855,  -1946,   1707,   2083,  -1179,   -486, 
     -1231,   -365,   3351,    679,  -2293,   -820,  -1864,   1072, 
      4509,     72,  -2798,  -1940,     60,   4213,   1391,  -2872, 
     -3253,  -1732,   5328,   5611,  -4127,  -6917,    -70,   2879, 
      3979,   1389,  -4830,   -412,   2821,   -369,  -1430,   -534, 
       441,    147,   2316,  -1734,  -2883,   3354,    880,   -222, 
     -1993,  -1501,   1978,    754,    392,  -2131,    853,   1234, 
     -2360,   2004,   2536,  -2692,  -1752,  -1511,    589,   5425, 
      -479,  -2550,  -1847,   -922,   2239,   1350,   2186,   -908, 
     -3233,   1241,   1008,   -364,   -514,  -1391,   1784,   1496, 
     -1763,  -1369,    457,   2321,    853,  -2395,  -2921,    385, 
      1567,   1617,   3305,  -1708,  -6625,  -3210,   6038,   8492, 
      -265,  -9753,  -6319,   6118,   8555,    229,  -8002,  -3521, 
      2783,   5012,   1992,  -4382,  -3036,   -750,   2649,   3813, 
      -627,  -3853,    -42,   4411,    494,  -2948,  -1155,   -283, 
      1919,   2135,  -3227,  -2560,   3082,   2460,  -2516,  -1016, 
      1280,   -880,   2023,   -655,  -4088,   3667,   1386,  -3239, 
     -1114,    345,   4543,   -463,  -4969,  -1166,   3250,   4425, 
     -2506,  -4924,    581,   5414,   2004,  -4431,  -3281,   1684, 
      4013,   1940,  -2687,  -2597,  -1560,    281,   5264,   1139, 
     -5402,   -787,   4051,    384,  -1535,  -5703,  -1173,   9099, 
      3428,  -5742,  -6742,   1852,   4671,   2704,   -799,  -6058, 
      -426,   3525,   2741,  -1025,  -3446,    718,   1986,    611, 
      -294,    445,  -2352,   -740,   2383,  -1264,   1553,   1678, 
     -4119,   -849,   1610,  -3117,    368,   6401,   2042,  -5200, 
     -4865,  -1653,   4885,   7073,   -937,  -6051,  -4377,   3904, 
      2764,  -2039,   2237,    899,  -2123,  -1670,  -1789,   3876, 
      4237,  -3100,  -3863,  -1102,   4573,   2302,  -2611,    449, 
      -814,  -3065,   -506,   2859,   2970,    295,  -4224,  -3326, 
       789,   2275,   3074,    492,  -1896,  -3016,  -1940,   3335, 
      3944,   -964,  -2924,  -1614,   2736,   4310,   -951,  -6130, 
     -1705,   4203,   3418,   1098,  -3810,  -3619,   2256,   2845, 
     -2441,   -413,   2014,   -651,   -546,  -3297,    -58,   4920, 
       120,   -927,   -561,  -2888,   1143,   1748,    405,    843, 
     -1996,  -1425,    803,    892,    412,   -279,   -782,  -1085, 
      -547,    981,   1024,   -110,    -29,     34,   1317,   -387, 
     -1814,   1929,   1526,  -1944,  -2476,   2163,   2468,   1467, 
     -1842,  -4997,   3001,   3226,  -1048,  -2885,    238,   2613, 
     -1248,   -512,    222,   1260,    297,  -1834,  -1625,   -349, 
      1699,   2419,  -1085,  -3846,   -319,   3378,   2948,  -1382, 
     -1701,  -1001,   1126,   3044,  -2009,   1023,   3202,  -3560, 
     -2907,     74,   1766,   5454,    673,  -5312,  -3138,   -260, 
      4016,   3511,  -2814,  -3135,    196,   1154,    770,    264, 
     -1501,    180,   2140,   -141,  -2485,  -4577,   1393,   5960, 
      1081,  -2231,  -4185,   -536,   6293,   3334,  -2800,  -4745, 
     -1928,   4851,   4810,  -2194,  -5174,   -869,    798,   3457, 
      2127,  -6094,   1120,   2476,  -4376,    906,   1930,    813, 
       407,  -1546,  -1220,   -275,   2897,   1298,  -2251,  -1074, 
      -164,   1035,    521,   -991,    344,   1638,   1102,  -2121, 
     -3407,    543,   3295,    710,  -2229,  -1454,    226,   2140, 
       403,  -1413,   -483,    406,   1713,    310,   -854,  -1260, 
      -930,    154,   2179,   2007,  -2048,  -3270,   -827,   4399, 
      2958,  -4300,  -2449,   2393,   2064,   1163,  -1291,  -2878, 
      -392,   -194,    601,   1960,    171,  -1151,  -1426,    250, 
       663,    588,    622,   1755,   -192,  -3934,     77,   2687, 
      3593,   -622,  -5947,    711,   4375,    363,   -809,  -2003, 
     -1395,   2426,    683,   -572,   1910,    240,  -1667,  -2127, 
     -1756,   2371,   3407,    622,  -2458,  -4089,    710,   4396, 
      -302,  -1068,   1091,  -1227,     22,     65,    308,   2389, 
      -500,  -3542,  -1289,   1647,   1895,    424,  -3199,  -2042, 
       912,   3579,   1079,  -2984,  -1213,   -641,   3128,   1674, 
     -2869,  -1817,    749,   2671,   1732,  -2093,  -3672,   2694, 
      2779,  -1055,    366,  -1559,  -1043,   2519,     50,  -1100, 
      -102,   -589,   1839,    328,  -1903,  -1127,   -155,   1122, 
       -46,   2142,   -319,  -3554,   -587,    124,   2643,   3074, 
     -1568,  -4670,    300,   3211,   1725,   2350,   -281,  -3379, 
     -3120,  -1225,   1068,   3211,   3492,  -1476,  -5724,    219, 
      2558,   2834,   1555,  -3381,  -1565,  -1441,   -606,    614, 
      -975,   -187,   2021,    287,  -1598,    182,    833,    960, 
       166,  -1783,  -1534,    915,   2567,    910,  -3561,  -1863, 
       944,   1027,   2339,    377,     85,    -25,  -1771,    745, 
      3268,   1321,  -2106,  -2217,    488,   2346,    -84,  -4342, 
      -114,   4332,   -168,  -2585,  -1050,    389,   2331,    914, 
     -2861,  -1264,   1172,   1186,   1342,   -993,   -952,    625, 
       459,    491,   -531,   1332,   2502,  -1547,  -4027,    431, 
      3915,   2010,   -899,  -5185,  -3251,   2465,   4544,   2158, 
     -4514,  -5888,    392,   5335,   3472,  -1714,  -5177,  -2202, 
      4002,   3843,   -993,  -1468,  -2333,  -2586,   3211,   2738, 
       110,     47,  -1489,  -2474,    142,   4700,   1838,  -3760, 
     -3089,    750,   1983,   1077,   -615,   -751,    494,   -485, 
     -1402,    -66,   2230,   1833,  -2702,  -4516,    689,   3660, 
      2014,  -1359,  -4194,    -82,   2996,   1657,   -823,  -1526, 
      1058,   1004,     38,  -1692,   1040,   2253,  -1754,    179, 
       755,    386,     31,  -2116,   -828,   1253,   1957,    130, 
     -1313,  -1121,   -699,    564,   1550,    357,  -2941,  -1985, 
      2909,   2558,  -1141,  -2082,  -3397,    336,   4234,   1719, 
      -682,  -2031,   -764,   -956,   1770,   1566,  -1184,   1695, 
         2,   -708,    659,    367,     99,    471,    409,  -2584, 
     -1377,   1874,   3224,    162,  -4544,  -1535,    393,   2379, 
      3296,  -1304,  -2296,   -913,   -197,   1074,   2626,    113, 
     -2053,    -40,   -750,  -2083,   1729,   3062,   -398,    158, 
     -1487,  -3734,    997,   2385,    323,    581,   -622,  -3259, 
       133,   2741,    246,   -940,  -2651,   -484,   3006,   3062, 
      -420,  -4164,  -3115,   1571,   4502,   1276,   -737,  -2113, 
     -2130,   1888,   2049,   -680,   -530,   1613,   -391,  -1241, 
      -221,   -544,   1044,   1414,   -988,  -3074,    256,   1675, 
      1663,   1927,  -3323,  -2893,   1394,   1363,   1725,    369, 
     -2337,  -1034,   1654,    504,   -717,   -455,  -1022,    336, 
      2159,    803,  -2509,  -1238,   1589,   1859,   1276,   -696, 
     -2120,  -1790,   1366,   2475,     69,   -848,   -255,   -318, 
     -1645,   -587,   1324,   2261,   1367,  -2802,  -4360,     80, 
      3731,   1943,   -311,  -1418,  -1686,   -165,   1187,   1547, 
       886,   -413,  -1274,   -491,   1280,    527,   -909,   -454, 
       283,    529,   -457,   -649,   -290,   -185,    647,   -608, 
      -544,    980,   -498,  -1129,  -1056,    -16,   2307,   1388, 
      -892,  -1938,  -1413,   1045,   2386,    641,   -931,   -941, 
      -664,     52,   1641,   1060,  -1063,   -927,   -134,    433, 
       281,   -383,    -72,    693,    810,    528,   -664,   -580, 
      1008,   -273,   -897,    961,    549,   -949,  -1118,   -555, 
       862,   1705,  -1674,  -3278,    107,   2525,   2667,  -1141, 
     -3612,  -1916,   1727,   3675,    596,  -1941,  -2187,     84, 
      1290,    664,    671,   -233,    584,    -63,  -1670,   -610, 
      1418,   2453,    221,  -1060,  -1582,  -1056,   1302,    781, 
       380,   -223,  -1571,   -310,   1076,    701,  -1049,  -1799, 
       292,   1866,    373,  -2136,  -1380,    581,    886,    195, 
     -1133,    538,   1450,     85,   -987,  -1229,   1157,    949, 
       298,    394,  -1267,   -202,   -261,   -361,   1568,    331, 
     -1610,  -1208,   1065,   1918,    -14,  -1981,  -1398,   1132, 
      1637,    811,   -343,  -1845,   -115,   1597,    701,    480, 
     -1104,  -1394,    935,    588,   -476,    300,    788,     69, 
      -481,   -268,   -438,      6,   1326,    659,  -1323,  -1345, 
       249,   1405,   1379,   -705,  -2698,  -1061,   2100,   1854, 
      -489,  -1144,   -877,    526,   1811,    230,   -937,   -314, 
       -50,    298,    162,    133,   -264,  -1086,   -281,    190, 
      1022,    613,   -983,   -712,   -496,    582,    639,    508, 
       413,  -1628,   -998,    -25,    372,   1334,    845,   -746, 
     -1222,    324,   -273,     30,   1434,    634,    241,   -429, 
      -935,    174,   1327,   1059,    220,   -754,   -623,    363, 
       344,    719,    470,   -386,    -96,   -524,    183,   1616, 
       362,   -937,   -944,   -190,   1493,   1504,    -10,   -650, 
      -743,   -299,    136,     89,    220,   -442,  -1340,   -186, 
       312,    374,    534,  -1658,  -1875,    108,    493,    213, 
      -650,  -2228,  -1844,    427,    856,   -725,  -1279,  -1218, 
     -1024,   -125,    467,   -256,   -795,    331,     67,   -193, 
      1298,   1321,    397,    527,   1136,    946,   1546,   2063, 
      1122,    879,   1178,   1784,   1703,   1660,   1198,    559, 
      1275,   1046,   1297,    554,   -335,    100,   -380,    -30, 
      -185,   -443,   -516,  -1746,  -1990,  -1272,  -1191,  -1408, 
     -1997,  -2976,  -2266,   -816,  -1475,  -3068,  -3231,  -2187, 
     -1127,  -1502,  -2555,  -2426,  -1789,   -958,   -754,  -1023, 
      -488,    154,    236,    291,    891,    912,   1951,   2616, 
      1538,   2109,   2815,   4099,   4710,   2816,   2555,   3794, 
      4915,   4929,   3480,   2685,   2658,   3341,   3236,   1795, 
      1161,    700,    702,    567,   -860,  -1721,  -1210,   -865, 
     -2146,  -3577,  -4128,  -3920,  -3281,  -3896,  -5181,  -5511, 
     -5176,  -5054,  -5417,  -5282,  -4430,  -4357,  -4388,  -3730, 
     -3353,  -2521,  -1513,   -843,   -450,   -307,    610,   2317, 
      4007,   4089,   2995,   2958,   5001,   7326,   7200,   5590, 
      4631,   5450,   7103,   7207,   5885,   4385,   3953,   4931, 
      5040,   3489,   2125,   1642,   1407,   1091,     58,  -1226, 
     -1811,  -2565,  -3281,  -3561,  -3865,  -4303,  -5175,  -5885, 
     -5861,  -5504,  -5713,  -6286,  -7124,  -7936,  -6605,  -4476, 
     -4161,  -5226,  -6034,  -4884,  -2213,   -512,   -991,  -1791, 
      -626,   1547,   2816,   3370,   3234,   3174,   4527,   6088, 
      6774,   6836,   6526,   6113,   6522,   7458,   7474,   6750, 
      5865,   5348,   4898,   4393,   3892,   2932,   2129,   1353, 
       520,    135,   -372,  -1217,  -2211,  -2963,  -3263,  -3684, 
     -4241,  -4861,  -5152,  -5189,  -5554,  -6055,  -6391,  -6420, 
     -6911,  -7519,  -6779,  -5192,  -4389,  -4963,  -5845,  -4974, 
     -2396,  -1056,  -1125,  -1571,  -1310,    888,   2494,   2837, 
      2852,   2933,   4022,   5578,   6514,   6531,   6279,   6286, 
      6871,   7265,   7220,   6868,   6017,   5521,   5018,   4383, 
      3952,   3380,   2322,   1179,    655,    297,   -149,   -918, 
     -1835,  -2795,  -3546,  -3774,  -4056,  -4428,  -5320,  -6089, 
     -6065,  -5822,  -6108,  -7035,  -7633,  -7836,  -6801,  -5024, 
     -4842,  -5670,  -5776,  -4550,  -2101,   -726,  -1648,  -1920, 
      -410,   1689,   3227,   3063,   2576,   3407,   4980,   5959, 
      6468,   6736,   6564,   6770,   7040,   7226,   7331,   7022, 
      6247,   5147,   4504,   4296,   3769,   2972,   2146,    915, 
        30,   -314,   -781,  -1219,  -1761,  -2774,  -3850,  -3955, 
     -4000,  -4516,  -4879,  -5488,  -5546,  -5515,  -6074,  -6626, 
     -7139,  -7116,  -6275,  -4908,  -4472,  -5431,  -5816,  -4290, 
     -1847,   -784,  -1414,  -1884,   -769,   1709,   2956,   2698, 
      2597,   2973,   4361,   5674,   6328,   6464,   6273,   6598, 
      6879,   6969,   7060,   6748,   6149,   5686,   4922,   4105, 
      3769,   3266,   2468,   1435,    780,    266,   -289,   -901, 
     -1958,  -2493,  -2795,  -3182,  -3888,  -4524,  -4671,  -5213, 
     -5634,  -5792,  -6109,  -6548,  -7044,  -7572,  -7005,  -5171, 
     -4465,  -5229,  -5918,  -5152,  -2681,   -826,  -1103,  -1795, 
     -1182,   1011,   3041,   3196,   2961,   3218,   4281,   5952, 
      6820,   6890,   6790,   6938,   7014,   7319,   7635,   7171, 
      6348,   5375,   4774,   4509,   4088,   3336,   1937,    798, 
       581,    186,   -506,  -1283,  -2443,  -3085,  -3128,  -3669, 
     -4265,  -4526,  -4990,  -5298,  -5637,  -5994,  -6196,  -6671, 
     -6997,  -7274,  -6850,  -5118,  -4160,  -4860,  -5458,  -4645, 
     -2348,   -373,   -793,  -1665,   -713,   1431,   2965,   2960, 
      2810,   3502,   4572,   5382,   6094,   6528,   6824,   6999, 
      6529,   6735,   7270,   7007,   5969,   4810,   4452,   4200, 
      3811,   2961,   1718,    833,    404,    176,   -389,  -1233, 
     -2286,  -2856,  -2914,  -3039,  -3535,  -4336,  -4669,  -4870, 
     -5103,  -5369,  -5744,  -6219,  -6652,  -7008,  -6601,  -4697, 
     -4034,  -4993,  -5702,  -4798,  -1992,   -633,  -1440,  -2237, 
     -1031,   1526,   2815,   2515,   2026,   3079,   4594,   5429, 
      5883,   5868,   6249,   6582,   6517,   6821,   7039,   6614, 
      5724,   5003,   4803,   4579,   3930,   3096,   2144,   1397, 
       979,    393,   -428,  -1228,  -1888,  -2297,  -2670,  -3336, 
     -4048,  -4319,  -4328,  -4694,  -5517,  -6336,  -6300,  -6249, 
     -6694,  -7419,  -7251,  -5250,  -4273,  -4972,  -5867,  -4789, 
     -2041,   -646,   -953,  -1674,   -511,   1879,   3224,   3060, 
      2785,   3780,   5055,   5896,   6315,   6591,   6875,   6662, 
      6367,   6666,   7059,   6634,   5310,   4415,   4312,   3990, 
      3285,   2292,   1205,    693,    501,   -132,  -1059,  -1901, 
     -2377,  -2532,  -2766,  -3210,  -4008,  -4416,  -4224,  -4333, 
     -4977,  -5639,  -5823,  -6018,  -6089,  -6600,  -6179,  -4329, 
     -4025,  -4817,  -5294,  -3861,  -1640,   -947,  -1373,  -1638, 
      -119,   1861,   2637,   2173,   2460,   4013,   4858,   5251, 
      5407,   5901,   6779,   6684,   6231,   6357,   6687,   6256, 
      5307,   4751,   4404,   3873,   3122,   2326,   1364,    876, 
       620,    -65,   -831,  -1776,  -2298,  -2506,  -2616,  -2990, 
     -3833,  -4324,  -4507,  -4540,  -5048,  -5544,  -6024,  -6562, 
     -6706,  -6936,  -5728,  -4416,  -4685,  -5316,  -5280,  -3472, 
     -1546,  -1097,  -1595,  -1325,    326,   2043,   2790,   2438, 
      3070,   4434,   5248,   5803,   5872,   6293,   6832,   6796, 
      6614,   6583,   6292,   5704,   5209,   4660,   4089,   3313, 
      2660,   1820,    841,    456,    245,   -360,  -1566,  -2438, 
     -2682,  -2654,  -2716,  -3582,  -4361,  -4478,  -4407,  -4568, 
     -5073,  -5316,  -5893,  -6346,  -6475,  -6250,  -4657,  -3964, 
     -4574,  -5156,  -4538,  -2395,  -1190,  -1177,  -1293,   -626, 
       954,   2330,   2694,   2594,   3316,   4292,   5228,   5928, 
      5946,   6003,   6160,   6334,   6592,   6549,   5754,   5159, 
      5009,   4586,   3909,   2810,   2223,   1514,    581,    425, 
        35,   -737,  -1705,  -2477,  -2674,  -2719,  -3085,  -3791, 
     -4327,  -4675,  -4860,  -5028,  -5186,  -5251,  -6015,  -6755, 
     -6915,  -5958,  -3794,  -3525,  -4951,  -5506,  -3813,  -1049, 
       -19,   -803,  -1614,   -209,   2371,   3856,   3281,   2296, 
      3389,   5107,   6490,   6627,   5457,   5064,   5844,   6932, 
      7186,   6142,   4302,   3635,   4435,   4740,   3738,   1805, 
       425,    240,    889,    944,   -612,  -2361,  -2724,  -1896, 
     -1813,  -2643,  -3856,  -4502,  -3669,  -3425,  -4331,  -5153, 
     -5272,  -5194,  -5642,  -6281,  -6611,  -5321,  -3766,  -4060, 
     -4985,  -4758,  -2689,  -1044,   -895,  -1093,   -669,   1123, 
      2678,   2999,   2971,   3488,   4264,   5255,   6243,   6504, 
      6029,   5525,   6112,   6844,   7038,   5884,   4270,   4311, 
      4753,   4290,   2828,   1598,   1153,    952,    671,   -135, 
      -997,  -1806,  -2604,  -2709,  -2633,  -3028,  -3925,  -4818, 
     -4766,  -4422,  -4569,  -5224,  -6019,  -6574,  -6516,  -6660, 
     -6423,  -4681,  -4219,  -5082,  -5508,  -4044,  -1472,   -882, 
     -1573,  -1448,    695,   2747,   3230,   2851,   3274,   5181, 
      5913,   5949,   6250,   6622,   6990,   6903,   6699,   6755, 
      6542,   5594,   5058,   4844,   4460,   3094,   1532,   1510, 
      1438,    567,   -707,  -1785,  -1731,  -1685,  -2492,  -3583, 
     -4164,  -3709,  -3826,  -4639,  -5060,  -5093,  -4916,  -5130, 
     -5727,  -6545,  -6780,  -6602,  -5294,  -3633,  -4213,  -5470, 
     -5146,  -2656,   -343,   -298,  -1399,  -1126,   1093,   3333, 
      3895,   3221,   3648,   4510,   5605,   6915,   7115,   6432, 
      5946,   6451,   6923,   7092,   6226,   4840,   4604,   4781, 
      4177,   2669,   1700,   1316,    897,    546,   -369,  -1559, 
     -2150,  -2365,  -2571,  -2882,  -3581,  -4733,  -5269,  -4643, 
     -4083,  -4926,  -6249,  -6769,  -6930,  -6532,  -6806,  -6500, 
     -4800,  -4481,  -5233,  -5565,  -3350,   -651,   -210,  -1116, 
      -987,   1503,   3590,   4258,   3721,   4166,   5565,   6208, 
      6837,   7123,   7353,   7036,   6638,   6544,   6812,   6522, 
      5039,   4158,   3836,   3747,   2575,    802,     49,      6, 
        98,  -1000,  -2585,  -3168,  -2831,  -2675,  -3451,  -4411, 
     -4878,  -4869,  -4627,  -4496,  -4753,  -5363,  -6204,  -6642, 
     -6011,  -5500,  -5081,  -4153,  -4157,  -4399,  -3742,  -2129, 
      -388,     30,   -265,    232,   1917,   3713,   4366,   3779, 
      4218,   5386,   5988,   6660,   6367,   6152,   6192,   6023, 
      5909,   5523,   4987,   3936,   3504,   3300,   2611,   1519, 
       575,    238,    -72,   -340,  -1215,  -1975,  -2138,  -2081, 
     -2519,  -3313,  -3568,  -3770,  -3853,  -4138,  -4301,  -4311, 
     -4684,  -5693,  -6579,  -6084,  -5697,  -4930,  -3977,  -4627, 
     -5084,  -4189,  -2181,   -384,   -270,   -777,     42,   2149, 
      4080,   4105,   3344,   4581,   5719,   6250,   6555,   6122, 
      6250,   6338,   6058,   5704,   5766,   5022,   3715,   3490, 
      3569,   2821,   1216,    440,    270,    141,   -354,  -1624, 
     -2419,  -2136,  -1920,  -2941,  -4005,  -4029,  -3551,  -3689, 
     -4587,  -5270,  -5352,  -4807,  -5251,  -6522,  -7181,  -6959, 
     -4897,  -3668,  -4273,  -5033,  -4333,  -1842,   -141,    466, 
       266,   1069,   3048,   4524,   4852,   4985,   5937,   6213, 
      6478,   6954,   7248,   6817,   5993,   5606,   5381,   5529, 
      4540,   3087,   2725,   2670,   2084,    780,    165,   -136, 
      -439,   -826,  -1790,  -2042,  -2432,  -2881,  -3289,  -3720, 
     -3798,  -4160,  -4611,  -4965,  -5147,  -5184,  -5400,  -6589, 
     -7135,  -7243,  -6177,  -4357,  -4214,  -4846,  -5336,  -3410, 
      -719,    717,    511,    365,   2074,   4444,   5824,   5344, 
      5445,   6257,   7313,   7601,   6998,   6489,   6310,   6543, 
      5976,   5106,   4225,   3516,   3235,   2872,   2280,   1212, 
      -161,   -579,   -400,   -699,  -1502,  -2491,  -3266,  -3249, 
     -2580,  -3040,  -4535,  -5268,  -4625,  -3837,  -4396,  -5438, 
     -6104,  -6915,  -6399,  -6307,  -6794,  -5206,  -4176,  -4571, 
     -4553,  -2966,  -1054,    614,   1131,   1221,   2730,   4337, 
      5699,   5787,   6106,   6882,   6753,   7068,   7610,   6998, 
      6070,   5519,   4857,   5179,   4822,   3026,   1991,   1908, 
      1705,   1159,     62,  -1086,  -1310,  -1231,  -1061,  -1941, 
     -3077,  -3281,  -3502,  -3333,  -3803,  -4763,  -5232,  -5015, 
     -5047,  -5880,  -6161,  -6559,  -6841,  -7627,  -6970,  -4502, 
     -3790,  -4023,  -4585,  -3235,     46,   2204,   2219,   1783, 
      2918,   5301,   7090,   6952,   7343,   7458,   6907,   7541, 
      7924,   7542,   6716,   4959,   3959,   4836,   4674,   3124, 
      1099,    153,   1059,    997,   -237,  -1617,  -2563,  -2329, 
     -1611,  -2027,  -2920,  -3412,  -4275,  -4103,  -3933,  -4660, 
     -5030,  -5695,  -5619,  -5558,  -6247,  -7014,  -7673,  -7676, 
     -6482,  -4105,  -3721,  -4517,  -3865,  -1603,   1489,   2965, 
      2673,   2546,   4916,   7528,   7862,   7688,   7779,   8114, 
      8257,   8115,   7430,   6547,   5738,   4428,   3387,   3114, 
      2783,   1810,    908,    205,   -182,   -191,   -398,  -1281, 
     -2233,  -2152,  -2029,  -2142,  -2781,  -3764,  -3978,  -4225, 
     -4329,  -4318,  -4947,  -5768,  -5742,  -6066,  -7370,  -7735, 
     -8559,  -7574,  -4416,  -3738,  -4524,  -4344,  -1677,   1500, 
      3527,   3612,   3322,   5003,   7400,   9045,   8417,   8475, 
      8318,   7631,   8109,   7437,   6042,   4707,   3361,   2539, 
      2954,   2195,    519,   -435,   -254,    545,     42,  -1071, 
     -2226,  -2153,  -1021,   -863,  -2325,  -3190,  -3396,  -3533, 
     -3089,  -4160,  -5398,  -5743,  -5476,  -5291,  -6557,  -7633, 
     -8141,  -8745,  -7561,  -5027,  -3934,  -3674,  -3007,  -1595, 
      1634,   4285,   4373,   4970,   6474,   8367,   9298,   8885, 
      9070,   8865,   8085,   7058,   6228,   5280,   3820,   2049, 
      1313,   1201,    219,   -340,   -415,   -446,   -369,   -533, 
     -1206,  -1117,   -668,   -631,  -1438,  -2104,  -1990,  -2402, 
     -3014,  -4640,  -5479,  -5128,  -4816,  -5335,  -6835,  -7523, 
     -7756,  -8584,  -9464,  -7366,  -4491,  -3429,  -3288,  -2931, 
      -170,   3466,   5188,   5515,   6704,   8448,   9614,   9592, 
      9770,   9751,   8456,   7265,   5850,   4813,   4116,   2485, 
       431,     14,    -15,   -526,   -583,   -675,   -379,   -474, 
      -860,   -577,   -105,    265,     75,  -1043,  -1396,  -1582, 
     -2396,  -3309,  -4104,  -4420,  -5275,  -5970,  -6596,  -6872, 
     -7974,  -9126,  -9918,  -9717,  -6453,  -4196,  -3146,  -2701, 
     -1102,   1625,   4652,   7453,   8469,   9207,   9302,   9820, 
      9884,  10039,   9288,   7060,   4881,   3001,   2213,   1127, 
       316,   -564,  -1195,  -1502,  -1042,     64,    640,    888, 
       597,    662,    675,   1101,   1516,    157,  -1414,  -2161, 
     -2369,  -3070,  -4818,  -5675,  -6103,  -6063,  -6591,  -7455, 
     -8512,  -9429,  -9949, -10959,  -7966,  -4076,  -1802,  -1706, 
      -945,   2322,   5658,   9147,  10012,  10289,   9951,  10154, 
      9560,   8897,   8699,   6107,   3632,    851,   -650,  -1321, 
      -849,   -976,  -1801,  -1442,   -627,   1192,   2040,   2952, 
      3045,   2843,   2411,   1555,   1578,    548,   -495,  -1805, 
     -3091,  -4653,  -5767,  -5828,  -6602,  -6660,  -7595,  -8539, 
     -9117,  -9856, -10967, -10812,  -6517,  -3245,  -1791,   -765, 
      1597,   4895,   7854,  10012,  10494,  10936,  10257,   9612, 
      8178,   6578,   5204,   3239,   1423,   -569,  -1949,  -2670, 
     -1855,   -613,    399,    429,    802,   2516,   3594,   4797, 
      4620,   2748,   1432,   1400,    879,   -665,  -1815,  -2960, 
     -3965,  -5790,  -6910,  -6273,  -5863,  -6128,  -7550,  -8470, 
     -9552, -11093, -12085, -10376,  -5609,  -1936,   -283,    789, 
      4103,   7096,   9290,  10810,  11039,  11020,  10204,   8417, 
      5185,   4009,   3009,   1334,   -202,  -1424,  -2682,  -3362, 
     -1396,    565,   2884,   3860,   3655,   3752,   4651,   5596, 
      4298,   2865,   1275,     49,  -1576,  -2816,  -2725,  -2931, 
     -3687,  -5806,  -6518,  -7035,  -7161,  -6963,  -7681,  -8503, 
    -10089, -12017, -13102,  -9097,  -3539,    509,   3077,   4553, 
      6029,   7998,  10821,  11263,  10886,  10005,   7238,   3057, 
       999,    818,   -435,   -676,   -764,  -1779,  -2716,  -1742, 
       661,   3842,   6780,   7550,   6899,   5625,   4994,   4187, 
      2679,   1253,     -6,  -1701,  -3635,  -4248,  -4225,  -3951, 
     -3977,  -4154,  -5241,  -6393,  -6572,  -7672,  -8995,  -9943, 
    -11033, -12563, -10431,  -5324,     15,   4021,   5333,   6022, 
      7521,  10014,  10129,   9421,   8004,   5690,   2970,    523, 
     -1457,  -3209,  -1668,   -197,   -408,  -1142,    246,   2761, 
      4992,   7165,   7694,   7775,   6333,   4094,   1916,    591, 
      -267,  -1502,  -2047,  -2630,  -2419,  -2570,  -3055,  -2689, 
     -2949,  -4047,  -5717,  -6117,  -7092,  -9536, -11562, -13107, 
    -14198, -11933,  -3719,   3409,   6610,   7643,   7570,   7552, 
      8025,   9622,   9425,   7225,   4588,   1382,  -2293,  -4443, 
     -4211,  -2323,    552,   1850,   1356,   1822,   4254,   6757, 
      7615,   7560,   6365,   4020,   1683,   -352,  -1486,  -1777, 
     -1555,  -1957,  -2750,  -2519,  -1569,   -918,   -606,  -1279, 
     -3200,  -4853,  -6982,  -9336, -11075, -12138, -13791, -14192, 
     -9101,   -953,   5160,   7653,   9570,  10349,   9650,   9302, 
      9147,   8119,   5338,   1789,  -2568,  -5148,  -5557,  -3855, 
     -1207,   1014,   3295,   3617,   4341,   6364,   8042,   8091, 
      6812,   4840,   2162,   -638,  -2916,  -3623,  -3786,  -2844, 
     -1734,  -1322,   -793,   -700,   -774,  -1301,  -2654,  -4794, 
     -7002,  -9086, -11220, -12906, -13813, -14063, -11042,  -3277, 
      4362,   8576,  10599,  12397,  12231,   9692,   7122,   5494, 
      4131,   1628,  -1549,  -4540,  -4651,  -2787,   -683,   1598, 
      4009,   6237,   6900,   6965,   6896,   6957,   5393,   2814, 
       124,  -2465,  -3116,  -3096,  -2789,  -1647,   -191,   1123, 
      1453,    592,   -315,  -1578,  -3426,  -6108,  -9541, -11904, 
    -12769, -13046, -12571, -12457, -10518,  -3913,   3817,   8875, 
     11064,  12704,  12651,   9554,   5810,   3157,   1449,    857, 
        45,  -1714,  -3069,  -2853,   -492,   2321,   5318,   8149, 
      8678,   6890,   4793,   3765,   2679,    915,   -594,  -1279, 
     -2027,  -2361,  -1613,   -607,   1037,   2744,   2914,   1217, 
     -1129,  -3616,  -5576,  -7833,  -9966, -11489, -12305, -12445, 
    -11990, -12169, -11283,  -5950,   1613,   8893,  11840,  13917, 
     13687,  10255,   6160,   2309,    503,   -639,  -1082,  -2787, 
     -3191,  -2734,   -543,   2087,   5054,   8796,  10021,   9671, 
      6703,   3992,   2045,      9,  -1398,  -2588,  -3198,  -2387, 
      -870,   -132,    599,   1601,   2694,   1389,   -356,  -1659, 
     -3903,  -7065, -10461, -12431, -13760, -12714, -11374, -10212, 
    -10122,  -6024,   2006,   8083,  11675,  13523,  15540,  11175, 
      4937,   -425,  -2550,  -1926,  -2078,  -1396,  -1019,   1481, 
      2799,   3274,   5037,   8421,   9804,   7843,   4992,   1618, 
       -64,  -2346,  -3678,  -3172,  -2663,   -937,    605,   1892, 
      2813,   2727,   2734,    756,  -2048,  -3725,  -6150,  -8495, 
    -10599, -13108, -14118, -11984,  -9102,  -8536,  -8315,  -3405, 
      3737,   7139,   9274,  12266,  12983,  10074,   4644,   1487, 
      -934,  -3041,  -2854,  -2495,     15,   2714,   4681,   5023, 
      6721,   8844,   8719,   6890,   3751,   2008,   -531,  -1847, 
     -2909,  -2651,   -671,    191,    839,   1421,   2054,   1373, 
       336,  -1418,  -2718,  -3759,  -5766,  -8217, -10522, -11873, 
    -12764, -12241, -10328,  -9346,  -8247,  -2863,   3277,   7702, 
     10404,  13242,  14023,   9462,   4105,   -100,  -2883,  -4390, 
     -3217,  -1421,    348,   2934,   5591,   7073,   7734,   9619, 
      8900,   6276,   4029,   1171,  -1947,  -4066,  -3488,  -2307, 
     -1239,    981,   2458,   3288,   3226,   2147,    334,  -1936, 
     -3776,  -5950,  -8407, -10464, -11346, -12436, -11939, -10494, 
     -9442,  -9187,  -7000,    -78,   4997,   7859,  10959,  13853, 
     13047,   7608,   1633,  -1661,  -4104,  -5369,  -3956,   -680, 
      4647,   6684,   7340,   8331,   9233,   9567,   6872,   3244, 
       929,   -962,  -2871,  -3341,  -3372,  -1120,   1290,   3198, 
      4473,   3445,   2757,    547,  -2910,  -4961,  -6556,  -7613, 
     -8101,  -9256, -10206, -10852, -10626,  -9543,  -9901,  -8941, 
     -4582,   1449,   6490,   8472,  11009,  13259,  10736,   4941, 
       458,  -2040,  -2898,  -3142,  -1731,   2113,   4809,   6561, 
      6102,   6437,   7837,   7414,   5914,   3389,   1471,   -139, 
     -2494,  -4119,  -2935,   -184,   2030,   3767,   4300,   3332, 
      1801,    -95,  -2074,  -4915,  -6928,  -8497,  -9647, -10518, 
    -11752, -11878, -10834,  -9383,  -9397,  -6804,  -1075,   4192, 
      7402,   9536,  12751,  12405,   7572,   2997,    247,  -1818, 
     -3673,  -3127,    167,   3137,   4706,   5318,   6326,   8206, 
      8645,   6991,   4482,   2653,    704,  -2085,  -4340,  -4186, 
     -2705,   -515,   2149,   4080,   5300,   4178,   2442,   -899, 
     -3982,  -5204,  -7177,  -8488,  -9608, -10448, -11912, -12114, 
    -10861, -10277,  -8660,  -3447,   2382,   6226,  10229,  12791, 
     12937,   9604,   5374,    776,  -3928,  -5289,  -4405,  -2177, 
      1964,   5078,   6739,   8033,   7922,   7968,   6333,   4784, 
      3073,    194,  -1385,  -2787,  -3362,  -2704,   -716,   1008, 
      3089,   4085,   3965,   2794,   -581,  -2356,  -5584,  -7754, 
     -7345,  -7358,  -7611,  -9326, -10380, -10872, -10168,  -8266, 
     -5505,  -1248,   3480,   6180,   7641,  10798,  10398,   7009, 
      3929,    883,  -1216,  -2735,  -1459,    729,   2787,   5659, 
      6499,   6678,   7049,   5913,   4816,   3532,   1728,    409, 
     -1668,  -2598,  -2270,  -1496,    -70,   1158,   2867,   3319, 
      1992,    340,  -1259,  -3316,  -5132,  -6855,  -8793,  -9398, 
     -9337,  -9203,  -9735,  -9304,  -8696,  -8534,  -6067,  -1493, 
      3967,   7709,  11315,  13140,  11184,   7620,   2731,  -2051, 
     -4446,  -3976,  -1458,   2370,   6270,   8698,   8676,   8256, 
      7157,   3945,   1192,    591,    711,    149,   -596,   -724, 
     -1152,  -1072,   -458,   1002,   2741,   3589,   2838,     37, 
     -2404,  -5014,  -7281,  -8685,  -9292,  -9188,  -9151,  -9331, 
     -9808,  -9758,  -9235,  -7072,  -2850,   1950,   6226,  10292, 
     13690,  12261,   7828,   3191,  -1029,  -3627,  -5029,  -2417, 
      2062,   5875,   8674,   8877,   7462,   6174,   4108,   1946, 
       699,    606,   1216,   -407,  -1067,   -894,  -1414,   -623, 
       950,   2106,   3162,   3308,   1821,   -188,  -2828,  -5213, 
     -7508,  -9268, -10308, -11162, -10847,  -9878,  -8486,  -7076, 
     -7253,  -5123,   -193,   3300,   5398,   9108,  12952,  10707, 
      6152,   2939,    293,  -2363,  -3169,  -1606,   1350,   5146, 
      7119,   7985,   7903,   7210,   4454,   1949,   1071,   -126, 
     -1209,  -1502,  -1234,  -1011,    424,   1924,   2971,   3369, 
      3455,   2308,    475,  -1862,  -5034,  -6578,  -8526, -10169, 
    -10439,  -9674,  -8501,  -8570,  -8852,  -9458,  -8066,  -2758, 
      1856,   4640,   9004,  13096,  12774,   8719,   3695,   -144, 
     -2669,  -4850,  -4238,   -246,   5803,   8944,   8154,   7753, 
      6938,   4227,    760,   -549,   -673,   -225,    295,     40, 
      -486,    -64,    926,   1032,   1771,   3630,   3942,   2107, 
       525,  -1655,  -4379,  -6552,  -8602,  -9829, -10276, -10014, 
     -9533,  -9313,  -9128,  -9738,  -6898,  -1564,   3098,   7312, 
     11323,  13235,  10841,   6827,   2938,   -100,  -3413,  -3807, 
     -1939,   1942,   6168,   7567,   7899,   6999,   5549,   3094, 
       718,    -40,    732,    399,   -263,  -1012,  -1574,   -989, 
      -858,    282,   2189,   3475,   3729,   2871,   1063,  -1361, 
     -4715,  -7917,  -9751, -10881, -11276, -10557,  -8944,  -8630, 
    -10271,  -8909,  -4323,   -222,   4171,   9052,  14146,  14978, 
     11436,   7435,   2764,  -1545,  -5431,  -6676,  -3793,   1126, 
      5261,   8140,   9044,   9777,   7836,   2417,   -604,  -2140, 
     -2289,  -2144,  -1341,    276,   1823,   2304,   2195,   1814, 
      2154,   2448,    610,    254,   -543,  -1632,  -4213,  -7122, 
     -8966, -11705, -13102, -12874, -11301, -10578,  -8039,  -2489, 
      2097,   4913,   8095,  10875,  11235,   9417,   6183,   3526, 
      1233,  -2161,  -4622,  -3600,    284,   3094,   4462,   6924, 
      8309,   7144,   4003,   1093,   -490,   -829,  -1951,  -2198, 
         2,   2126,   2741,   2225,   3147,   3221,   1267,   -136, 
      -136,  -1067,  -2289,  -3014,  -4987,  -7400,  -9345, -10757, 
    -11999, -11328,  -8841,  -9348,  -8041,  -2578,   2288,   4884, 
      7370,  12427,  12582,   9544,   7055,   4234,    139,  -3441, 
     -4580,  -3931,  -1148,   2038,   5492,   6634,   8378,   7381, 
      3796,   2166,    530,   -240,  -1222,  -1006,     64,     37, 
        93,   1160,   1372,   1555,   1741,   1166,   1384,   -380, 
     -1692,  -3478,  -7331,  -9073, -10900, -12072, -12013, -10161, 
     -7714,  -7396,  -5376,    -43,   3565,   4816,   8774,  12221, 
     11938,   8701,   5584,   3653,  -1031,  -4489,  -4839,  -3296, 
       287,   3120,   5754,   8458,   9394,   7556,   4516,   1581, 
       -96,  -1777,  -3170,  -2579,  -1616,    -98,    795,   1201, 
      1695,   2160,   1616,    655,   -356,  -1185,  -2229,  -5025, 
     -6947,  -8449,  -9130, -10761, -11577,  -9535,  -8172,  -8113, 
     -6514,   -661,   3942,   6468,   9473,  12545,  12702,   9884, 
      5960,   1570,  -1564,  -3606,  -4460,  -2789,   1629,   5357, 
      7475,   8517,   8484,   6088,   2834,    252,  -1849,  -2924, 
     -2520,   -992,   -132,    949,   1715,   1459,    826,    428, 
       331,   -476,   -952,  -1088,  -2554,  -4139,  -6197,  -8685, 
    -10242, -10691, -10684, -10190,  -9392,  -8470,  -5406,   -573, 
      3794,   6750,  10639,  13765,  12844,   9614,   6534,   2894, 
     -1412,  -4827,  -5459,  -2980,    668,   4016,   6582,   8523, 
      8511,   6628,   3836,   1775,     71,   -648,   -706,   -384, 
      -145,      9,    156,  -1011,  -1012,   -812,   -273,   -301, 
       -65,    123,  -1465,  -3217,  -6175,  -8391, -10573, -11656, 
    -12437, -12330, -10983, -10331,  -5380,    782,   6016,   9273, 
     13226,  15320,  12064,   8354,   4675,    579,  -4694,  -6126, 
     -4566,  -1846,   1938,   5907,   9304,  10136,   8952,   6318, 
      2916,    -18,  -1877,  -2914,  -2930,  -1377,    204,    437, 
      1206,   1747,   1791,    652,    533,    938,    -68,  -1270, 
     -1919,  -3963,  -7799, -10418, -12229, -12664, -12889, -11157, 
     -9718,  -7440,  -1824,   3072,   5023,   7676,  12344,  12225, 
      9620,   7420,   6065,   1673,  -2539,  -2830,  -3015,  -1504, 
      1403,   4120,   5657,   7674,   7622,   5251,   3137,   2300, 
       861,  -1669,  -1550,   -304,   -273,   -897,   -650,   -179, 
        -5,   -195,    104,    546,    558,    -51,  -1910,  -4578, 
     -7104,  -8988, -11005, -11891, -11567, -10379,  -9646,  -7636, 
     -2827,   1837,   4906,   8106,  12626,  12792,  10538,   8269, 
      5475,    999,  -3347,  -3329,  -2976,  -1115,   1851,   4781, 
      6537,   7440,   6835,   4381,   3371,   1791,    443,   -771, 
      -322,    540,    -89,    143,     -7,   -565,  -1143,  -1178, 
      -702,   -495,   -167,   -209,  -1435,  -3727,  -6063,  -8070, 
    -10584, -11990, -12323, -11562, -11402, -10186,  -4691,    629, 
      4535,   8727,  13920,  14797,  12123,  10002,   6397,   1113, 
     -3062,  -4705,  -4943,  -2809,   1191,   4277,   6889,   9041, 
      8123,   5384,   3023,   1703,   -591,  -1282,    145,   1296, 
      1372,   1164,   1093,   -720,  -1784,  -2100,  -1684,  -1419, 
      -305,    216,   -586,  -1859,  -4550,  -7385, -10622, -12505, 
    -13249, -12733, -12279,  -9563,  -4076,    487,   4199,   8393, 
     12300,  12294,  11075,   9710,   5950,   1504,  -1243,  -3455, 
     -4030,  -2048,    820,   3033,   5242,   7416,   6925,   5596, 
      4866,   3592,   1543,    811,    934,    593,     47,    108, 
      -121,  -1312,  -1327,  -1038,  -1370,  -1072,   -202,   -181, 
      -758,  -1758,  -3741,  -6659,  -8615, -10222, -12311, -13034, 
    -12741, -11707,  -8836,  -3571,   1858,   6582,  10953,  14456, 
     13964,  10848,   8189,   3907,  -1176,  -4312,  -3842,  -2570, 
     -1110,   2414,   5628,   6751,   6721,   5683,   3686,   1970, 
      1548,   1363,    896,   1696,   2729,   2023,    311,   -626, 
     -1383,  -2151,  -1947,   -924,    254,   1454,   1607,   -394, 
     -3196,  -6197,  -9709, -12653, -13804, -13714, -13271, -12357, 
     -8194,  -2802,   1163,   5243,   9864,  13127,  12360,  10915, 
      9289,   5381,    846,  -1835,  -3724,  -3415,  -1581,    332, 
      2674,   4887,   6458,   5013,   3774,   3548,   3146,   1887, 
      1767,   2475,   2611,   1797,    458,    -82,  -1271,  -1460, 
     -1647,  -1559,   -316,   1004,    789,   -313,  -1020,  -3167, 
     -6798,  -9776, -11055, -12269, -13003, -12788, -11159,  -7127, 
     -2600,   1697,   6233,  10480,  13511,  13044,  11031,   8254, 
      4332,     32,  -3357,  -3493,  -2534,  -1069,   1175,   3673, 
      4894,   5051,   3769,   2220,   1645,   1173,   1065,   1270, 
      2875,   3897,   3076,   1081,    128,   -630,  -2139,  -3083, 
     -1795,    354,    895,   1206,    600,  -1200,  -4442,  -7911, 
    -11080, -12892, -13092, -12165, -11338,  -9064,  -3919,   -148, 
      2777,   6263,  10521,  11467,  10919,  10880,   8448,   4829, 
      1617,   -707,  -2968,  -3019,  -1617,   -401,   1105,   3258, 
      4256,   3359,   2730,   2768,   2047,   1220,   1540,   2205, 
      2383,   2453,   1890,    542,   -129,   -981,  -2439,  -2901, 
     -1441,   -704,   -495,   -178,   -525,  -2482,  -5130,  -7604, 
    -10493, -12175, -12768, -13119, -12313,  -7922,  -2309,   1867, 
      6241,  11868,  14444,  13562,  11584,   9108,   5489,   1178, 
     -1762,  -3372,  -2308,   -618,    562,   1899,   3762,   4620, 
      3227,   1563,   1425,   1737,   1367,   1382,   2082,   2803, 
      2577,   1300,   -347,   -987,   -928,  -1636,  -2238,   -607, 
      1164,    634,   -676,  -1259,  -2840,  -6453,  -9305, -10980, 
    -12270, -13004, -12560, -12252,  -9676,  -3982,    566,   4139, 
      9088,  14746,  15331,  12793,  10832,   7951,   2788,  -2168, 
     -4095,  -3787,  -2461,   -493,   2238,   4659,   6725,   6345, 
      3953,   2102,   1427,    403,   -828,   -154,   1821,   2584, 
      1859,    972,     80,   -623,  -1523,  -2361,  -1987,    170, 
      1775,   1149,     25,   -590,  -3703,  -8377, -11279, -13083, 
    -14627, -14693, -13457, -11486,  -6349,    -57,   3757,   6102, 
     11057,  13929,  12059,  10250,   9355,   7008,   2211,   -100, 
      -832,  -1636,  -1337,    -38,   1222,   2389,   3599,   3244, 
      2474,   2792,   2646,   1340,   1350,   2351,   2324,   1347, 
      1199,    819,     -8,   -688,  -1080,   -553,    -43,    620, 
       325,   -357,  -1212,  -3372,  -6274,  -8785, -10578, -12430, 
    -13217, -12739, -11988, -10179,  -5695,   -985,   2596,   7148, 
     11473,  13451,  13037,  11857,   9288,   5719,   2295,   -769, 
     -2267,  -2180,  -1334,   -812,    647,   2369,   2691,   2050, 
      1732,   2184,   1854,   1573,   2323,   3222,   3247,   2969, 
      2298,   1151,     72,   -659,   -963,  -1218,   -344,    395, 
       388,   -517,  -1813,  -3206,  -6042,  -8804, -10933, -11857, 
    -12585, -12619, -11795,  -9733,  -5359,  -1189,   3007,   6926, 
     11248,  13472,  12802,  11345,   9019,   6047,   1715,   -901, 
     -1792,  -2128,  -1990,   -936,    745,   1639,   2326,   1953, 
      1875,   2473,   2455,   2342,   2932,   3776,   3323,   2593, 
      2358,   1302,    154,   -374,   -715,   -868,   -611,    263, 
       110,  -1035,  -1804,  -3125,  -6017,  -8847,  -9999, -11197, 
    -12221, -11383, -10155,  -9560,  -6930,  -2321,   1004,   3812, 
      8337,  11920,  12228,  11500,  10489,   8145,   4431,   1681, 
      -536,  -2173,  -1924,  -1445,  -1015,   -171,   1660,   2007, 
      1044,   1227,   1948,   2170,   2081,   3021,   4014,   4184, 
      3627,   2783,   1702,    812,    270,   -726,  -1389,   -615, 
       -12,  -1312,  -2412,  -2809,  -4651,  -7516,  -8630,  -9291, 
    -10782, -11017, -10299, -10188,  -8990,  -4933,   -983,   1908, 
      6166,  10824,  12174,  11306,  10706,   9013,   5566,   2635, 
       816,   -961,  -1414,   -643,   -762,  -1005,     54,    494, 
      -419,   -469,    706,   1406,   2235,   3706,   4918,   5457, 
      5315,   4316,   2624,   1490,    408,  -1090,  -1711,   -769, 
        47,   -519,   -517,   -503,  -2424,  -5235,  -6794,  -7866, 
     -9933, -10828, -10555, -10323, -10269,  -8499,  -5019,  -1657, 
      1716,   5322,   9064,  10813,  10891,   9992,   8766,   6563, 
      3535,   1247,   -156,   -926,  -1822,  -1777,  -1520,  -1082, 
      -708,   -571,   -211,    377,   1390,   2100,   3352,   4305, 
      4782,   4991,   4309,   3200,   2235,   1616,    221,   -433, 
       -18,     76,   -498,  -1058,  -1476,  -2893,  -4973,  -6740, 
     -7567,  -8829, -10133, -10014,  -9310,  -9850,  -9302,  -5702, 
     -2207,     64,   3532,   8326,  10336,   9855,   9537,   8853, 
      6328,   3220,   1506,    499,   -147,   -359,   -361,      0, 
       425,     98,   -722,   -851,   -318,   -259,    118,   1480, 
      3393,   4690,   5100,   5451,   5242,   4159,   2444,    986, 
      -153,   -857,   -918,   -990,  -1029,  -1050,  -1709,  -3129, 
     -4914,  -6527,  -8035,  -9377,  -9820,  -9610,  -9554,  -9791, 
     -7641,  -4208,  -2398,    -84,   4554,   8343,   8630,   9458, 
     10735,   9188,   5982,   3832,   2586,    530,   -773,  -1117, 
      -971,   -533,   -476,   -962,  -1429,   -676,   -115,   -144, 
       883,   3064,   4459,   4741,   5079,   5215,   4656,   3563, 
      2115,    829,    417,   -218,  -1113,  -1323,  -1108,  -1631, 
     -2791,  -3838,  -5415,  -6700,  -7544,  -8982, -10261,  -9734, 
     -8778,  -9553,  -8344,  -4013,  -1138,     96,   3822,   8013, 
      8314,   8313,   9370,   8254,   5908,   5212,   4103,   1869, 
      1522,   1260,   -413,  -1196,   -483,  -1167,  -2462,  -1704, 
      -670,   -359,    329,   2308,   3626,   4086,   4856,   4987, 
      4552,   3954,   3404,   1717,    517,    408,   -533,  -1766, 
     -2028,  -1819,  -3011,  -4269,  -4846,  -5585,  -6701,  -7682, 
     -7997,  -8240,  -8521,  -8565,  -7525,  -5188,  -2755,   -789, 
      1822,   5182,   6932,   6651,   7157,   7828,   6479,   4695, 
      4591,   4436,   2886,   2073,   1570,    730,   -201,   -871, 
     -1498,  -1604,   -782,   -711,   -494,    574,   2136,   2720, 
      2676,   3394,   4154,   4068,   2919,   2448,   2317,   1497, 
       131,   -717,   -859,  -1515,  -2482,  -3454,  -3929,  -4547, 
     -5549,  -6599,  -7300,  -7442,  -8263,  -9123,  -8726,  -6698, 
     -4651,  -3022,   -164,   3100,   5419,   6124,   6622,   7203, 
      6684,   5350,   4165,   4349,   4229,   3475,   3007,   2843, 
      2268,    803,   -471,  -1504,  -1779,  -1867,  -1924,  -1051, 
       673,   1861,   2153,   2838,   3356,   3168,   2875,   2612, 
      2016,   1752,   1770,    846,   -206,   -352,   -928,  -2541, 
     -3645,  -3998,  -4883,  -5767,  -6091,  -6549,  -6675,  -6312, 
     -6689,  -7056,  -5549,  -3634,  -3104,  -1796,   1111,   2981, 
      3667,   4332,   5211,   5710,   5524,   4481,   3814,   4945, 
      4736,   3117,   2843,   3541,   2457,    232,   -112,   -333, 
     -1043,  -1475,  -1142,   -198,    580,   1146,   1048,   1851, 
      3035,   2839,   2176,   2320,   2728,   1624,    401,    220, 
      -213,  -1203,  -2254,  -2757,  -3173,  -3736,  -4173,  -4737, 
     -5207,  -5766,  -6154,  -6717,  -7400,  -6531,  -4873,  -3786, 
     -2658,   -154,   1931,   2123,   2661,   3804,   4371,   3964, 
      3686,   4095,   4703,   4972,   4330,   4140,   4336,   3410, 
      1547,    471,    555,    -84,   -948,   -639,    196,    257, 
        -6,    591,   1159,   1468,   1780,   1943,   2289,   2687, 
      2400,   1375,    963,    606,   -757,  -1714,  -1757,  -2091, 
     -2895,  -3196,  -3280,  -4026,  -4937,  -5708,  -6208,  -6614, 
     -7214,  -6844,  -5207,  -3523,  -2771,  -1266,   1214,   2088, 
      1786,   2251,   3557,   3573,   3199,   3980,   4916,   5424, 
      5242,   4912,   4187,   3535,   2370,    533,   -179,   -132, 
      -426,  -1101,   -537,    445,    532,    608,    969,   1543, 
      1773,   1951,   2122,   2429,   2524,   1693,    964,    604, 
      -118,  -1353,  -1863,  -1768,  -2259,  -2860,  -3026,  -3152, 
     -4050,  -5234,  -5843,  -6132,  -6598,  -6859,  -5596,  -3803, 
     -2908,  -2033,   -358,   1287,   1453,   1527,   2297,   3170, 
      3508,   3209,   3838,   4856,   5313,   4539,   3923,   3993, 
      3056,   1552,    334,    300,    171,   -281,   -315,      6, 
       603,    497,    516,   1049,   1734,   1820,   1607,   2196, 
      2565,   2077,   1217,    846,    502,   -421,  -1306,  -1650, 
     -1508,  -1863,  -2695,  -3150,  -3363,  -4341,  -5808,  -6649, 
     -6933,  -6826,  -6273,  -5194,  -3920,  -2308,   -855,   -163, 
       677,   1555,   1945,   1984,   2661,   3550,   3798,   4229, 
      4700,   4915,   4702,   4218,   3320,   2291,   1744,    812, 
        -9,    -74,    168,      9,    -55,    440,    678,    809, 
      1017,   1362,   1615,   2026,   2406,   2307,   1885,   1222, 
       762,    -69,  -1014,  -1532,  -1610,  -1547,  -1806,  -2152, 
     -2668,  -3013,  -3886,  -5335,  -5963,  -6045,  -6308,  -6216, 
     -4865,  -3676,  -3110,  -1735,   -517,    -70,    660,   1791, 
      2084,   2201,   3548,   4424,   4292,   4576,   5271,   4880, 
      3671,   3196,   2551,   1439,    598,    223,    -11,    -56, 
       187,     30,    300,    967,   1076,    933,   1541,   2208, 
      2022,   2147,   2363,   2002,   1253,    604,   -100,   -782, 
     -1015,  -1433,  -1712,  -1610,  -1843,  -2685,  -3460,  -4050, 
     -5172,  -6286,  -6682,  -6557,  -6116,  -5316,  -4246,  -3164, 
     -1889,   -641,    -28,    613,   1734,   2363,   2472,   3285, 
      4406,   4388,   4288,   5059,   4958,   3660,   3035,   2943, 
      1770,    574,    472,    519,    218,     32,    175,    487, 
       991,   1012,    842,   1482,   2254,   2113,   1749,   2184, 
      2430,   1735,    785,    386,    262,   -522,  -1209,  -1070, 
      -873,  -1466,  -2379,  -2771,  -3620,  -4808,  -5938,  -6915, 
     -7200,  -6874,  -6052,  -5372,  -4015,  -2704,  -1960,   -743, 
       175,    742,   1234,   2422,   3183,   3419,   4423,   4874, 
      4847,   4711,   4341,   3379,   2751,   2516,   1288,    444, 
       628,    655,     52,    -76,    299,    577,    824,    932, 
      1299,   2166,   2650,   2286,   2498,   2949,   2501,   1576, 
       876,    328,   -400,   -985,  -1351,  -1173,  -1017,  -1650, 
     -2388,  -2782,  -3567,  -5064,  -6152,  -6734,  -7004,  -6678, 
     -5901,  -4666,  -3501,  -2406,  -1478,   -690,    -77,    349, 
      1156,   1804,   2660,   3530,   4082,   4479,   4721,   4693, 
      3789,   3243,   2859,   2077,   1414,   1073,   1093,    774, 
       477,    305,    387,    448,    223,    545,   1178,   1692, 
      1997,   2459,   2927,   2877,   2551,   1984,   1399,    891, 
       168,   -512,   -652,   -589,  -1001,  -1860,  -2454,  -3063, 
     -4499,  -5844,  -6606,  -7354,  -8155,  -7862,  -6487,  -5419, 
     -4179,  -2630,  -1184,    -86,    546,   1025,   1684,   2845, 
      3334,   3577,   4489,   4985,   4967,   4800,   4336,   3184, 
      2521,   1998,    784,    125,    299,    360,    -82,    197, 
       320,    175,    432,    564,    954,   1654,   2501,   2866, 
      3411,   4036,   3505,   2798,   2271,   1356,    212,   -392, 
      -424,   -818,   -922,   -785,  -1568,  -2664,  -3703,  -5167, 
     -6850,  -7849,  -8488,  -9275,  -8410,  -6507,  -5470,  -4276, 
     -2011,   -321,    265,   1501,   2511,   3181,   4182,   4704, 
      4766,   5337,   5793,   4451,   3532,   3253,   1803,    164, 
      -233,   -196,   -949,   -873,   -448,   -235,     61,    161, 
       364,    765,   1661,   1947,   2435,   3836,   4597,   4418, 
      4177,   4380,   3620,   2168,   1346,    889,    429,   -215, 
      -851,  -1198,  -1570,  -2746,  -4174,  -5029,  -6012,  -7462, 
     -8373,  -8896,  -9651,  -9386,  -7623,  -5740,  -3719,   -852, 
      1511,   2906,   4192,   5258,   5162,   4820,   5222,   4884, 
      4354,   4115,   3315,   2067,    825,   -353,  -1981,  -2597, 
     -2349,  -2387,  -1680,   -305,    746,   1147,   1826,   2359, 
      2389,   2556,   2935,   3796,   4579,   5264,   5516,   5478, 
      5252,   4012,   2401,   1136,    505,   -202,   -881,   -925, 
     -1025,  -1544,  -2904,  -4583,  -5518,  -6460,  -8247,  -9343, 
     -8952,  -9283,  -9923,  -8056,  -5158,  -3557,  -1392,   1761, 
      3537,   4411,   5261,   5118,   4312,   4537,   4539,   2844, 
      2182,   2587,   1602,   -651,  -1879,  -2213,  -3259,  -3346, 
     -2556,  -1457,    192,   1806,   2612,   2738,   3661,   3919, 
      3252,   3198,   3977,   5069,   5341,   5493,   5573,   5243, 
      4348,   2730,   1273,    291,    123,   -129,   -582,   -393, 
      -369,  -1230,  -2991,  -4396,  -5441,  -6672,  -7847,  -8615, 
     -8335,  -9015,  -9802,  -7968,  -5115,  -3260,  -1545,   1566, 
      3845,   4569,   4756,   4327,   4011,   3760,   2968,   1626, 
      1426,   1561,    326,  -1257,  -2306,  -2903,  -3571,  -3497, 
     -2419,   -716,   1208,   2480,   3106,   3602,   4187,   3805, 
      2968,   3239,   4271,   4877,   5020,   5536,   5827,   5010, 
      3558,   2535,   1546,    413,    192,    603,    617,    360, 
       -85,  -1114,  -2568,  -4126,  -5284,  -6299,  -6870,  -7214, 
     -7567,  -8160,  -9410,  -8610,  -6532,  -5006,  -2769,    358, 
      3051,   4116,   4791,   4744,   3665,   2943,   2390,   1451, 
       936,   1151,    696,   -703,  -2335,  -3126,  -3672,  -4132, 
     -3184,  -1342,    684,   2437,   3638,   4271,   4758,   4652, 
      3673,   3312,   3873,   4217,   4268,   4925,   5465,   5097, 
      4184,   3303,   2562,   1698,   1102,    862,    964,   1149, 
       887,   -147,  -1442,  -2631,  -3951,  -5161,  -5989,  -6603, 
     -7260,  -7577,  -9205, -10625,  -8421,  -6007,  -5134,  -2625, 
      1767,   4023,   3474,   3748,   4245,   3020,   1848,   1698, 
      1607,   1562,   1404,    451,  -1441,  -3139,  -3895,  -4921, 
     -5101,  -3108,   -409,   1639,   3318,   4880,   5164,   4572, 
      3855,   3242,   3226,   3523,   4127,   5063,   5854,   6099, 
      5625,   4524,   3397,   2414,   1551,   1182,   1392,   1959, 
      2193,   2065,   1416,    -10,  -1832,  -3716,  -5005,  -5975, 
     -6755,  -7178,  -7359,  -8353,  -9835,  -9060,  -7371,  -6310, 
     -4329,  -1165,   1504,   2461,   3139,   3637,   3137,   2207, 
      1149,    473,    245,    143,   -640,  -1997,  -2675,  -3094, 
     -3914,  -4374,  -3196,   -733,   1030,   2124,   3621,   5027, 
      5460,   4701,   3981,   4318,   4687,   4298,   4234,   5212, 
      6068,   5831,   5005,   4414,   3952,   3113,   2285,   1942, 
      2076,   2289,   2072,   1646,   1115,     95,  -1561,  -3276, 
     -4581,  -5591,  -6697,  -7366,  -7659,  -9169,  -9761,  -8286, 
     -7140,  -6239,  -4162,  -1075,    369,    949,   2345,   2763, 
      2247,   1635,   1310,    620,    186,    149,   -868,  -1898, 
     -2454,  -2821,  -3653,  -3708,  -2342,  -1245,     40,   1607, 
      2939,   3782,   4250,   4325,   3870,   4080,   4512,   4497, 
      4732,   5440,   6160,   5968,   5391,   5105,   4534,   3661, 
      2988,   2839,   2670,   2327,   2320,   2190,   1513,    351, 
      -956,  -2251,  -3625,  -5036,  -5939,  -6340,  -7109,  -8088, 
     -8687,  -8475,  -7893,  -7071,  -5702,  -3987,  -2142,   -796, 
       173,    967,   1507,   1387,    669,    143,   -289,   -731, 
     -1450,  -1855,  -1882,  -2220,  -2242,  -1922,  -1241,   -503, 
        95,    904,   1597,   2350,   2937,   3107,   3414,   3898, 
      4167,   4082,   4322,   4844,   5115,   5362,   5576,   5751, 
      5702,   5530,   4992,   4213,   3886,   3293,   2363,   1731, 
      1481,   1035,     55,   -740,  -1260,  -1955,  -2807,  -3571, 
     -4246,  -5104,  -6124,  -6709,  -6768,  -6449,  -5719,  -4954, 
     -4097,  -3374,  -2798,  -2263,  -2064,  -1959,  -2020,  -2191, 
     -2290,  -2352,  -2377,  -2421,  -2294,  -2001,  -1729,  -1230, 
      -631,   -201,    271,    827,   1256,   1526,   1929,   2296, 
      2492,   2656,   2742,   2826,   2942,   3183,   3408,   3607, 
      4065,   4636,   4871,   4826,   4999,   5087,   4857,   4690, 
      4647,   4459,   4131,   3787,   3323,   2829,   2326,   1732, 
       992,    264,   -390,  -1218,  -2187,  -3231,  -4130,  -4599, 
     -4923,  -5184,  -5264,  -5281,  -5313,  -5617,  -5838,  -5908, 
     -6134,  -6308,  -6448,  -6397,  -6242,  -5968,  -5406,  -4808, 
     -4120,  -3299,  -2477,  -1756,  -1080,   -394,    243,    939, 
      1744,   2332,   2819,   3498,   3941,   4200,   4521,   4752, 
      4823,   4918,   5070,   5169,   5360,   5577,   5725,   5762, 
      5824,   5853,   5661,   5435,   5243,   4975,   4598,   4330, 
      4057,   3568,   3066,   2673,   2203,   1475,    634,   -289, 
     -1337,  -2362,  -3278,  -4090,  -4654,  -5012,  -5358,  -5778, 
     -6360,  -6907,  -7363,  -7773,  -8118,  -8292,  -8182,  -8078, 
     -7973,  -7589,  -7011,  -6552,  -6029,  -5139,  -4242,  -3456, 
     -2656,  -1823,   -990,   -186,    794,   1712,   2401,   3203, 
      4047,   4663,   5091,   5490,   5764,   5934,   6217,   6552, 
      6818,   7000,   7152,   7247,   7176,   7005,   6862,   6681, 
      6396,   6167,   5981,   5699,   5394,   5052,   4575,   4032, 
      3347,   2599,   1865,    904,   -129,  -1083,  -2079,  -3157, 
     -4221,  -5118,  -5788,  -6301,  -6711,  -7019,  -7493,  -8088, 
     -8518,  -8846,  -9082,  -9217,  -9152,  -8858,  -8565,  -8207, 
     -7621,  -6951,  -6227,  -5374,  -4470,  -3610,  -2776,  -1820, 
      -840,     46,    977,   1938,   2798,   3503,   4185,   4916, 
      5470,   5854,   6278,   6629,   6842,   7142,   7510,   7704, 
      7833,   8035,   8045,   7856,   7667,   7470,   7201,   6842, 
      6516,   6239,   5876,   5425,   4928,   4310,   3572,   2812, 
      1965,   1059,    186,   -719,  -1658,  -2644,  -3706,  -4797, 
     -5808,  -6530,  -7094,  -7627,  -8057,  -8537,  -9009,  -9393, 
     -9662,  -9755,  -9827,  -9720,  -9402,  -9046,  -8510,  -7957, 
     -7439,  -6627,  -5635,  -4598,  -3543,  -2492,  -1376,   -404, 
       528,   1535,   2447,   3202,   3876,   4645,   5282,   5816, 
      6351,   6706,   6989,   7219,   7458,   7677,   7830,   8041, 
      8178,   8208,   8183,   8049,   7777,   7415,   7114,   6868, 
      6559,   6169,   5719,   5196,   4552,   3870,   3152,   2309, 
      1425,    445,   -620,  -1658,  -2674,  -3746,  -4940,  -6061, 
     -6938,  -7549,  -8029,  -8482,  -8857,  -9305,  -9821, -10147, 
    -10272, -10356, -10311, -10015,  -9600,  -9108,  -8520,  -7839, 
     -7039,  -6119,  -5079,  -4034,  -3071,  -2087,  -1067,    -67, 
       906,   1833,   2746,   3617,   4416,   5187,   5926,   6590, 
      7137,   7543,   7833,   8126,   8433,   8660,   8858,   9000, 
      9016,   8919,   8745,   8577,   8324,   7968,   7646,   7258, 
      6775,   6249,   5684,   5032,   4226,   3412,   2582,   1673, 
       760,   -223,  -1236,  -2190,  -3215,  -4310,  -5395,  -6477, 
     -7334,  -7957,  -8455,  -8785,  -9190,  -9663, -10035, -10407, 
    -10659, -10652, -10538, -10350,  -9964,  -9432,  -8800,  -8139, 
     -7368,  -6398,  -5459,  -4473,  -3399,  -2403,  -1452,   -445, 
       693,   1739,   2622,   3538,   4415,   5168,   5837,   6529, 
      7165,   7591,   7980,   8380,   8634,   8820,   9029,   9215, 
      9231,   9102,   8980,   8697,   8365,   8089,   7728,   7373, 
      6952,   6498,   6000,   5332,   4637,   3902,   3112,   2310, 
      1491,    544,   -505,  -1457,  -2462,  -3569,  -4645,  -5709, 
     -6768,  -7653,  -8232,  -8693,  -9150,  -9553,  -9862, -10200, 
    -10589, -10670, -10558, -10476, -10159,  -9615,  -9033,  -8477, 
     -7815,  -6958,  -6054,  -5123,  -4130,  -3104,  -2135,  -1137, 
       -50,    939,   1895,   2840,   3676,   4428,   5136,   5883, 
      6551,   7041,   7466,   7889,   8261,   8564,   8863,   9073, 
      9165,   9224,   9132,   8911,   8673,   8404,   8148,   7858, 
      7529,   7152,   6609,   5992,   5355,   4617,   3790,   2926, 
      2056,   1133,    160,   -785,  -1754,  -2779,  -3786,  -4823, 
     -5930,  -6931,  -7682,  -8267,  -8760,  -9108,  -9389,  -9768, 
    -10180, -10406, -10482, -10528, -10400,  -9996,  -9503,  -8973, 
     -8250,  -7431,  -6615,  -5761,  -4843,  -3883,  -3011,  -2078, 
     -1052,   -110,    840,   1818,   2781,   3624,   4383,   5184, 
      5865,   6378,   6834,   7281,   7678,   8022,   8407,   8737, 
      8961,   9091,   9104,   9010,   8763,   8522,   8317,   8032, 
      7765,   7445,   7013,   6520,   5961,   5346,   4635,   3873, 
      3060,   2179,   1303,    412,   -487,  -1377,  -2296,  -3322, 
     -4474,  -5615,  -6670,  -7539,  -8082,  -8445,  -8817,  -9210, 
     -9587,  -9922, -10269, -10494, -10480, -10356, -10090,  -9603, 
     -8969,  -8334,  -7675,  -6832,  -5923,  -5039,  -4113,  -3167, 
     -2268,  -1395,   -388,    657,   1582,   2476,   3359,   4166, 
      4849,   5522,   6193,   6678,   7054,   7440,   7822,   8147, 
      8448,   8773,   8946,   8974,   8937,   8771,   8524,   8268, 
      8049,   7781,   7446,   7114,   6685,   6129,   5500,   4813, 
      4061,   3255,   2483,   1690,    827,    -67,  -1034,  -2071, 
     -3128,  -4209,  -5312,  -6326,  -7114,  -7677,  -8142,  -8562, 
     -8949,  -9420,  -9892, -10187, -10388, -10476, -10352, -10080, 
     -9641,  -9091,  -8523,  -7850,  -7119,  -6323,  -5368,  -4443, 
     -3551,  -2599,  -1680,   -702,    272,   1166,   2092,   2919, 
      3680,   4487,   5206,   5841,   6367,   6758,   7138,   7508, 
      7860,   8204,   8477,   8671,   8748,   8664,   8534,   8401, 
      8192,   7977,   7731,   7417,   7075,   6613,   6128,   5589, 
      4883,   4207,   3497,   2729,   1983,   1145,    266,   -661, 
     -1639,  -2659,  -3738,  -4834,  -5940,  -6827,  -7401,  -7822, 
     -8222,  -8668,  -9116,  -9607, -10004, -10227, -10395, -10415, 
    -10257,  -9865,  -9348,  -8850,  -8200,  -7504,  -6781,  -5863, 
     -4895,  -3993,  -3123,  -2226,  -1235,   -193,    766,   1692, 
      2595,   3391,   4227,   5031,   5678,   6267,   6734,   7100, 
      7439,   7783,   8203,   8582,   8815,   8965,   8995,   8876, 
      8721,   8546,   8325,   8080,   7823,   7543,   7142,   6659, 
      6138,   5486,   4782,   4062,   3295,   2526,   1733,    899, 
       -20,  -1002,  -2019,  -3150,  -4350,  -5510,  -6494,  -7234, 
     -7822,  -8260,  -8652,  -9180,  -9725, -10172, -10536, -10791, 
    -10880, -10775, -10573, -10193,  -9560,  -8937,  -8359,  -7589, 
     -6628,  -5702,  -4799,  -3764,  -2753,  -1830,   -820,    294, 
      1336,   2242,   3169,   4078,   4884,   5667,   6392,   6967, 
      7357,   7701,   8103,   8459,   8794,   9145,   9382,   9433, 
      9344,   9208,   9020,   8756,   8538,   8335,   7976,   7560, 
      7122,   6569,   5972,   5338,   4637,   3862,   3049,   2258, 
      1379,    423,   -492,  -1496,  -2642,  -3777,  -4971,  -6235, 
     -7228,  -7886,  -8428,  -8878,  -9263,  -9733, -10300, -10768, 
    -11042, -11248, -11364, -11182, -10831, -10469,  -9883,  -9150, 
     -8422,  -7613,  -6645,  -5530,  -4532,  -3567,  -2485,  -1491, 
      -492,    595,   1682,   2696,   3645,   4649,   5591,   6369, 
      7039,   7640,   8072,   8410,   8861,   9243,   9551,   9845, 
     10047,  10163,  10022,   9837,   9681,   9332,   8986,   8634, 
      8235,   7795,   7208,   6595,   5930,   5164,   4411,   3646, 
      2822,   1981,   1048,      2,  -1032,  -2138,  -3307,  -4462, 
     -5687,  -6855,  -7785,  -8429,  -8894,  -9344,  -9774, -10199, 
    -10678, -11100, -11328, -11441, -11453, -11267, -10916, -10447, 
     -9896,  -9163,  -8284,  -7390,  -6334,  -5202,  -4179,  -3200, 
     -2215,  -1215,   -224,    770,   1796,   2790,   3726,   4700, 
      5666,   6479,   7186,   7730,   8109,   8429,   8727,   9115, 
      9455,   9710,   9948,   9994,   9949,   9827,   9596,   9338, 
      8934,   8515,   8107,   7549,   6980,   6421,   5784,   5066, 
      4267,   3445,   2590,   1710,    809,   -219,  -1353,  -2507, 
     -3653,  -4831,  -6038,  -7131,  -8098,  -8859,  -9318,  -9676, 
    -10052, -10441, -10872, -11325, -11646, -11686, -11576, -11384, 
    -10967, -10362,  -9751,  -9057,  -8136,  -7132,  -6118,  -5050, 
     -3934,  -2897,  -1999,   -968,    131,   1153,   2271,   3381, 
      4429,   5409,   6290,   7171,   7839,   8278,   8751,   9131, 
      9393,   9761,  10143,  10391,  10512,  10522,  10448,  10185, 
      9832,   9572,   9201,   8710,   8225,   7649,   6947,   6197, 
      5451,   4680,   3786,   2878,   2048,   1099,     69,   -997, 
     -2123,  -3266,  -4488,  -5694,  -6844,  -7983,  -8953,  -9615, 
    -10030, -10437, -10867, -11237, -11594, -11926, -12190, -12169, 
    -12049, -11925, -11416, -10730, -10034,  -9288,  -8398,  -7272, 
     -6241,  -5107,  -3796,  -2724,  -1706,   -609,    494,   1549, 
      2563,   3711,   4877,   5873,   6844,   7839,   8586,   9115, 
      9597,   9889,  10014,  10138,  10389,  10723,  10838,  10865, 
     10869,  10597,  10216,   9875,   9502,   9013,   8429,   7874, 
      7251,   6470,   5732,   5034,   4180,   3262,   2403,   1517, 
       501,   -596,  -1720,  -2930,  -4242,  -5492,  -6687,  -7896, 
     -8894,  -9541, -10004, -10334, -10623, -11106, -11609, -12024, 
    -12381, -12614, -12610, -12339, -12037, -11547, -10713,  -9855, 
     -8979,  -7923,  -6672,  -5467,  -4447,  -3283,  -2130,  -1116, 
        46,   1344,   2579,   3714,   4962,   6173,   7132,   8013, 
      8859,   9391,   9571,   9831,  10122,  10240,  10448,  10798, 
     11082,  11106,  11003,  10856,  10432,   9898,   9493,   9060, 
      8461,   7917,   7466,   6844,   6120,   5429,   4650,   3683, 
      2708,   1771,    745,   -284,  -1326,  -2486,  -3660,  -4880, 
     -6246,  -7578,  -8725,  -9554, -10171, -10575, -10686, -11079, 
    -11724, -12129, -12508, -12909, -13090, -12904, -12564, -12235, 
    -11537, -10602,  -9751,  -8812,  -7606,  -6274,  -5110,  -4016, 
     -2795,  -1649,   -544,    747,   2107,   3381,   4520,   5687, 
      6822,   7683,   8436,   9128,   9554,   9827,  10171,  10471, 
     10670,  10885,  11177,  11406,  11291,  11037,  10740,  10263, 
      9804,   9395,   9016,   8517,   7913,   7386,   6664,   5832, 
      5039,   4172,   3240,   2243,   1323,    423,   -576,  -1586, 
     -2618,  -3753,  -4925,  -6111,  -7367,  -8672,  -9914, -10922, 
    -11428, -11578, -11728, -11821, -12084, -12536, -12895, -13031, 
    -12686, -12161, -11763, -11035, -10067,  -9175,  -8237,  -7063, 
     -5675,  -4484,  -3358,  -2148,  -1018,     85,   1305,   2571, 
      3664,   4688,   5692,   6694,   7626,   8322,   8890,   9290, 
      9488,   9741,  10031,  10173,  10241,  10431,  10624,  10787, 
     11015,  11199,  11314,  11196,  10909,  10506,  10048,   9573, 
      8741,   7806,   6921,   5924,   4835,   3449,   1752,    -46, 
     -1794,  -3501,  -5241,  -6762,  -8160,  -9875, -11691, -13273, 
    -15029, -16829, -17813, -17725, -16843, -15227, -12793, -10176, 
     -7941,  -6135,  -4778,  -4066,  -3998,  -4070,  -4193,  -4354, 
     -4180,  -3758,  -3226,  -2702,  -2217,  -1814,  -1724,  -1374, 
      -597,    419,   1668,   3243,   5168,   6783,   8086,   9118, 
      9655,   9882,  10005,  10108,  10043,  10061,  10492,  11049, 
     11197,  11124,  11131,  10635,   9774,   8814,   7812,   7244, 
      6799,   6301,   5771,   5060,   4064,   2496,    630,  -1202, 
     -2912,  -4415,  -5794,  -7122,  -8085,  -8679,  -9599, -10459, 
    -10852, -11426, -12268, -13018, -14264, -16001, -16113, -14104, 
    -11925,  -9399,  -4702,     82,   1903,   2051,   2437,   1890, 
      -752,  -3199,  -4093,  -4769,  -5263,  -4753,  -3691,  -2974, 
     -1853,   -243,   1028,   2453,   4553,   7008,   8854,  10253, 
     11671,  12459,  12103,  11063,  10107,   8765,   7276,   6375, 
      5855,   5879,   6289,   6941,   7183,   7070,   7253,   6976, 
      6254,   5636,   5396,   4982,   4278,   3740,   2960,   1831, 
       307,  -1210,  -2606,  -3952,  -4848,  -5737,  -6549,  -6983, 
     -7668,  -8774,  -9641, -10105, -10647, -11744, -13055, -13869, 
    -15113, -16153, -14989, -12221,  -8614,  -4078,    565,   3938, 
      5147,   4817,   3776,   1399,  -1489,  -3133,  -3502,  -3373, 
     -3390,  -2700,  -1078,   -395,   -120,   1263,   3293,   5403, 
      7379,   9535,  11432,  12104,  11613,  10380,   8453,   6445, 
      5123,   3978,   3398,   4058,   5460,   6564,   6791,   7212, 
      7568,   6756,   5821,   5416,   5183,   4670,   3811,   3108, 
      2200,   1041,   -294,  -1777,  -2664,  -2989,  -3304,  -3762, 
     -3937,  -3964,  -4614,  -5923,  -7405,  -8823, -10217, -11314, 
    -11947, -12420, -13469, -14750, -15123, -14115, -11335,  -7244, 
     -2344,   2565,   6046,   7291,   6157,   4296,   2060,  -1342, 
     -4124,  -4648,  -3888,  -3891,  -3778,  -2147,   -565,    249, 
      1302,   3625,   6395,   8438,  10206,  11283,  11273,  10263, 
      8498,   6230,   3997,   3104,   2746,   2535,   3478,   5132, 
      6330,   6430,   6610,   7087,   6771,   6122,   5449,   4722, 
      3761,   2560,   1477,    221,   -651,  -1057,  -1450,  -1597, 
     -1575,  -1419,  -1627,  -2105,  -2596,  -3554,  -4724,  -5952, 
     -7354,  -8866, -10189, -10942, -11935, -13329, -13967, -14840, 
    -15155, -12289,  -7632,  -3221,   1087,   5908,   8836,   7474, 
      5099,   3260,    -37,  -3902,  -5618,  -5014,  -4675,  -4388, 
     -2663,   -678,    562,   1669,   3808,   6071,   7705,   9323, 
     10328,  10177,   8817,   7087,   5009,   2743,   1815,   1820, 
      2362,   3462,   5019,   6334,   6315,   6702,   7411,   6976, 
      6265,   5705,   5066,   3389,   1403,    221,  -1043,  -1948, 
     -1997,  -1325,   -371,    433,   1061,   1052,    623,   -323, 
     -1823,  -3588,  -5073,  -6381,  -8496, -10089, -10900, -11817, 
    -12682, -13307, -12891, -12804, -12508,  -9332,  -5018,  -1274, 
      2439,   6146,   8133,   7000,   4636,   1998,  -1524,  -4589, 
     -5722,  -5833,  -5500,  -3652,  -1471,    -15,   1518,   3303, 
      5018,   6093,   7359,   8890,   8854,   7953,   7123,   5456, 
      3288,   1833,   1460,   1661,   2356,   3694,   4912,   5699, 
      6639,   7325,   6907,   6154,   5916,   5144,   3534,   2196, 
      1046,   -169,  -1217,  -1557,   -948,   -323,    591,   1698, 
      2034,   1831,    873,   -663,  -2287,  -4043,  -5638,  -7085, 
     -8309,  -9145,  -9533,  -9713, -10179, -10631, -10970, -11894, 
    -12834, -11182,  -6696,  -2525,   1405,   6311,   9077,   7891, 
      4733,   1625,  -1601,  -5028,  -6142,  -5135,  -3942,  -2164, 
      -812,   -107,    900,   1742,   2853,   4604,   6841,   8836, 
      9249,   8406,   6961,   4579,   1937,    556,    497,   1418, 
      3112,   4792,   6226,   6733,   6421,   6185,   5584,   4981, 
      4652,   4077,   3468,   2542,   1111,   -389,  -1493,  -1584, 
      -853,     43,   1415,   2811,   3043,   2336,   1102,   -214, 
     -1604,  -3295,  -4361,  -5262,  -6642,  -7949,  -9159,  -9895, 
    -10260, -10598, -10394, -10271, -11291, -11483,  -9070,  -5833, 
     -2392,   2162,   6644,   8213,   6782,   4971,   1875,  -2438, 
     -4794,  -5311,  -5061,  -3929,  -1994,   -469,     14,    939, 
      2129,   2756,   3826,   5978,   7809,   8301,   8104,   6850, 
      4747,   2647,   1157,    760,    785,   2243,   4477,   5289, 
      5957,   6480,   6207,   5572,   4728,   4657,   4286,   3083, 
      2210,    848,   -338,   -766,  -1247,   -579,    952,   2238, 
      2994,   2656,   2202,   1147,   -962,  -2568,  -3822,  -4697, 
     -5243,  -5913,  -6598,  -7585,  -8325,  -8922,  -9525,  -9683, 
     -9776, -10556, -11594,  -9860,  -6307,  -3639,    304,   5116, 
      7872,   7090,   4518,   2772,   -465,  -3956,  -4577,  -4144, 
     -3286,  -2416,  -1315,    -65,    167,   1158,   2411,   3300, 
      5327,   7185,   7934,   7672,   6503,   4719,   2563,   1074, 
       556,   1094,   2360,   3753,   5372,   6453,   6646,   6225, 
      5529,   5025,   4256,   3360,   2852,   2260,   1247,    219, 
      -247,   -138,     31,    451,   1659,   2501,   2269,   1717, 
       737,   -372,  -1507,  -2876,  -3763,  -4459,  -5189,  -6154, 
     -7580,  -8228,  -8344,  -8959,  -9547,  -9347,  -9045, -10483, 
    -11557,  -9186,  -5570,  -2236,   1984,   6280,   8000,   6634, 
      4290,   1009,  -2720,  -4818,  -5497,  -4944,  -3302,  -1224, 
       313,    750,   1570,   2568,   3104,   3873,   5249,   7072, 
      7537,   6624,   5450,   3812,   2026,    499,    298,   1454, 
      3075,   4598,   5558,   6786,   7323,   6257,   4999,   4247, 
      3886,   2986,   2175,   2050,   1317,    478,    -45,   -326, 
       123,    994,   2023,   2609,   2528,   2105,   1081,   -398, 
     -1891,  -3007,  -3902,  -5074,  -5912,  -6251,  -6811,  -7457, 
     -7584,  -7361,  -7809,  -8251,  -8437, -10261, -11820, -10390, 
     -7324,  -4024,   -391,   3920,   7077,   6988,   4862,   2064, 
      -910,  -3434,  -5330,  -5368,  -3069,  -1193,   -655,    208, 
      1282,   1995,   2005,   2610,   4832,   6520,   7226,   7216, 
      6424,   5601,   4009,   1941,    867,   1159,   2084,   2940, 
      4167,   5932,   6867,   6022,   5231,   4807,   4021,   3513, 
      2713,   2599,   2417,   1017,    422,     38,     66,    423, 
       430,   1494,   2046,   1754,   1293,    108,   -921,  -2195, 
     -3595,  -4505,  -5294,  -5643,  -5910,  -6600,  -7081,  -7118, 
     -7597,  -8471,  -9019,  -9830, -11434, -12049,  -9661,  -6166, 
     -2967,   1672,   6333,   7847,   6551,   4514,   1736,  -2050, 
     -4567,  -4931,  -4342,  -3136,  -1502,    243,   1376,   1856, 
      2517,   3177,   4072,   5394,   6794,   7689,   7092,   6072, 
      4928,   2943,   1321,    707,   1352,   2467,   3523,   5218, 
      6533,   7006,   6551,   5506,   4735,   3742,   2815,   2107, 
      1639,   1502,   1162,    724,    120,   -139,    225,    771, 
      1271,   1627,   1935,   1431,    221,  -1223,  -2836,  -4300, 
     -5688,  -6407,  -6838,  -6945,  -6552,  -6523,  -6437,  -6956, 
     -7617,  -8456, -10822, -12230, -11171,  -8262,  -5220,  -1929, 
      3214,   6067,   5463,   4430,   2898,    570,  -2514,  -4033, 
     -3368,  -2804,  -1928,   -851,    365,   1424,   1345,   1691, 
      2856,   4309,   5742,   6675,   7557,   7671,   6523,   4506, 
      2676,   1889,   1077,   1001,   2352,   4164,   5928,   6566, 
      6660,   6341,   5281,   4388,   3232,   2845,   3065,   2377, 
      1694,   1042,    683,    253,   -613,   -243,    694,   1132, 
      1281,   1402,   1372,    283,   -930,  -1961,  -3619,  -5012, 
     -5995,  -6661,  -7276,  -8008,  -7622,  -7040,  -7257,  -7669, 
     -8165,  -8661, -10358, -11131,  -8481,  -5478,  -2031,   2277, 
      5107,   6149,   4963,   2583,   -780,  -3959,  -4298,  -4327, 
     -4062,  -1697,    667,   1665,   1502,   2142,   3245,   2990, 
      3194,   4834,   6497,   6768,   6130,   5774,   4952,   3476, 
      2124,   1660,   2415,   3352,   4156,   5251,   6474,   7108, 
      6277,   5159,   4742,   3911,   2904,   2290,   2112,   2026, 
      1163,    541,    377,    149,    398,    712,   1062,   1090, 
       744,    416,   -716,  -1946,  -2802,  -3580,  -4274,  -5173, 
     -5416,  -5696,  -6647,  -7250,  -7855,  -8352,  -8817,  -9335, 
     -9985, -10978,  -9780,  -7133,  -5656,  -3085,   1318,   4665, 
      4866,   3917,   3693,   1283,  -2543,  -4284,  -4160,  -3500, 
     -2990,  -1523,    393,   1257,   1927,   2609,   3624,   4781, 
      5606,   6300,   6423,   6559,   6201,   4862,   3795,   3129, 
      2600,   1964,   2159,   3712,   4883,   5296,   5859,   6444, 
      6110,   5122,   4607,   4074,   2865,   1738,   1154,    516, 
        -2,     68,    380,    809,   1452,   2055,   1798,   1026, 
       392,   -737,  -2126,  -3367,  -4202,  -4887,  -5760,  -6003, 
     -6107,  -6218,  -6131,  -6266,  -6280,  -6882,  -7800,  -8616, 
     -9951, -10682,  -9918,  -7420,  -4160,  -1070,   2366,   4654, 
      4752,   3384,   1507,   -187,  -2411,  -3881,  -3281,  -2089, 
     -1016,     70,   1350,   1893,   1534,   2208,   3347,   4090, 
      5206,   6336,   6808,   6271,   5336,   4468,   3302,   2437, 
      2328,   2748,   3622,   4741,   5636,   6258,   6444,   5775, 
      4829,   3993,   3310,   2658,   1991,   1876,   1537,    877, 
       510,    212,    345,    463,    507,    683,    644,    515, 
      -209,   -978,  -1568,  -2599,  -3673,  -4865,  -5804,  -6643, 
     -7437,  -7376,  -7102,  -6784,  -6673,  -6976,  -7362,  -8798, 
    -10075,  -9192,  -7056,  -4502,  -1343,   2039,   3962,   3742, 
      2893,   1080,  -1811,  -3257,  -3460,  -3592,  -2613,   -560, 
      1169,   1611,   1879,   2686,   2744,   2792,   3771,   4873, 
      5686,   6015,   5976,   5435,   4431,   3653,   2877,   2264, 
      2654,   3616,   4508,   5447,   6336,   6601,   5807,   4614, 
      3867,   3231,   2440,   1895,   1922,   1942,   1336,    772, 
       610,    594,    518,    368,    453,    402,      1,   -622, 
     -1353,  -1954,  -2887,  -3952,  -4507,  -4921,  -5466,  -5951, 
     -6238,  -6454,  -6719,  -6908,  -6862,  -7009,  -7750,  -8833, 
     -9503,  -8160,  -5621,  -3518,   -615,   2553,   4202,   3586, 
      1697,    738,   -826,  -3220,  -3927,  -3072,  -1555,   -665, 
       424,   2360,   2873,   2906,   3395,   3598,   4167,   4921, 
      5545,   5499,   4924,   4803,   4135,   2943,   2685,   3284, 
      3855,   4025,   4740,   5945,   6052,   5441,   5059,   4540, 
      3622,   2724,   2429,   2253,   1923,   1782,   1401,    975, 
       865,    737,    345,   -118,   -176,   -376,  -1021,  -1268, 
     -1310,  -1980,  -2939,  -3604,  -4305,  -5076,  -5679,  -5948, 
     -6099,  -6505,  -6540,  -6558,  -6708,  -6650,  -7471,  -8528, 
     -8621,  -7433,  -5387,  -3229,    -55,   2683,   3268,   2884, 
      1629,   -283,  -2061,  -3034,  -2914,  -2243,   -836,    652, 
      1311,   1802,   2288,   2277,   2208,   2896,   4164,   5117, 
      5574,   6041,   5854,   4793,   3922,   3155,   2612,   2554, 
      2927,   3747,   4495,   5308,   5602,   5164,   4817,   4184, 
      3283,   2407,   2034,   2095,   1708,   1290,   1172,   1011, 
       489,    112,    202,     84,   -138,   -313,   -276,   -506, 
     -1272,  -1946,  -2954,  -4055,  -5109,  -5835,  -5878,  -6011, 
     -5887,  -5833,  -5986,  -6180,  -6729,  -7116,  -7870,  -8012, 
     -6736,  -5011,  -3033,  -1211,   1023,   2548,   2285,   1427, 
        35,  -1080,  -2277,  -3328,  -2541,  -1318,   -576,    -26, 
       928,   2000,   2053,   2546,   3670,   4324,   4916,   5468, 
      5620,   5031,   4279,   3793,   3054,   2431,   2556,   3226, 
      3914,   4719,   5462,   5481,   5078,   4675,   4089,   3259, 
      2788,   2747,   2328,   1658,   1145,    683,    215,    -83, 
        11,     69,    -22,    -34,   -242,   -584,   -943,  -1302, 
     -1798,  -2614,  -3291,  -3950,  -4766,  -5365,  -5839,  -6063, 
     -6178,  -6258,  -6216,  -6425,  -6406,  -6528,  -7161,  -6930, 
     -5538,  -3820,  -2455,   -575,   1822,   2368,   1593,   1042, 
       257,  -1278,  -2940,  -2912,  -2024,  -1569,   -553,    827, 
      1900,   2403,   2828,   3444,   3573,   3977,   4753,   5004, 
      4986,   5033,   4893,   4208,   3429,   3067,   2999,   3111, 
      3643,   4659,   5482,   5910,   5840,   5212,   4384,   3269, 
      2178,   1420,   1069,   1004,    841,    960,   1151,    987, 
       768,    508,    154,   -188,   -419,   -845,  -1427,  -1898, 
     -2692,  -3762,  -4667,  -5222,  -5648,  -5979,  -5722,  -5318, 
     -5136,  -5002,  -5157,  -5526,  -6289,  -7184,  -7099,  -6089, 
     -4710,  -3265,  -1660,    -72,    424,    432,    419,   -347, 
     -1083,  -1382,  -1444,  -1394,   -969,     62,    351,    284, 
       902,   1599,   2121,   2664,   3841,   4837,   4838,   4699, 
      4579,   4219,   3571,   3319,   3489,   3567,   3895,   4315, 
      4847,   5181,   5152,   4852,   4077,   3653,   3286,   2690, 
      2445,   2382,   2316,   1665,    986,    821,    359,   -147, 
      -240,    -33,    178,    112,    -92,   -385,   -983,  -1879, 
     -2947,  -3926,  -4426,  -4821,  -5155,  -5148,  -5167,  -5269, 
     -5527,  -5626,  -5553,  -5709,  -5630,  -5289,  -4771,  -4048, 
     -3231,  -2434,  -1813,  -1049,   -504,   -592,   -803,   -634, 
      -530,  -1050,  -1223,   -774,   -475,   -366,     65,   1017, 
      1633,   2031,   2733,   3366,   3768,   3785,   3817,   3971, 
      3954,   3939,   3923,   4109,   4390,   4472,   4350,   4188, 
      4187,   4027,   3724,   3633,   3772,   3739,   3352,   3063, 
      2708,   2067,   1296,    667,    386,     11,   -219,    -47, 
       106,     44,   -295,   -519,   -873,  -1606,  -2216,  -2831, 
     -3408,  -3900,  -4235,  -4310,  -4500,  -4514,  -4506,  -4744, 
     -4895,  -5125,  -5428,  -5883,  -6013,  -5324,  -4413,  -3230, 
     -1813,   -607,     52,    -61,   -472,  -1090,  -1739,  -2038, 
     -2065,  -1601,   -699,    217,    864,   1309,   1696,   1786, 
      1632,   1744,   2362,   3040,   3479,   3875,   4304,   4512, 
      4134,   3637,   3485,   3425,   3354,   3470,   4059,   4626, 
      4805,   4851,   4606,   4022,   3191,   2470,   1972,   1537, 
      1467,   1487,   1362,   1157,    817,    432,   -134,   -541, 
      -682,   -931,  -1085,  -1159,  -1313,  -1779,  -2601,  -3259, 
     -3804,  -4243,  -4373,  -4332,  -4072,  -3947,  -4085,  -4328, 
     -4914,  -5599,  -6090,  -5931,  -5102,  -4166,  -2874,  -1537, 
      -777,   -610,   -745,   -938,  -1537,  -1877,  -1478,  -1016, 
      -569,     79,    833,    869,    453,    588,    878,   1153, 
      1777,   2993,   4086,   4406,   4545,   4378,   3828,   3153, 
      2581,   2473,   2683,   3313,   3985,   4443,   4938,   4969, 
      4424,   3586,   2863,   2382,   1885,   1758,   1955,   2015, 
      1855,   1496,   1100,    539,   -142,   -623,   -968,  -1094, 
     -1039,   -988,   -899,  -1101,  -1624,  -2202,  -2791,  -3278, 
     -3706,  -3863,  -3841,  -3940,  -3965,  -4129,  -4400,  -4564, 
     -4699,  -4626,  -4207,  -3486,  -2926,  -2597,  -2090,  -1606, 
     -1554,  -1749,  -1560,  -1169,  -1030,   -894,   -419,    156, 
       215,    176,    468,    737,    953,   1326,   1975,   2520, 
      2837,   3082,   3153,   3164,   3102,   3009,   2934,   3116, 
      3490,   3500,   3447,   3535,   3647,   3482,   3081,   3160, 
      3315,   3160,   2837,   2559,   2450,   1865,   1175,    974, 
       945,    802,    366,    125,     25,   -516,  -1186,  -1633, 
     -1893,  -2231,  -2552,  -2411,  -2054,  -1875,  -1897,  -2160, 
     -2625,  -3279,  -3984,  -4470,  -4785,  -4940,  -4913,  -4626, 
     -3984,  -3255,  -2541,  -1853,  -1363,  -1212,  -1332,  -1485, 
     -1675,  -1753,  -1589,  -1298,   -942,   -511,    -37,    226, 
       521,    955,   1150,   1383,   1825,   2244,   2432,   2518, 
      2702,   2638,   2417,   2413,   2544,   2674,   2914,   3313, 
      3588,   3723,   3818,   3763,   3474,   3208,   3102,   2774, 
      2464,   2336,   2042,   1654,   1311,   1107,    810,    473, 
       366,    160,    -95,   -303,   -592,   -883,  -1152,  -1364, 
     -1576,  -1777,  -1932,  -2149,  -2426,  -2744,  -3160,  -3446, 
     -3446,  -3486,  -3603,  -3608,  -3501,  -3504,  -3616,  -3328, 
     -2854,  -2528,  -2209,  -1897,  -1567,  -1502,  -1554,  -1470, 
     -1415,  -1191,   -883,   -528,    -38,    478,    906,    996, 
      1052,   1260,   1289,   1187,   1313,   1680,   1826,   1889, 
      2281,   2725,   2835,   2795,   3066,   3348,   3339,   3321, 
      3307,   3214,   2911,   2470,   2189,   2001,   1865,   1730, 
      1584,   1624,   1613,   1343,   1055,    848,    619,    217, 
      -180,   -323,   -462,   -726,   -978,  -1154,  -1356,  -1636, 
     -1845,  -2017,  -2161,  -2278,  -2420,  -2519,  -2638,  -2789, 
     -3013,  -3257,  -3392,  -3443,  -3283,  -2912,  -2466,  -2046, 
     -1724,  -1505,  -1404,  -1385,  -1454,  -1392,  -1131,   -946, 
      -808,   -540,   -162,    -40,    -71,    161,    485,    757, 
      1044,   1531,   2012,   2164,   2243,   2249,   2132,   1958, 
      1873,   2011,   2225,   2588,   2930,   3126,   3283,   3218, 
      2901,   2409,   1978,   1643,   1277,   1114,   1174,   1257, 
      1172,    968,    825,    659,    386,    105,     14,     -3, 
      -154,   -349,   -530,   -737,  -1110,  -1554,  -1846,  -2027, 
     -2113,  -2170,  -2197,  -2163,  -2239,  -2385,  -2475,  -2538, 
     -2572,  -2557,  -2412,  -2240,  -2155,  -1946,  -1712,  -1656, 
     -1590,  -1373,  -1151,  -1063,   -880,   -614,   -531,   -497, 
      -321,    -82,     30,    296,    793,   1062,   1228,   1438, 
      1603,   1628,   1473,   1469,   1504,   1529,   1786,   2062, 
      2330,   2582,   2610,   2436,   2182,   1993,   1805,   1581, 
      1598,   1747,   1737,   1630,   1493,   1348,   1049,    665, 
       464,    307,    234,    221,    195,    233,     52,   -252, 
      -591,   -967,  -1174,  -1391,  -1462,  -1376,  -1372,  -1338, 
     -1399,  -1420,  -1379,  -1574,  -1845,  -2046,  -2147,  -2257, 
     -2336,  -2063,  -1634,  -1352,  -1143,   -918,   -728,   -731, 
      -848,   -850,   -759,   -712,   -649,   -476,   -286,   -121, 
        65,    287,    530,    761,   1036,   1262,   1370,   1462, 
      1428,   1268,   1114,   1013,    987,    988,   1129,   1334, 
      1438,   1532,   1598,   1632,   1580,   1401,   1242,   1056, 
       814,    582,    425,    363,    286,    210,    159,    136, 
       104,    -53,   -206,   -288,   -392,   -493,   -517,   -401, 
      -297,   -341,   -456,   -652,   -929,  -1227,  -1455,  -1542, 
     -1587,  -1559,  -1380,  -1202,  -1089,   -980,   -870,   -829, 
      -855,   -829,   -734,   -615,   -544,   -524,   -498,   -541, 
      -581,   -520,   -372,    -73,    248,    476,    670,    741, 
       640,    454,    284,    232,    231,    318,    607,    904, 
      1105,   1212,   1229,   1177,    959,    757,    721,    708, 
       733,    828,    949,    977,    861,    678,    456,    255, 
       130,    124,    209,    312,    402,    386,    238,     16, 
      -195,   -372,   -541,   -586,   -530,   -484,   -389,   -303, 
      -303,   -346,   -439,   -570,   -721,   -813,   -814,   -849, 
      -854,   -774,   -706,   -668,   -665,   -630,   -599,   -637, 
      -646,   -607,   -515,   -367,   -199,    -42,     71,    126, 
       134,     91,     29,     23,     50,    130,    253,    345, 
       445,    474,    417,    336,    236,    201,    214,    315, 
       508,    660,    777,    852,    858,    764,    564,    396, 
       286,    188,    154,    211,    313,    384,    364,    284, 
       176,     50,    -47,   -121,   -149,   -134,   -144,   -137, 
      -106,    -97,   -120,   -194,   -263,   -324,   -387,   -391, 
      -346,   -280,   -221,   -198,   -203,   -234,   -296,   -388, 
      -458,   -472,   -468,   -458,   -415,   -338,   -287,   -279, 
      -263,   -218,   -165,    -91,     40,    188,    304,    359, 
       335,    280,    183,     65,     -3,    -25,      0,     46, 
       117,    236,    328,    396,    444,    427,    383,    313, 
       237,    197,    170,    182,    207,    215,    213,    171, 
       142,    129,    107,     98,    110,    142,    132,     90, 
        37,    -56,   -175,   -277,   -317,   -328,   -289,   -180, 
       -88,    -23,      2,    -29,   -123,   -244,   -311,   -342, 
      -326,   -230,   -124,    -50,     -7,     10,    -27,   -133, 
      -207,   -225,   -223,   -164,    -68,     33,     82,     56, 
        21,    -18,    -42,    -18,     45,    148,    243,    305, 
       329,    290,    198,     96,     21,    -21,     -8,     73, 
       196,    316,    398,    428,    396,    325,    213,     87, 
        -3,    -63,   -102,   -102,    -55,     10,     53,     65, 
        54,     27,    -25,    -76,    -88,    -68,    -45,    -23, 
       -15,    -45,   -102,   -169,   -221,   -239,   -215,   -150, 
       -89,    -48,    -10,      2,    -36,    -84,   -125,   -158, 
      -176,   -168,   -125,    -92,    -68,    -44,    -38,    -31, 
        -9,     44,     99,    133,    171,    187,    163,    118, 
        78,     49,     27,     26,     39,     43,     45,     73, 
       104,    117,    140,    175,    186,    169,    150,    131, 
       101,     76,     63,     47,     39,     49,     52,     45, 
        53,     67,     51,     20,     21,      8,    -28,    -45, 
       -61,    -99,   -147,   -171,   -185,   -192,   -171,   -137, 
       -99,    -66,    -32,    -21,    -33,    -41,    -57,    -65, 
       -68,    -67,    -65,    -76,    -76,    -78,    -92,    -89, 
       -79,    -66,    -43,    -19,     17,     59,     77,     81, 
        81,     79,     62,     37,     39,     53,     59,     66, 
        67,     58,     45,     42,     32,     24,     33,     43, 
        46,     49,     83,    109,     91,     81,     67,     21, 
        -8,     -7,     -2,      0,     12,     37,     30,      9, 
        -5,    -45,    -85,   -116,   -136,   -134,   -116,    -77, 
       -57,    -57,    -46,    -56,    -89,   -101,    -82,    -68, 
       -58,    -27,     -2,     -2,    -10,    -18,    -37,    -64, 
       -80,    -93,   -102,    -93,    -61,    -32,    -12,     12, 
        36,     45,     40,     43,     44,     32,     20,      7, 
        -1,      0,     -4,     -1,     13,     25,     39,     52, 
        59,     64,     67,     64,     56,     48,     44,     39, 
        28,     18,      9,      4,      5,      2,      3,     13, 
        22,     27,     18,     -2,    -10,    -26,    -48,    -47, 
       -42,    -40,    -41,    -46,    -51,    -61,    -64,    -63, 
       -71,    -72,    -58,    -43,    -42,    -32,    -20,    -32, 
       -45,    -60,    -73,    -94,   -110,   -105,   -108,    -92, 
       -65,    -43,    -13,     14,     38,     49,     51,     52, 
        45,     34,     15,      1,     -8,    -27,    -38,    -35, 
       -21,     -7,      6,     31,     52,     61,     69,     73, 
        62,     46,     34,     31,     20,      4,      4,      8, 
        15,     20,     29,     43,     50,     45,     28,     19, 
         4,    -15,    -21,    -20,    -13,     -9,    -11,     -9, 
        -7,     -7,     -4,     -4,     -4,      5,      6,      1, 
        -3,     -7,    -14,    -20,    -20,    -18,    -22,    -21, 
       -19,    -19,    -10,      0,      7,     15,     17,     16, 
         9,     -4,     -9,    -15,    -15,     -7,      4,     18, 
        18,     18,     18,     13,      6,      0,      7,     12, 
        14,     19,     22,     21,     17,     14,     11,     10, 
         9,     13,     17,     21,     25,     30,     37,     40, 
        42,     42,     38,     39,     40,     34,     34,     33, 
        31,     28,     24,     17,      6,      5,      3,     -1, 
        -2,      4,     10,     18,     27,     28,     28,     23, 
        19,     14,     10,     16,     19,     17,     15,     11, 
         5,     -3,     -8,    -12,    -15,    -14,    -13,     -7, 
        -4,     -1,      0,      1,      0,     -4,     -4,     -9, 
        -7,     -5,     -4,      3,      0,      1,     -6,    -10, 
        -9,    -16,    -13,    -12,    -11,     -3,      2,      8, 
        10,      7,      6,      2,     -1,     -2,      2,      6, 
         9,     14,     14,     19,     20,     16,     14,     11, 
        12,     13,     10,     11,     14,     10,      9,      7, 
         7,      5,      2,      6,      8,     11,     13,     13, 
        12,      5,     -3,    -10,    -19,    -26,    -28,    -27, 
       -22,    -16,    -11,    -14,    -16,    -12,    -13,    -19, 
       -21,    -21,    -21,    -16,    -12,    -10,    -11,    -11, 
       -13,    -17,    -16,    -22,    -23,    -16,     -8,     -2, 
         4,      9,      9,      8,      7,     10,     15,     17, 
        22,     27,     28,     28,     26,     27,     27,     24, 
        22,     20,     18,     22,     24,     20,     22,     25, 
        26,     23,     21,     20,     14,     12,     11,      9, 
        13,     13,      5,      5,      4,     -4,     -7,    -11, 
       -13,    -13,    -17,    -13,    -12,    -14,    -16,    -18, 
       -19,    -23,    -24,    -26,    -25,    -20,    -21,    -21, 
       -15,    -18,    -21,    -19,    -18,    -14,    -12,     -9, 
        -2,     -4,     -6,     -5,    -10,     -8,     -7,     -4, 
        -2,      0,      5,      3,      6,      6,      6,      7, 
         6,      7,      7,     10,     14,     14,     11,      4, 
         5,      4,      0,     -1,     -1,      1,     -7,     -6, 
         0,     -4,     -3,     -5,     -7,     -6,    -10,    -11, 
       -15,    -16,    -17,    -18,    -20,    -19,    -17,    -22, 
       -20,    -20,    -18,    -17,    -18,    -13,    -12,    -11, 
       -15,    -19,    -20,    -19,    -18,    -19,    -14,    -11, 
       -11,     -6,     -9,     -7,     -1,     -3,     -2,      1, 
        -1,      4,      5,      2,      5,      6,      4,      4, 
         7,      8,     10,      6,      4,      6,      9,     14, 
        13,      8,     11,     16,     10,      8,      9,      9, 
         7,      9,     12,     11,     12,     13,     11,     10, 
        12,     11,     12,     14,     13,     13,     14,     14, 
        13,     10,      8,     11,     11,      7,      8,     11, 
        11,     14,     15,     14,     16,     13,     14,     15, 
        17,     20,     17,     20,     16,     12,     12,     10, 
         9,      7,      9,      9,     13,     14,     13,     15, 
        14,     15,     14,     10,      9,      7,      9,     10, 
        10,     10,     10,     10,      6,      7,      6,      5, 
         8,      8,     10,     10,     10,     11,     11,     11, 
        11,     11,     12,     13,     13,     11,     10,     10, 
        10,     11,     10,     12,     10,      7,      9,      8, 
        10,      9,      7,      8,      8,      8,      4,      4, 
         4,      6,      6,      4,      6,      4,      5,      3, 
         2,      1,     -2,      0,     -1,     -3,     -2,      0, 
        -2,     -4,     -4,     -7,    -11,     -8,     -8,     -8, 
        -7,     -9,     -9,    -10,     -9,     -9,     -8,    -13, 
       -12,     -9,    -12,    -14,    -15,    -12,     -9,     -9, 
       -12,    -12,     -9,    -10,    -13,    -11,     -9,    -11, 
        -7,    -10,     -8,     -6,     -7,     -7,     -7,     -7, 
        -9,     -9,    -11,     -9,    -10,    -12,    -14,    -14, 
       -14,    -17,    -14,    -13,    -12,    -15,    -15,    -15, 
       -16,    -14,    -16,    -18,    -17,    -17,    -17,    -20, 
       -19,    -20,    -21,    -23,    -22,    -19,    -22,    -21, 
       -19,    -18,    -20,    -23,    -21,    -21,    -19,    -16, 
       -13,    -17,    -16,    -11,    -15,    -13,    -14,    -16, 
       -15,    -15,    -14,    -12,    -10,    -12,    -16,    -12, 
       -11,    -13,    -12,    -13,    -12,    -12,    -12,     -9, 
        -9,    -12,    -12,    -12,    -15,    -14,    -11,    -11, 
       -10,    -12,    -11,    -13,    -14,    -14,    -13,    -11, 
       -10,     -8,    -13,    -12,    -10,    -15,    -15,    -16, 
       -17,    -17,    -19,    -19,    -19,    -21,    -19,    -18, 
       -18,    -20,    -18,    -16,    -20,    -19,    -20,    -18, 
       -18,    -15,    -15,    -15,    -13,    -13,    -11,    -10, 
       -10,    -10,     -7,    -11,     -9,     -5,     -8,     -5, 
        -4,     -7,     -5,     -3,     -3,     -1,      1,     -1, 
        -1,      1,      1,      2,      0,      1,      5,      4, 
         1,      2,      0,     -1,      3,      3,      8,      4, 
        -1,      5,      5,      4,      9,     14,      9,      5, 
         1,     -2,     -1,     -3,    -11,    -10,     -1,      0, 
        -7,     -6,     -1,      1,      0,      0,      1,      4, 
         5,      3,      5,      7,      6,      6,      7,      9, 
         9,      9,      9,     10,     11,     12,     14,     16, 
        11,      9,     11,     11,     10,     10,     14,     12, 
        12,     14,     12,     13,     16,     14,     10,     12, 
        11,     11,     11,     12,     13,     12,     10,      9, 
        10,     10,     10,     10,      8,      7,      6,      5, 
         5,      3,      6,      8,      7,      8,      7,      6, 
         6,      7,      6,      7,      9,      7,      8,      7, 
         7,      7,      7,      8,      8,      8,      7,      6, 
         5,      6,      4,      4,      6,      7,      4,      4, 
         5,      5,      5,      5,      2,      2,      4,      2, 
         3,      4,      4,      3,      2,      1,      3,      2, 
         0,      3,      2,      2,      0,     -1,      0,      1, 
         0,     -1,     -1,      0,     -1,     -2,      0,      0, 
         0,      1,      1,      3,      1,      1,      1,      0, 
         1,      1,      2,      3,      2,      2,      1,      4, 
         2,      1,      2,      1,      3,      0,      0,      1, 
        -1,      3,      2,      2,      1,      1,      2,      2, 
         1,      0,      2,      0,      0,      1,      0,      0, 
        -1,      0,      1,      1,      1,      2,      2,      0, 
         1,      0,      0,     -1,      1,      1,     -2,      1, 
         0,      0,      1,      2,      1,      1,      1,     -1, 
         0,      1,      0,      1,      1,      0,      1,      0, 
        -1,      0,      0,      1,      0,      1,      0,      0, 
         0,      0,      0,     -1,      0,      1,     -1,      0, 
         0,     -1,     -1,      0,      1,      1,     -1,      0, 
         1,      1,      0,      1,      3,      2,      2,      2, 
         1,      0,      1,      2,      2,      3,      1,      1, 
         1,      0,      0,     -1,     -1,      0,      0,      0, 
         0,      0,      1,      0,     -1,     -1,      0,     -1, 
        -1,      0,      0,      0,     -1,     -2,      0,      0, 
         0,     -1,     -1,     -1,     -1,      0,     -1,      0, 
         0,      0,      0,      0,      0,      0,     -1,      1, 
         0,     -1,     -1,     -1,     -1,      0,      0,      0, 
         0,      1,      0,      1,      1,      0,      0,     -1, 
         0,      0,      0,      1,      0,      0,     -1,      0, 
        -2,     -2,      1,      0,     -1,     -1,      0,      0, 
         0,      0,      0,      0,      1,     -1,     -1,      1, 
         0,      1,      0,     -1,     -1,     -2,     -2,     -1, 
        -1,     -1,     -1,     -1,     -1,     -1,     -1,      0, 
         0,     -1,     -1,      0,      0,      0,     -1,     -1, 
         0,      1,     -1,      0,      0,      0,      1,      0, 
         1,      0,      1,      1,      1,      0,     -2,     -1, 
         1,      2,      0,      0,      1,      0,      0,     -1, 
         0,      1,     -1,      0,      0,      0,     -1,     -1, 
         0,      0,      0,     -1,     -1,     -1,      0,      1, 
        -1,      0,      0,     -1,      0,      0,      0,      0, 
         0,      0,      1,      1,      2,      1,     -1,      1, 
         1,      0,      0,      0,      0,      0,      0,      0, 
         1,      0,      0,      1,      1,      0,      0,      1, 
         1,      1,      1,      1,      0,      1,      1,      2, 
         0,      0,      1,      1,      0,      0,      0,      1, 
         1,      0,      0,      1,      0,      1,      2,      0, 
        -1,      1,      1,      0,      0,      0,      0,      0, 
         0,     -1,      0,      1,      0,      0,      0,      0, 
         0,     -1,      1,      2,      0,      1,      1,      1, 
         0,      0,      1,      0,      0,      1,      0,      1, 
         0,      0,      1,      1,      0,      0,      1,      2, 
         1,      1,      1,      1,      1,      0,      0,      0, 
         0,      1,      1,     -1,      0,      0,      0,      0, 
         0,      0,      0,      0,      0,      0,      1,      0, 
         1,      2,      0,      0,      0,      0,      0,      0, 
         1,      0,      0,      0,      0,      0,      0,      0, 
         1,      0,      0,      1,      1,      1,      1,      0, 
         1,      1,      0,     -1,     -1,      0,      1,      1, 
         0,      0,      0,      0,      0,      1,      0,      1, 
         1,      1,      0,      0,      1,      0,      1,      1, 
         2,      1,      1,      1,      2,      1,     -1,      0, 
         1,      0,      0,      1,      1,      0,      1,      0, 
         0,      1,      0,      1,      0,     -1,      0,      0, 
         0,      0,      0,     -1,      0,      0,      0,      0, 
         1,      1,      0,      0,     -1,      0,      0,      0, 
         0,      0,      0,      0,      0,      0,      0,      0, 
         0,      0,     -1,     -1,      0,      0,      0,      1, 
         0,      0,      0,      0,      0,      0,      0,      0, 
         0,      0,      0,      0,      1,      1,      0,      0, 
         0,      0,      0,      0,      1,      1,      0,      1, 
         0,      0,      0,      1,      0,      0,      1,      0, 
         0,      0,      0,      0,      0,      0,      1,      1, 
         0,      0,      1,      0,      0,      0,      0,     -1, 
         0,      0,      0,      0,      0,      0,      0,      0, 
         0,      1,      0,      0,      1,      1,      0,      0, 
         0,      0,      0,      1,      0,      1,      0,      0, 
         1,      0,      1,      0,     -1,      0,      0,      0, 
         0,      0,      0,      3,      1,      0,      1,      1, 
         0,      0,      1,      1,      0,      0,     -1,      1, 
         0,     -1,      1,     -1,      0,      0,      0,      1, 
         1,      0,      0,      0,      1,      0,     -1,      0, 
         1,      1,      1,      1,      0,      0,      1,      0, 
         0,      1,     -1,      0,      0,      0,      0,      0, 
        -1,      0,      0,     -1,     -1,     -1,      0,     -1, 
         0,      1,      0,     -1,      0,      0,      0,      0, 
         0,      0,      0,      0,     -1,      0,     -1,     -1, 
         0,     -1,      0,      0,      0,     -1,     -1,      0, 
         0,      1,      0,      0,      0,      0,      0,      0, 
         0,      0,      0,      0,      0,      0,      0,      0, 
         0,     -1,      0,      0,      0,      0,     -1,      0, 
         0,     -1,      0,      0,     -1,     -1,      0,      0, 
         0,      0,      0,     -1,      0,      0,      0,      1, 
         0,      0,      0,      0,      0,      0,      0,      0, 
         0,     -1,      1,      0,      1,      0,      0,      0, 
         1,      2,      0,      0,      0,      0,      0,      0, 
         1,      0,      0,     -1,      0,      1,     -1,     -1, 
         0,     -1,      0,      0,     -1,      0,      0,      0, 
         0,      0,      0,      0,      0,      0,      1,      0, 
         0,      0,      0,     -1,      0,      0,      0,      0, 
         0,      0,      0,      0,      0,      0,      0,      0, 
         0,      0,      1,      0,      0,      0,      0,      0, 
         0,      0,      0,     -1,     -1,     -1,      0,      0, 
        -1,      0,     -1,      0,      0,     -1,      0,     -1, 
        -1,     -1,     -1,     -1,     -1,     -1,     -2,     -1, 
        -1,     -1,      0,      0,     -1,      0,      0,      0, 
         0,      0,      0,      0,      0,      0,     -1,      0, 
         0,     -1,      0,     -1,     -1,     -1,     -1,     -1, 
        -1,     -1,     -1,      0,      0,     -1,     -1,     -1, 
        -1,      0,      0,      0,      0,     -1,      0,      0, 
         0,      0,      0,      0,      1,      0,     -1,      0, 
         0,      1,      0,      0,      0,      1,      2,      0, 
         0,      1,      1,      0,      0,      0,      0,      1, 
         0,      0,      1,      0,      1,      1,      0,      1, 
         1,      1,      1,      1,      0,      1,      1,      0, 
         0,      1,      1,      1,      1,      1,      1,      1, 
         1,      0,      1,      1,      2,      0,      0,      1, 
         1,      1,      0,      1,      0,      0,      1,     -1, 
         0,      1,      0,      1,      1,      0,      0,     -1, 
         1,      1,      0,      1,      1,      0,      1,      2, 
        -1,      0,      1,      1,      1,      1,      1,      1, 
         1,      0,      0,      2,      1,      1,      1,      1, 
         1,      1,      0,      0,      1,      0,      1,      1, 
         1,      1,      0,      1,      0,      0,      0,      0, 
         0,      0,      0,      0,      0,      0,      0,      1, 
         1,      0,      0,      1,      0,      0,      0,      0, 
         1,      1,      1,      0,      0,      0,      0,      1, 
         0,      0,      0,      1,      1,      0,      1,      0, 
         0,      0,      0,      0,      0,      0,      0,      0, 
         0,      0,      0,      0,      0,      0,      1,      0, 
         0,      0,      0,      0,      0,      0,      0,      0, 
         0,      0,      0,      0,      0,      0,      0,      0, 
         0,      0,      0,     -1,      0,      0,     -1,      0, 
        -1,     -1,      0,      0,      0,      0,      0,      0, 
         0,      0,      1,      1,      1,      0,      0,      0, 
         1,     -1,      0,      1,      1,      1,      0,      0, 
         0,      1,      1,      1,      1,      0,      2,      1, 
         1,      2,      1,      1,      0,      1,      1,      1, 
         1,      0,      1,     -1,      0,      1,      0,      1, 
         0,      0,      1,      1,      0,      0,      1,      1, 
         0,      0,      0,      1,      0,      0,      0,      0, 
         1,      0,      0,      1,      1,      0,      2,      1, 
         0,      1,      0,      0,      0,      0,      0,      0, 
         0,      0,      0,      0,      0,      0,      0,      0, 
         0,      0,      0,      0,      0,      0,      0,      0, 
         0,      0,      0,      0,      0,      0,      0,      0, 
         0,      0,      0,     -1,     -1,      0,      0,      0, 
         0,      0,      0,      0,      0,      0,      0,      0, 
         0,      0,      1,      0,      0,      0,      0,      0, 
         0,      0,      0,      0,      1,      0,      0,     -1, 
         0,      0,      0,      1,     -1,      0,      0,      0, 
         0,      0,      1,      0,      0,      0,      0,      0, 
         1,      1,      0,      0,      0,      0,      0,      1, 
         0,      1,      0,      2,      1,      0,      1,      0, 
         1,      0,      1,      1,      0,      0,      0,      1, 
        -1,     -1,      1,      0,      0,      1,      0,      1, 
         0,      1,      1,      1,      2,      0,      0,      1, 
         1,      1,      1,      0,      1,      0,      0,      0, 
         0,      1,      0,      1,      1,      0,      1,      0, 
         0,      0,      0,      1,      1,      0,     -1,      0, 
         1,      0,      0,      0,      0,      0,      0,      0, 
         1,      1,      0,      0,      0,      0,      1,      1, 
         0,      1,      1,      0,      0,      1,      1,      0, 
         0,      1,      1,      0,      0,      1,      0,      0, 
         1,      1,      0,      1,      0,      0,      1,      0, 
         0,      1,      0,      0,      0,      1,      1,      0, 
         0,      0,      0,      1,      0,      0,      0,      0, 
         0,      0,      0,      1,      0,      0,      0,      0, 
         0,      1,      0,      1,      1,      0,      0,      0, 
         0,      0,      0,      1,      0,      0,      1,      1, 
        -1,     -1,      1,      0,      0,      1,      1,      1, 
        -1,      0,      0,      1,      0,      0,      2,      0, 
         0,      0,      0,      0,      0,      0,      0,      1, 
         0,      0,      0,      1,      1,      0,      0,      0, 
         0,      0,      0,      1,      1,      1,      0,      0, 
         1,      0,      1,      0,      0,      0,      0,      1, 
         0,      0,      0,      0,      0,      0,      0,     -1, 
         0,      0,      0,      1,      1,      0,      0,      1, 
         0,      0,      0,      0,      0,      0,      1,      0, 
         0,      1,      0,      0,      0,      0,      1,      0, 
         0,      1,      0,      0,      0,      0,      0,      0, 
         0,      0,      0,      0,      0,      0,      1,      0, 
         0,      0,      0,      0,      0,      0,      0,      0, 
         0,      0,      0,      0,      0,      0,      1,      1, 
         0,      1,      1,      0,      0,      0,      1,      0, 
         1,      0,      1,      0,      0,      0,      0,      1, 
         0,      1,      1,      0,      0,      1,      1,      0, 
         0,      1,      0,      1,      1,      1,      0,      0, 
         1,      0,      1,      0,      0,      1,      0,      1, 
         0,      0,      0,      0,      0,      0,      1,      0, 
         0,      0,      0,      0,      0,      1,      0,      1, 
         0,      0,      0,      0,      0,     -1,      0,      0, 
         0,     -1,     -1,      0,      1,      1,      0,      0, 
         0,      0,      0,      0,      0,      0,      0,      0, 
         0,      0,      0,      0,      0,      0,      0,      0, 
         0,      0,      0,      0,      0,      0,      0,      0, 
         0,      0,      0,      0,      0,      0,      0,      0, 
         0,      0,      0,      0,      0,      0,      0,      0, 
         0,      0,      0,      0,      0,      0,      0,      0, 
         0,      0,      0,      0,      0,      0,      0,      0, 
         0,      0,      0,      0,      0,      0,      0,      0, 
         0,      0,      0,      0,      0,      0,      0,      0, 
         0,      0,      0,      0,      0,      0,      0,      0, 
         0,      0,      0,      0,      0,      0,      0,      0, 
         0,      0,      0,      0,      0,      0,      0,      0, 
         0,      0,      0,      0,      0,      0,      0,      0, 
         0,      0,      0,      0,      0,      0,      0,      0, 
         0,      0,      0,      0,      0,      0,      0,      0, 
         0,      0,      0,      0,      0,      0,      0,      0, 
         0,      0,      0,      0,      0,      0,      0,      0, 
         0,      0,      0,      0,      0,      0,      0,      0, 
         0,      0,      0,      0,      0,      0,      0,      0, 
         0,      0,      0,      0,      0,      0,      0,      0, 
         0,      0,      0,      0,      0,      0,      0,      0, 
         0,      0,      0,      0,      0,      0,      0,      0, 
         0,      0,      0,      0,      0,      0,      0,      0, 
         0,      0,      0,      0,      0,      0,      0,      0, 
         0,      0,      0,      0,      0,      0,      0,      0, 
         0,      0,      0,      0,      0,      0,      0,      0, 
         0,      0,      0,      0,      0,      0,      0,      0, 
         0,      0,      0,      0,      0,      0,      0,      0, 
         0,      0,      0,      0,      0,      0,      0,      0, 
         0,      0,      0,      0,      0,      0,      0,      0, 
         0,      0,      0,      0,      0,      0,      0,      0, 
         0,      0,      0,      0,      0,      0,      0,      0, 
         0,      0,      0,      0,      0,      0,      0,      0, 
         0,      0,      0,      0,      0,      0,      0,      0, 
         0,      0,      0,      0,      0,      0,      0,      0, 
         0,      0,      0,      0,      0,      0,      0,      0, 
         0,      0,      0,      0,      0,      0,      0,      0, 
         0,      0,      0,      0,      0,      0,      0,      0, 
         0,      0,      0,      0,      0,      0,      0,      0, 
         0,      0,      0,      0,      0,      0,      0,      0, 
         0,      0,      0,      0,      0,      0,      0,      0, 
         0,      0,      0,      0,      0,      0,      0,      0, 
         0,      0,      0,      0,      0,      0,      0,      0, 
         0,      0,      0,      0,      0,      0,      0,      0, 
         0,      0,      0,      0,      0,      0,      0,      0, 
         0,      0,      0,      0,      0,      0,      0,      0, 
         0,      0,      0,      0,      0,      0,      0,      0, 
         0,      0,      0,      0,      0,      0,      0,      0, 
         0,      0,      0,      0,      0,      0,      0,      0, 
         0,      0,      0,      0,      0,      0,      0,      0, 
         0,      0,      0,      0,      0,      0,      0,      0, 
         0,      0,      0,      0,      0,      0,      0,      0, 
         0,      0,      0,      0,      0,      0,      0,      0, 
         0,      0,      0,      0,      0,      0,      0,      0, 
         0,      0,      0,      0,      0,      0,      0,      0, 
         0,      0,      0,      0,      0,      0,      0,      0, 
         0,      0,      0,      0,      0,      0,      0,      0, 
         0,      0,      0,      0,      0,      0,      0,      0, 
         0,      0,      0,      0,      0,      0,      0,      0, 
         0,      0,      0,      0,      0,      0,      0,      0, 
         0,      0,      0,      0,      0,      0,      0,      0, 
         0,      0,      0,      0,      0,      0,      0,      0, 
         0,      0,      0,      0,      0,      0,      0,      0, 
         0,      0,      0,      0,      0,      0,      0,      0, 
         0,      0,      0,      0,      0,      0,      0,      0, 
         0,      0,      0,      0,      0,      0,      0,      0, 
         0,      0,      0,      0,      0,      0,      0,      0, 
         0,      0,      0,      0,      0,      0,      0,      0, 
         0,      0,      0,      0,      0,      0,      0,      0, 
         0,      0,      0,      0,      0,      0,      0,      0, 
         0,      0,      0,      0,      0,      0,      0,      0, 
         0,      0,      0,      0,      0,      0,      0,      0, 
         0,      0,      0,      0,      0,      0,      0,      0, 
         0,      0,      0,      0,      0,      0,      0,      0, 
         0,      0,      0,      0,      0,      0,      0,      0, 
         0,      0,      0,      0,      0,      0,      0,      0, 
         0,      0,      0,      0,      0,      0,      0,      0, 
         0,      0,      0,      0,      0,      0,      0,      0, 
         0,      0,      0,      0,      0,      0,      0,      0, 
         0,      0,      0,      0,      0,      0,      0,      0, 
         0,      0,      0,      0,      0,      0,      0,      0, 
         0,      0,      0,      0,      0,      0,      0,      0, 
         0,      0,      0,      0,      0,      0,      0,      0, 
         0,      0,      0,      0,      0,      0,      0,      0, 
         0,      0,      0,      0,      0,      0,      0,      0, 
         0,      0,      0,      0,      0,      0,      0,      0, 
         0,      0,      0,      0,      0,      0,      0,      0, 
         0,      0,      0,      0,      0,      0,      0,      0, 
         0,      0,      0,      0,      0,      0,      0,      0, 
         0,      0,      0,      0,      0,      0,      0,      0, 
         0,      0,      0,      0,      0,      0,      0,      0, 
         0,      0,      0,      0,      0,      0,      0,      0, 
         0,      0,      0,      0,      0,      0,      0,      0, 
         0,      0,      0,      0,      0,      0,      0,      0, 
         0,      0,      0,      0,      0,      0,      0,      0, 
         0,      0,      0,      0,      0,      0,      0,      0, 
         0,      0,      0,      0,      0,      0,      0,      0, 
         0,      0,      0,      0,      0,      0,      0,      0, 
         0,      0,      0,      0,      0,      0,      0,      0, 
         0,      0,      0,      0,      0,      0,      0,      0, 
         0,      0,      0,      0,      0,      0,      0,      0, 
         0,      0,      0,      0,      0,      0,      0,      0, 
         0,      0,      0,      0,      0,      0,      0,      0, 
         0,      0,      0,      0,      0,      0,      0,      0, 
         0,      0,      0,      0,      0,      0,      0,      0, 
         0,      0,      0,      0,      0,      0,      0,      0, 
         0,      0,      0,      0,      0,      0,      0,      0, 
         0,      0,      0,      0,      0,      0,      0,      0, 
         0,      0,      0,      0,      0,      0,      0,      0, 
         0,      0,      0,      0,      0,      0,      0,      0, 
         0,      0,      0,      0,      0,      0,      0,      0, 
         0,      0,      0,      0,      0,      0,      0,      0, 
         0,      0,      0,      0,      0,      0,      0,      0, 
         0,      0,      0,      0,      0,      0,      0,      0, 
         0,      0,      0,      0,      0,      0,      0,      0, 
         0,      0,      0,      0,      0,      0,      0,      0, 
         0,      0,      0,      0,      0,      0,      0,      0, 
         0,      0,      0,      0,      0,      0,      0,      0, 
         0,      0,      0,      0,      0,      0,      0,      0, 
         0,      0,      0,      0,      0,      0,      0,      0, 
         0,      0,      0,      0,      0,      0,      0,      0, 
         0,      0,      0,      0,      0,      0,      0,      0, 
         0,      0,      0,      0,      0,      0,      0,      0, 
         0,      0,      0,      0,      0,      0,      0,      0, 
         0,      0,      0,      0,      0,      0,      0,      0, 
         0,      0,      0,      0,      0,      0,      0,      0, 
         0,      0,      0,      0,      0,      0,      0,      0, 
         0,      0,      0,      0,      0,      0,      0,      0, 
         0,      0,      0,      0,      0,      0,      0,      0, 
         0,      0,      0,      0,      0,      0,      0,      0, 
         0,      0,      0,      0,      0,      0,      0,      0, 
         0,      0,      0,      0,      0,      0,      0,      0, 
         0,      0,      0,      0,      0,      0,      0,      0, 
         0,      0,      0,      0,      0,      0,      0,      0, 
         0,      0,      0,      0,      0,      0,      0,      0, 
         0,      0,      0,      0,      0,      0,      0,      0, 
         0,      0,      0,      0,      0,      0,      0,      0, 
         0,      0,      0,      0,      0,      0,      0,      0, 
         0,      0,      0,      0,      0,      0,      0,      0, 
         0,      0,      0,      0,      0,      0,      0,      0, 
         0,      0,      0,      0,      0,      0,      0,      0, 
         0,      0,      0,      0,      0,      0,      0,      0, 
         0,      0,      0,      0,      0,      0,      0,      0, 
         0,      0,      0,      0,      0,      0,      0,      0, 
         0,      0,      0,      0,      0,      0,      0,      0, 
         0,      0,      0,      0,      0,      0,      0,      0, 
         0,      0,      0,      0,      0,      0,      0,      0, 
         0,      0,      0,      0,      0,      0,      0,      0, 
         0,      0,      0,      0,      0,      0,      0,      0, 
         0,      0,      0,      0,      0,      0,      0,      0, 
         0,      0,      0,      0,      0,      0,      0,      0, 
         0,      0,      0,      0,      0,      0,      0,      0, 
         0,      0,      0,      0,      0,      0,      0,      0, 
         0,      0,      0,      0,      0,      0,      0,      0, 
         0,      0,      0,      0,      0,      0,      0,      0, 
         0,      0,      0,      0,      0,      0,      0,      0, 
         0,      0,      0,      0,      0,      0,      0,      0, 
         0,      0,      0,      0,      0,      0,      0,      0, 
         0,      0,      0,      0,      0,      0,      0,      0, 
         0,      0,      0,      0,      0,      0,      0,      0, 
         0,      0,      0,      0,      0,      0,      0,      0, 
         0,      0,      0,      0,      0,      0,      0,      0, 
         0,      0,      0,      0,      0,      0,      0,      0, 
         0,      0,      0,      0,      0,      0,      0,      0, 
         0,      0,      0,      0,      0,      0,      0,      0, 
         0,      0,      0,      0,      0,      0,      0,      0, 
         0,      0,      0,      0,      0,      0,      0,      0, 
         0,      0,      0,      0,      0,      0,      0,      0, 
         0,      0,      0,      0,      0,      0,      0,      0, 
         0,      0,      0,      0,      0,      0,      0,      0, 
         0,      0,      0,      0,      0,      0,      0,      0, 
         0,      0,      0,      0,      0,      0,      0,      0, 
         0,      0,      0,      0,      0,      0,      0,      0, 
         0,      0,      0,      0,      0,      0,      0,      0, 
         0,      0,      0,      0,      0,      0,      0,      0, 
         0,      0,      0,      0,      0,      0,      0,      0, 
         0,      0,      0,      0,      0,      0,      0,      0, 
         0,      0,      0,      0,      0,      0,      0,      0, 
         0,      0,      0,      0,      0,      0,      0,      0, 
         0,      0,      0,      0,      0,      0,      0,      0, 
         0,      0,      0,      0,      0,      0,      0,      0, 
         0,      0,      0,      0,      0,      0,      0,      0, 
         0,      0,      0,      0,      0,      0,      0,      0, 
         0,      0,      0,      0,      0,      0,      0,      0, 
         0,      0,      0,      0,      0,      0,      0,      0, 
         0,      0,      0,      0,      0,      0,      0,      0, 
         0,      0,      0,      0,      0,      0,      0,      0, 
         0,      0,      0,      0,      0,      0,      0,      0, 
         0,      0,      0,      0,      0,      0,      0,      0, 
         0,      0,      0,      0,      0,      0,      0,      0, 
         0,      0,      0,      0,      0,      0,      0,      0, 
         0,      0,      0,      0,      0,      0,      0,      0, 
         0,      0,      0,      0,      0,      0,      0,      0, 
         0,      0,      0,      0,      0,      0,      0,      0, 
         0,      0,      0,      0,      0,      0,      0,      0, 
         0,      0,      0,      0,      0,      0,      0,      0, 
         0,      0,      0,      0,      0,      0,      0,      0, 
         0,      0,      0,      0,      0,      0,      0,      0, 
         0,      0,      0,      0,      0,      0,      0,      0, 
         0,      0,      0,      0,      0,      0,      0,      0, 
         0,      0,      0,      0,      0,      0,      0,      0, 
         0,      0,      0,      0,      0,      0,      0,      0, 
         0,      0,      0,      0,      0,      0,      0,      0, 
         0,      0,      0,      0,      0,      0,      0,      0, 
         0,      0,      0,      0,      0,      0,      0,      0, 
         0,      0,      0,      0,      0,      0,      0,      0, 
         0,      0,      0,      0,      0,      0,      0,      0, 
         0,      0,      0,      0,      0,      0,      0,      0, 
         0,      0,      0,      0,      0,      0,      0,      0, 
         0,      0,      0,      0,      0,      0,      0,      0, 
         0,      0,      0,      0,      0,      0,      0,      0, 
         0,      0,      0,      0,      0,      0,      0,      0, 
         0,      0,      0,      0,      0,      0,      0,      0, 
         0,      0,      0,      0,      0,      0,      0,      0, 
         0,      0,      0,      0,      0,      0,      0,      0, 
         0,      0,      0,      0,      0,      0,      0,      0, 
         0,      0,      0,      0,      0,      0,      0,      0, 
         0,      0,      0,      0,      0,      0,      0,      0, 
         0,      0,      0,      0,      0,      0,      0,      0, 
         0,      0,      0,      0,      0,      0,      0,      0, 
         0,      0,      0,      0,      0,      0,      0,      0, 
         0,      0,      0,      0,      0,      0,      0,      0, 
         0,      0,      0,      0,      0,      0,      0,      0, 
         0,      0,      0,      0,      0,      0,      0,      0, 
         0,      0,      0,      0,      0,      0,      0,      0, 
         0,      0,      0,      0,      0,      0,      0,      0, 
         0,      0,      0,      0,      0,      0,      0,      0, 
         0,      0,      0,      0,      0,      0,      0,      0, 
         0,      0,      0,      0,      0,      0,      0,      0, 
         0,      0,      0,      0,      0,      0,      0,      0, 
         0,      0,      0,      0,      0,      0,      0,      0, 
         0,      0,      0,      0,      0,      0,      0,      0, 
         0,      0,      0,      0,      0,      0,      0,      0, 
         0,      0,      0,      0,      0,      0,      0,      0, 
         0,      0,      0,      0,      0,      0,      0,      0, 
         0,      0,      0,      0,      0,      0,      0,      0, 
         0,      0,      0,      0,      0,      0,      0,      0, 
         0,      0,      0,      0,      0,      0,      0,      0, 
         0,      0,      0,      0,      0,      0,      0,      0, 
         0,      0,      0,      0,      0,      0,      0,      0, 
         0,      0,      0,      0,      0,      0,      0,      0, 
         0,      0,      0,      0,      0,      0,      0,      0, 
         0,      0,      0,      0,      0,      0,      0,      0, 
         0,      0,      0,      0,      0,      0,      0,      0, 
         0,      0,      0,      0,      0,      0,      0,      0, 
         0,      0,      0,      0,      0,      0,      0,      0, 
         0,      0,      0,      0,      0,      0,      0,      0, 
         0,      0,      0,      0,      0,      0,      0,      0, 
         0,      0,      0,      0,      0,      0,      0,      0, 
         0,      0,      0,      0,      0,      0,      0,      0, 
         0,      0,      0,      0,      0,      0,      0,      0, 
         0,      0,      0,      0,      0,      0,      0,      0, 
         0,      0,      0,      0,      0,      0,      0,      0, 
         0,      0,      0,      0,      0,      0,      0,      0, 
         0,      0,      0,      0,      0,      0,      0,      0, 
         0,      0,      0,      0,      0,      0,      0,      0, 
         0,      0,      0,      0,      0,      0,      0,      0, 
         0,      0,      0,      0,      0,      0,      0,      0, 
         0,      0,      0,      0,      0,      0,      0,      0, 
         0,      0,      0,      0,      0,      0,      0,      0, 
         0,      0,      0,      0,      0,      0,      0,      0, 
         0,      0,      0,      0,      0,      0,      0,      0, 
         0,      0,      0,      0,      0,      0,      0,      0, 
         0,      0,      0,      0,      0,      0,      0,      0, 
         0,      0,      0,      0,      0,      0,      0,      0, 
         0,      0,      0,      0,      0,      0,      0,      0, 
         0,      0,      0,      0,      0,      0,      0,      0, 
         0,      0,      0,      0,      0,      0,      0,      0, 
         0,      0,      0,      0,      0,      0,      0,      0, 
         0,      0,      0,      0,      0,      0,      0,      0, 
         0,      0,      0,      0,      0,      0,      0,      0, 
         0,      0,      0,      0,      0,      0,      0,      0, 
         0,      0,      0,      0,      0,      0,      0,      0, 
         0,      0,      0,      0,      0,      0,      0,      0, 
         0,      0,      0,      0,      0,      0,      0,      0, 
         0,      0,      0,      0,      0,      0,      0,      0, 
         0,      0,      0,      0,      0,      0,      0,      0, 
         0,      0,      0,      0,      0,      0,      0,      0, 
         0,      0,      0,      0,      0,      0,      0,      0, 
         0,      0,      0,      0,      0,      0,      0,      0, 
         0,      0,      0,      0,      0,      0,      0,      0, 
         0,      0,      0,      0,      0,      0,      0,      0, 
         0,      0,      0,      0,      0,      0,      0,      0, 
         0,      0,      0,      0,      0,      0,      0,      0, 
         0,      0,      0,      0,      0,      0,      0,      0, 
         0,      0,      0,      0,      0,      0,      0,      0, 
         0,      0,      0,      0,      0,      0,      0,      0, 
         0,      0,      0,      0,      0,      0,      0,      0, 
         0,      0,      0,      0,      0,      0,      0,      0, 
         0,      0,      0,      0,      0,      0,      0,      0, 
         0,      0,      0,      0,      0,      0,      0,      0, 
         0,      0,      0,      0,      0,      0,      0,      0, 
         0,      0,      0,      0,      0,      0,      0,      0, 
         0,      0,      0,      0,      0,      0,      0,      0, 
         0,      0,      0,      0,      0,      0,      0,      0, 
         0,      0,      0,      0,      0,      0,      0,      0, 
         0,      0,      0,      0,      0,      0,      0,      0, 
         0,      0,      0,      0,      0,      0,      0,      0, 
         0,      0,      0,      0,      0,      0,      0,      0, 
         0,      0,      0,      0,      0,      0,      0,      0, 
         0,      0,      0,      0,      0,      0,      0,      0, 
         0,      0,      0,      0,      0,      0,      0,      0, 
         0,      0,      0,      0,      0,      0,      0,      0, 
         0,      0,      0,      0,      0,      0,      0,      0, 
         0,      0,      0,      0,      0,      0,      0,      0, 
         0,      0,      0,      0,      0,      0,      0,      0, 
         0,      0,      0,      0,      0,      0,      0,      0, 
         0,      0,      0,      0,      0,      0,      0,      0, 
         0,      0,      0,      0,      0,      0,      0,      0, 
         0,      0,      0,      0,      0,      0,      0,      0, 
         0,      0,      0,      0,      0,      0,      0,      0, 
         0,      0,      0,      0,      0,      0,      0,      0, 
         0,      0,      0,      0,      0,      0,      0,      0, 
         0,      0,      0,      0,      0,      0,      0,      0, 
         0,      0,      0,      0,      0,      0,      0,      0, 
         0,      0,      0,      0,      0,      0,      0,      0, 
         0,      0,      0,      0,      0,      0,      0,      0, 
         0,      0,      0,      0,      0,      0,      0,      0, 
         0,      0,      0,      0,      0,      0,      0,      0, 
         0,      0,      0,      0,      0,      0,      0,      0, 
         0,      0,      0,      0,      0,      0,      0,      0, 
         0,      0,      0,      0,      0,      0,      0,      0, 
         0,      0,      0,      0,      0,      0,      0,      0, 
         0,      0,      0,      0,      0,      0,      0,      0, 
         0,      0,      0,      0,      0,      0,      0,      0, 
         0,      0,      0,      0,      0,      0,      0,      0, 
         0,      0,      0,      0,      0,      0,      0,      0, 
         0,      0,      0,      0,      0,      0,      0,      0, 
         0,      0,      0,      0,      0,      0,      0,      0, 
         0,      0,      0,      0,      0,      0,      0,      0, 
         0,      0,      0,      0,      0,      0,      0,      0, 
         0,      0,      0,      0,      0,      0,      0,      0, 
         0,      0,      0,      0,      0,      0,      0,      0, 
         0,      0,      0,      0,      0,      0,      0,      0, 
         0,      0,      0,      0,      0,      0,      0,      0, 
         0,      0,      0,      0,      0,      0,      0,      0, 
         0,      0,      0,      0,      0,      0,      0,      0, 
         0,      0,      0,      0,      0,      0,      0,      0, 
         0,      0,      0,      0,      0,      0,      0,      0, 
         0,      0,      0,      0,      0,      0,      0,      0, 
         0,      0,      0,      0,      0,      0,      0,      0, 
         0,      0,      0,      0,      0,      0,      0,      0, 
         0,      0,      0,      0,      0,      0,      0,      0, 
         0,      0,      0,      0,      0,      0,      0,      0, 
         0,      0,      0,      0,      0,      0,      0,      0, 
         0,      0,      0,      0,      0,      0,      0,      0, 
         0,      0,      0,      0,      0,      0,      0,      0, 
         0,      0,      0,      0,      0,      0,      0,      0, 
         0,      0,      0,      0,      0,      0,      0,      0, 
         0,      0,      0,      0,      0,      0,      0,      0, 
         0,      0,      0,      0,      0,      0,      0,      0, 
         0,      0,      0,      0,      0,      0,      0,      0, 
         0,      0,      0,      0,      0,      0,      0,      0, 
         0,      0,      0,      0,      0,      0,      0,      0, 
         0,      0,      0,      0,      0,      0,      0,      0, 
         0,      0,      0,      0,      0,      0,      0,      0, 
         0,      0,      0,      0,      0,      0,      0,      0, 
         0,      0,      0,      0,      0,      0,      0,      0, 
         0,      0,      0,      0,      0,      0,      0,      0, 
         0,      0,      0,      0,      0,      0,      0,      0, 
         0,      0,      0,      0,      0,      0,      0,      0, 
         0,      0,      0,      0,      0,      0,      0,      0, 
         0,      0,      0,      0,      0,      0,      0,      0, 
         0,      0,      0,      0,      0,      0,      0,      0, 
         0,      0,      0,      0,      0,      0,      0,      0, 
         0,      0,      0,      0,      0,      0,      0,      0, 
         0,      0,      0,      0,      0,      0,      0,      0, 
         0,      0,      0,      0,      0,      0,      0,      0, 
         0,      0,      0,      0,      0,      0,      0,      0, 
         0,      0,      0,      0,      0,      0,      0,      0, 
         0,      0,      0,      0,      0,      0,      0,      0, 
         0,      0,      0,      0,      0,      0,      0,      0, 
         0,      0,      0,      0,      0,      0,      0,      0, 
         0,      0,      0,      0,      0,      0,      0,      0, 
         0,      0,      0,      0,      0,      0,      0,      0, 
         0,      0,      0,      0,      0,      0,      0,      0, 
         0,      0,      0,      0,      0,      0,      0,      0, 
         0,      0,      0,      0,      0,      0,      0,      0, 
         0,      0,      0,      0,      0,      0,      0,      0, 
         0,      0,      0,      0,      0,      0,      0,      0, 
         0,      0,      0,      0,      0,      0,      0,      0, 
         0,      0,      0,      0,      0,      0,      0,      0, 
         0,      0,      0,      0,      0,      0,      0,      0, 
         0,      0,      0,      0,      0,      0,      0,      0, 
         0,      0,      0,      0,      0,      0,      0,      0, 
         0,      0,      0,      0,      0,      0,      0,      0, 
         0,      0,      0,      0,      0,      0,      0,      0, 
         0,      0,      0,      0,      0,      0,      0,      0, 
         0,      0,      0,      0,      0,      0,      0,      0, 
         0,      0,      0,      0,      0,      0,      0,      0, 
         0,      0,      0,      0,      0,      0,      0,      0, 
         0,      0,      0,      0,      0,      0,      0,      0, 
         0,      0,      0,      0,      0,      0,      0,      0, 
         0,      0,      0,      0,      0,      0,      0,      0, 
         0,      0,      0,      0,      0,      0,      0,      0, 
         0,      0,      0,      0,      0,      0,      0,      0, 
         0,      0,      0,      0,      0,      0,      0,      0, 
         0,      0,      0,      0,      0,      0,      0,      0, 
         0,      0,      0,      0,      0,      0,      0,      0, 
         0,      0,      0,      0,      0,      0,      0,      0, 
         0,      0,      0,      0,      0,      0,      0,      0, 
         0,      0,      0,      0,      0,      0,      0,      0, 
         0,      0,      0,      0,      0,      0,      0,      0, 
         0,      0,      0,      0,      0,      0,      0,      0, 
         0,      0,      0,      0,      0,      0,      0,      0, 
         0,      0,      0,      0,      0,      0,      0,      0, 
         0,      0,      0,      0,      0,      0,      0,      0, 
         0,      0,      0,      0,      0,      0,      0,      0, 
         0,      0,      0,      0,      0,      0,      0,      0, 
         0,      0,      0,      0,      0,      0,      0,      0, 
         0,      0,      0,      0,      0,      0,      0,      0, 
         0,      0,      0,      0,      0,      0,      0,      0, 
         0,      0,      0,      0,      0,      0,      0,      0, 
         0,      0,      0,      0,      0,      0,      0,      0, 
         0,      0,      0,      0,      0,      0,      0,      0, 
         0,      0,      0,      0,      0,      0,      0,      0, 
         0,      0,      0,      0,      0,      0,      0,      0, 
         0,      0,      0,      0,      0,      0,      0,      0, 
         0,      0,      0,      0,      0,      0,      0,      0, 
         0,      0,      0,      0,      0,      0,      0,      0, 
         0,      0,      0,      0,      0,      0,      0,      0, 
         0,      0,      0,      0,      0,      0,      0,      0, 
         0,      0,      0,      0,      0,      0,      0,      0, 
         0,      0,      0,      0,      0,      0,      0,      0, 
         0,      0,      0,      0,      0,      0,      0,      0, 
         0,      0,      0,      0,      0,      0,      0,      0, 
         0,      0,      0,      0,      0,      0,      0,      0, 
         0,      0,      0,      0,      0,      0,      0,      0, 
         0,      0,      0,      0,      0,      0,      0,      0, 
         0,      0,      0,      0,      0,      0,      0,      0, 
         0,      0,      0,      0,      0,      0,      0,      0, 
         0,      0,      0,      0,      0,      0,      0,      0, 
         0,      0,      0,      0,      0,      0,      0,      0, 
         0,      0,      0,      0,      0,      0,      0,      0, 
         0,      0,      0,      0,      0,      0,      0,      0, 
         0,      0,      0,      0,      0,      0,      0,      0, 
         0,      0,      0,      0,      0,      0,      0,      0, 
         0,      0,      0,      0,      0,      0,      0,      0, 
         0,      0,      0,      0,      0,      0,      0,      0, 
         0,      0,      0,      0,      0,      0,      0,      0, 
         0,      0,      0,      0,      0,      0,      0,      0, 
         0,      0,      0,      0,      0,      0,      0,      0, 
         0,      0,      0,      0,      0,      0,      0,      0, 
         0,      0,      0,      0,      0,      0,      0,      0, 
         0,      0,      0,      0,      0,      0,      0,      0, 
         0,      0,      0,      0,      0,      0,      0,      0, 
         0,      0,      0,      0,      0,      0,      0,      0, 
         0,      0,      0,      0,      0,      0,      0,      0, 
         0,      0,      0,      0,      0,      0,      0,      0, 
         0,      0,      0,      0,      0,      0,      0,      0, 
         0,      0,      0,      0,      0,      0,      0,      0, 
         0,      0,      0,      0,      0,      0,      0,      0, 
         0,      0,      0,      0,      0,      0,      0,      0, 
         0,      0,      0,      0,      0,      0,      0,      0, 
         0,      0,      0,      0,      0,      0,      0,      0, 
         0,      0,      0,      0,      0,      0,      0,      0, 
         0,      0,      0,      0,      0,      0,      0,      0, 
         0,      0,      0,      0,      0,      0,      0,      0, 
         0,      0,      0,      0,      0,      0,      0,      0, 
         0,      0,      0,      0,      0,      0,      0,      0, 
         0,      0,      0,      0,      0,      0,      0,      0, 
         0,      0,      0,      0,      0,      0,      0,      0, 
         0,      0,      0,      0,      0,      0,      0,      0, 
         0,      0,      0,      0,      0,      0,      0,      0, 
         0,      0,      0,      0,      0,      0,      0,      0, 
         0,      0,      0,      0,      0,      0,      0,      0, 
         0,      0,      0,      0,      0,      0,      0,      0, 
         0,      0,      0,      0,      0,      0,      0,      0, 
         0,      0,      0,      0,      0,      0,      0,      0, 
         0,      0,      0,      0,      0,      0,      0,      0, 
         0,      0,      0,      0,      0,      0,      0,      0, 
         0,      0,      0,      0,      0,      0,      0,      0, 
         0,      0,      0,      0,      0,      0,      0,      0, 
         0,      0,      0,      0,      0,      0,      0,      0, 
         0,      0,      0,      0,      0,      0,      0,      0, 
         0,      0,      0,      0,      0,      0,      0,      0, 
         0,      0,      0,      0,      0,      0,      0,      0, 
         0,      0,      0,      0,      0,      0,      0,      0, 
         0,      0,      0,      0,      0,      0,      0,      0, 
         0,      0,      0,      0,      0,      0,      0,      0, 
         0,      0,      0,      0,      0,      0,      0,      0, 
         0,      0,      0,      0,      0,      0,      0,      0, 
         0,      0,      0,      0,      0,      0,      0,      0, 
         0,      0,      0,      0,      0,      0,      0,      0, 
         0,      0,      0,      0,      0,      0,      0,      0, 
         0,      0,      0,      0,      0,      0,      0,      0, 
         0,      0,      0,      0,      0,      0,      0,      0, 
         0,      0,      0,      0,      0,      0,      0,      0, 
         0,      0,      0,      0,      0,      0,      0,      0, 
         0,      0,      0,      0,      0,      0,      0,      0, 
         0,      0,      0,      0,      0,      0,      0,      0, 
         0,      0,      0,      0,      0,      0,      0,      0, 
         0,      0,      0,      0,      0,      0,      0,      0, 
         0,      0,      0,      0,      0,      0,      0,      0, 
         0,      0,      0,      0,      0,      0,      0,      0, 
         0,      0,      0,      0,      0,      0,      0,      0, 
         0,      0,      0,      0,      0,      0,      0,      0, 
         0,      0,      0,      0,      0,      0,      0,      0, 
         0,      0,      0,      0,      0,      0,      0,      0, 
         0,      0,      0,      0,      0,      0,      0,      0, 
         0,      0,      0,      0,      0,      0,      0,      0, 
         0,      0,      0,      0,      0,      0,      0,      0, 
         0,      0,      0,      0,      0,      0,      0,      0, 
         0,      0,      0,      0,      0,      0,      0,      0, 
         0,      0,      0,      0,      0,      0,      0,      0, 
         0,      0,      0,      0,      0,      0,      0,      0, 
         0,      0,      0,      0,      0,      0,      0,      0, 
         0,      0,      0,      0,      0,      0,      0,      0, 
         0,      0,      0,      0,      0,      0,      0,      0, 
         0,      0,      0,      0,      0,      0,      0,      0, 
         0,      0,      0,      0,      0,      0,      0,      0, 
         0,      0,      0,      0,      0,      0,      0,      0, 
         0,      0,      0,      0,      0,      0,      0,      0, 
         0,      0,      0,      0,      0,      0,      0,      0, 
         0,      0,      0,      0,      0,      0,      0,      0, 
         0,      0,      0,      0,      0,      0,      0,      0, 
         0,      0,      0,      0,      0,      0,      0,      0, 
         0,      0,      0,      0,      0,      0,      0,      0, 
         0,      0,      0,      0,      0,      0,      0,      0, 
         0,      0,      0,      0,      0,      0,      0,      0, 
         0,      0,      0,      0,      0,      0,      0,      0, 
         0,      0,      0,      0,      0,      0,      0,      0, 
         0,      0,      0,      0,      0,      0,      0,      0, 
         0,      0,      0,      0,      0,      0,      0,      0, 
         0,      0,      0,      0,      0,      0,      0,      0, 
         0,      0,      0,      0,      0,      0,      0,      0, 
         0,      0,      0,      0,      0,      0,      0,      0, 
         0,      0,      0,      0,      0,      0,      0,      0, 
         0,      0,      0,      0,      0,      0,      0,      0, 
         0,      0,      0,      0,      0,      0,      0,      0, 
         0,      0,      0,      0,      0,      0,      0,      0, 
         0,      0,      0,      0,      0,      0,      0,      0, 
         0,      0,      0,      0,      0,      0,      0,      0, 
         0,      0,      0,      0,      0,      0,      0,      0, 
         0,      0,      0,      0,      0,      0,      0,      0, 
         0,      0,      0,      0,      0,      0,      0,      0, 
         0,      0,      0,      0,      0,      0,      0,      0, 
         0,      0,      0,      0,      0,      0,      0,      0, 
         0,      0,      0,      0,      0,      0,      0,      0, 
         0,      0,      0,      0,      0,      0,      0,      0, 
         0,      0,      0,      0,      0,      0,      0,      0, 
         0,      0,      0,      0,      0,      0,      0,      0, 
         0,      0,      0,      0,      0,      0,      0,      0, 
         0,      0,      0,      0,      0,      0,      0,      0, 
         0,      0,      0,      0,      0,      0,      0,      0, 
         0,      0,      0,      0,      0,      0,      0,      0, 
         0,      0,      0,      0,      0,      0,      0,      0, 
         0,      0,      0,      0,      0,      0,      0,      0, 
         0,      0,      0,      0,      0,      0,      0,      0, 
         0,      0,      0,      0,      0,      0,      0,      0, 
         0,      0,      0,      0,      0,      0,      0,      0, 
         0,      0,      0,      0,      0,      0,      0,      0, 
         0,      0,      0,      0,      0,      0,      0,      0, 
         0,      0,      0,      0,      0,      0,      0,      0, 
         0,      0,      0,      0,      0,      0,      0,      0, 
         0,      0,      0,      0,      0,      0,      0,      0, 
         0,      0,      0,      0,      0,      0,      0,      0, 
         0,      0,      0,      0,      0,      0,      0,      0, 
         0,      0,      0,      0,      0,      0,      0,      0, 
         0,      0,      0,      0,      0,      0,      0,      0, 
         0,      0,      0,      0,      0,      0,      0,      0, 
         0,      0,      0,      0,      0,      0,      0,      0, 
         0,      0,      0,      0,      0,      0,      0,      0, 
         0,      0,      0,      0,      0,      0,      0,      0, 
         0,      0,      0,      0,      0,      0,      0,      0, 
         0,      0,      0,      0,      0,      0,      0,      0, 
         0,      0,      0,      0,      0,      0,      0,      0, 
         0,      0,      0,      0,      0,      0,      0,      0, 
         0,      0,      0,      0,      0,      0,      0,      0, 
         0,      0,      0,      0,      0,      0,      0,      0, 
         0,      0,      0,      0,      0,      0,      0,      0, 
         0,      0,      0,      0,      0,      0,      0,      0, 
         0,      0,      0,      0,      0,      0,      0,      0, 
         0,      0,      0,      0,      0,      0,      0,      0, 
         0,      0,      0,      0,      0,      0,      0,      0, 
         0,      0,      0,      0,      0,      0,      0,      0, 
         0,      0,      0,      0,      0,      0,      0,      0, 
         0,      0,      0,      0,      0,      0,      0,      0, 
         0,      0,      0,      0,      0,      0,      0,      0, 
         0,      0,      0,      0,      0,      0,      0,      0, 
         0,      0,      0,      0,      0,      0,      0,      0, 
         0,      0,      0,      0,      0,      0,      0,      0, 
         0,      0,      0,      0,      0,      0,      0,      0, 
         0,      0,      0,      0,      0,      0,      0,      0, 
         0,      0,      0,      0,      0,      0,      0,      0, 
         0,      0,      0,      0,      0,      0,      0,      0, 
         0,      0,      0,      0,      0,      0,      0,      0, 
         0,      0,      0,      0,      0,      0,      0,      0, 
         0,      0,      0,      0,      0,      0,      0,      0, 
         0,      0,      0,      0,      0,      0,      0,      0, 
         0,      0,      0,      0,      0,      0,      0,      0, 
         0,      0,      0,      0,      0,      0,      0,      0, 
         0,      0,      0,      0,      0,      0,      0,      0, 
         0,      0,      0,      0,      0,      0,      0,      0, 
         0,      0,      0,      0,      0,      0,      0,      0, 
         0,      0,      0,      0,      0,      0,      0,      0, 
         0,      0,      0,      0,      0,      0,      0,      0, 
         0,      0,      0,      0,      0,      0,      0,      0, 
         0,      0,      0,      0,      0,      0,      0,      0, 
         0,      0,      0,      0,      0,      0,      0,      0, 
         0,      0,      0,      0,      0,      0,      0,      0, 
         0,      0,      0,      0,      0,      0,      0,      0, 
         0,      0,      0,      0,      0,      0,      0,      0, 
         0,      0,      0,      0,      0,      0,      0,      0, 
         0,      0,      0,      0,      0,      0,      0,      0, 
         0,      0,      0,      0,      0,      0,      0,      0, 
         0,      0,      0,      0,      0,      0,      0,      0, 
         0,      0,      0,      0,      0,      0,      0,      0, 
         0,      0,      0,      0,      0,      0,      0,      0, 
         0,      0,      0,      0,      0,      0,      0,      0, 
         0,      0,      0,      0,      0,      0,      0,      0, 
         0,      0,      0,      0,      0,      0,      0,      0, 
         0,      0,      0,      0,      0,      0,      0,      0, 
         0,      0,      0,      0,      0,      0,      0,      0, 
         0,      0,      0,      0,      0,      0,      0,      0, 
         0,      0,      0,      0,      0,      0,      0,      0, 
         0,      0,      0,      0,      0,      0,      0,      0, 
         0,      0,      0,      0,      0,      0,      0,      0, 
         0,      0,      0,      0,      0,      0,      0,      0, 
         0,      0,      0,      0,      0,      0,      0,      0, 
         0,      0,      0,      0,      0,      0,      0,      0, 
         0,      0,      0,      0,      0,      0,      0,      0, 
         0,      0,      0,      0,      0,      0,      0,      0, 
         0,      0,      0,      0,      0,      0,      0,      0, 
         0,      0,      0,      0,      0,      0,      0,      0, 
         0,      0,      0,      0,      0,      0,      0,      0, 
         0,      0,      0,      0,      0,      0,      0,      0, 
         0,      0,      0,      0,      0,      0,      0,      0, 
         0,      0,      0,      0,      0,      0,      0,      0, 
         0,      0,      0,      0,      0,      0,      0,      0, 
         0,      0,      0,      0,      0,      0,      0,      0, 
         0,      0,      0,      0,      0,      0,      0,      0, 
         0,      0,      0,      0,      0,      0,      0,      0, 
         0,      0,      0,      0,      0,      0,      0,      0, 
         0,      0,      0,      0,      0,      0,      0,      0, 
         0,      0,      0,      0,      0,      0,      0,      0, 
         0,      0,      0,      0,      0,      0,      0,      0, 
         0,      0,      0,      0,      0,      0,      0,      0, 
         0,      0,      0,      0,      0,      0,      0,      0, 
         0,      0,      0,      0,      0,      0,      0,      0, 
         0,      0,      0,      0,      0,      0,      0,      0, 
         0,      0,      0,      0,      0,      0,      0,      0, 
         0,      0,      0,      0,      0,      0,      0,      0, 
         0,      0,      0,      0,      0,      0,      0,      0, 
         0,      0,      0,      0,      0,      0,      0,      0, 
         0,      0,      0,      0,      0,      0,      0,      0, 
         0,      0,      0,      0,      0,      0,      0,      0, 
         0,      0,      0,      0,      0,      0,      0,      0, 
         0,      0,      0,      0,      0,      0,      0,      0, 
         0,      0,      0,      0,      0,      0,      0,      0, 
         0,      0,      0,      0,      0,      0,      0,      0, 
         0,      0,      0,      0,      0,      0,      0,      0, 
         0,      0,      0,      0,      0,      0,      0,      0, 
         0,      0,      0,      0,      0,      0,      0,      0, 
         0,      0,      0,      0,      0,      0,      0,      0, 
         0,      0,      0,      0,      0,      0,      0,      0, 
         0,      0,      0,      0,      0,      0,      0,      0, 
         0,      0,      0,      0,      0,      0,      0,      0, 
         0,      0,      0,      0,      0,      0,      0,      0, 
         0,      0,      0,      0,      0,      0,      0,      0, 
         0,      0,      0,      0,      0,      0,      0,      0, 
         0,      0,      0,      0,      0,      0,      0,      0, 
         0,      0,      0,      0,      0,      0,      0,      0, 
         0,      0,      0,      0,      0,      0,      0,      0, 
         0,      0,      0,      0,      0,      0,      0,      0, 
         0,      0,      0,      0,      0,      0,      0,      0, 
         0,      0,      0,      0,      0,      0,      0,      0, 
         0,      0,      0,      0,      0,      0,      0,      0, 
         0,      0,      0,      0,      0,      0,      0,      0, 
         0,      0,      0,      0,      0,      0,      0,      0, 
         0,      0,      0,      0,      0,      0,      0,      0, 
         0,      0,      0,      0,      0,      0,      0,      0, 
         0,      0,      0,      0,      0,      0,      0,      0, 
         0,      0,      0,      0,      0,      0,      0,      0, 
         0,      0,      0,      0,      0,      0,      0,      0, 
         0,      0,      0,      0,      0,      0,      0,      0, 
         0,      0,      0,      0,      0,      0,      0,      0, 
         0,      0,      0,      0,      0,      0,      0,      0, 
         0,      0,      0,      0,      0,      0,      0,      0, 
         0,      0,      0,      0,      0,      0,      0,      0, 
         0,      0,      0,      0,      0,      0,      0,      0, 
         0,      0,      0,      0,      0,      0,      0,      0, 
         0,      0,      0,      0,      0,      0,      0,      0, 
         0,      0,      0,      0,      0,      0,      0,      0, 
         0,      0,      0,      0,      0,      0,      0,      0, 
         0,      0,      0,      0,      0,      0,      0,      0, 
         0,      0,      0,      0,      0,      0,      0,      0, 
         0,      0,      0,      0,      0,      0,      0,      0, 
         0,      0,      0,      0,      0,      0,      0,      0, 
         0,      0,      0,      0,      0,      0,      0,      0, 
         0,      0,      0,      0,      0,      0,      0,      0, 
         0,      0,      0,      0,      0,      0,      0,      0, 
         0,      0,      0,      0,      0,      0,      0,      0, 
         0,      0,      0,      0,      0,      0,      0,      0, 
         0,      0,      0,      0,      0,      0,      0,      0, 
         0,      0,      0,      0,      0,      0,      0,      0, 
         0,      0,      0,      0,      0,      0,      0,      0, 
         0,      0,      0,      0,      0,      0,      0,      0, 
         0,      0,      0,      0,      0,      0,      0,      0, 
         0,      0,      0,      0,      0,      0,      0,      0, 
         0,      0,      0,      0,      0,      0,      0,      0, 
         0,      0,      0,      0,      0,      0,      0,      0, 
         0,      0,      0,      0,      0,      0,      0,      0, 
         0,      0,      0,      0,      0,      0,      0,      0, 
         0,      0,      0,      0,      0,      0,      0,      0, 
         0,      0,      0,      0,      0,      0,      0,      0, 
         0,      0,      0,      0,      0,      0,      0,      0, 
         0,      0,      0,      0,      0,      0,      0,      0, 
         0,      0,      0,      0,      0,      0,      0,      0, 
         0,      0,      0,      0,      0,      0,      0,      0, 
         0,      0,      0,      0,      0,      0,      0,      0, 
         0,      0,      0,      0,      0,      0,      0,      0, 
         0,      0,      0,      0,      0,      0,      0,      0, 
         0,      0,      0,      0,      0,      0,      0,      0, 
         0,      0,      0,      0,      0,      0,      0,      0, 
         0,      0,      0,      0,      0,      0,      0,      0, 
         0,      0,      0,      0,      0,      0,      0,      0, 
         0,      0,      0,      0,      0,      0,      0,      0, 
         0,      0,      0,      0,      0,      0,      0,      0, 
         0,      0,      0,      0,      0,      0,      0,      0, 
         0,      0,      0,      0,      0,      0,      0,      0, 
         0,      0,      0,      0,      0,      0,      0,      0, 
         0,      0,      0,      0,      0,      0,      0,      0, 
         0,      0,      0,      0,      0,      0,      0,      0, 
         0,      0,      0,      0,      0,      0,      0,      0, 
         0,      0,      0,      0,      0,      0,      0,      0, 
         0,      0,      0,      0,      0,      0,      0,      0, 
         0,      0,      0,      0,      0,      0,      0,      0, 
         0,      0,      0,      0,      0,      0,      0,      0, 
         0,      0,      0,      0,      0,      0,      0,      0, 
         0,      0,      0,      0,      0,      0,      0,      0, 
         0,      0,      0,      0,      0,      0,      0,      0, 
         0,      0,      0,      0,      0,      0,      0,      0, 
         0,      0,      0,      0,      0,      0,      0,      0, 
         0,      0,      0,      0,      0,      0,      0,      0, 
         0,      0,      0,      0,      0,      0,      0,      0, 
         0,      0,      0,      0,      0,      0,      0,      0, 
         0,      0,      0,      0,      0,      0,      0,      0, 
         0,      0,      0,      0,      0,      0,      0,      0, 
         0,      0,      0,      0,      0,      0,      0,      0, 
         0,      0,      0,      0,      0,      0,      0,      0, 
         0,      0,      0,      0,      0,      0,      0,      0, 
         0,      0,      0,      0,      0,      0,      0,      0, 
         0,      0,      0,      0,      0,      0,      0,      0, 
         0,      0,      0,      0,      0,      0,      0,      0, 
         0,      0,      0,      0,      0,      0,      0,      0, 
         0,      0,      0,      0,      0,      0,      0,      0, 
         0,      0,      0,      0,      0,      0,      0,      0, 
         0,      0,      0,      0,      0,      0,      0,      0, 
         0,      0,      0,      0,      0,      0,      0,      0, 
         0,      0,      0,      0,      0,      0,      0,      0, 
         0,      0,      0,      0,      0,      0,      0,      0, 
         0,      0,      0,      0,      0,      0,      0,      0, 
         0,      0,      0,      0,      0,      0,      0,      0, 
         0,      0,      0,      0,      0,      0,      0,      0, 
         0,      0,      0,      0,      0,      0,      0,      0, 
         0,      0,      0,      0,      0,      0,      0,      0, 
         0,      0,      0,      0,      0,      0,      0,      0, 
         0,      0,      0,      0,      0,      0,      0,      0, 
         0,      0,      0,      0,      0,      0,      0,      0, 
         0,      0,      0,      0,      0,      0,      0,      0, 
         0,      0,      0,      0,      0,      0,      0,      0, 
         0,      0,      0,      0,      0,      0,      0,      0, 
         0,      0,      0,      0,      0,      0,      0,      0, 
         0,      0,      0,      0,      0,      0,      0,      0, 
         0,      0,      0,      0,      0,      0,      0,      0, 
         0,      0,      0,      0,      0,      0,      0,      0, 
         0,      0,      0,      0,      0,      0,      0,      0, 
         0,      0,      0,      0,      0,      0,      0,      0, 
         0,      0,      0,      0,      0,      0,      0,      0, 
         0,      0,      0,      0,      0,      0,      0,      0, 
         0,      0,      0,      0,      0,      0,      0,      0, 
         0,      0,      0,      0,      0,      0,      0,      0, 
         0,      0,      0,      0,      0,      0,      0,      0, 
         0,      0,      0,      0,      0,      0,      0,      0, 
         0,      0,      0,      0,      0,      0,      0,      0, 
         0,      0,      0,      0,      0,      0,      0,      0, 
         0,      0,      0,      0,      0,      0,      0,      0, 
         0,      0,      0,      0,      0,      0,      0,      0, 
         0,      0,      0,      0,      0,      0,      0,      0, 
         0,      0,      0,      0,      0,      0,      0,      0, 
         0,      0,      0,      0,      0,      0,      0,      0, 
         0,      0,      0,      0,      0,      0,      0,      0, 
         0,      0,      0,      0,      0,      0,      0,      0, 
         0,      0,      0,      0,      0,      0,      0,      0, 
         0,      0,      0,      0,      0,      0,      0,      0, 
         0,      0,      0,      0,      0,      0,      0,      0, 
         0,      0,      0,      0,      0,      0,      0,      0, 
         0,      0,      0,      0,      0,      0,      0,      0, 
         0,      0,      0,      0,      0,      0,      0,      0, 
         0,      0,      0,      0,      0,      0,      0,      0, 
         0,      0,      0,      0,      0,      0,      0,      0, 
         0,      0,      0,      0,      0,      0,      0,      0, 
         0,      0,      0,      0,      0,      0,      0,      0, 
         0,      0,      0,      0,      0,      0,      0,      0, 
         0,      0,      0,      0,      0,      0,      0,      0, 
         0,      0,      0,      0,      0,      0,      0,      0, 
         0,      0,      0,      0,      0,      0,      0,      0, 
         0,      0,      0,      0,      0,      0,      0,      0, 
         0,      0,      0,      0,      0,      0,      0,      0, 
         0,      0,      0,      0,      0,      0,      0,      0, 
         0,      0,      0,      0,      0,      0,      0,      0, 
         0,      0,      0,      0,      0,      0,      0,      0, 
         0,      0,      0,      0,      0,      0,      0,      0, 
         0,      0,      0,      0,      0,      0,      0,      0, 
         0,      0,      0,      0,      0,      0,      0,      0, 
         0,      0,      0,      0,      0,      0,      0,      0, 
         0,      0,      0,      0,      0,      0,      0,      0, 
         0,      0,      0,      0,      0,      0,      0,      0, 
         0,      0,      0,      0,      0,      0,      0,      0, 
         0,      0,      0,      0,      0,      0,      0,      0, 
         0,      0,      0,      0,      0,      0,      0,      0, 
         0,      0,      0,      0,      0,      0,      0,      0, 
         0,      0,      0,      0,      0,      0,      0,      0, 
         0,      0,      0,      0,      0,      0,      0,      0, 
         0,      0,      0,      0,      0,      0,      0,      0, 
         0,      0,      0,      0,      0,      0,      0,      0, 
         0,      0,      0,      0,      0,      0,      0,      0, 
         0,      0,      0,      0,      0,      0,      0,      0, 
         0,      0,      0,      0,      0,      0,      0,      0, 
         0,      0,      0,      0,      0,      0,      0,      0, 
         0,      0,      0,      0,      0,      0,      0,      0, 
         0,      0,      0,      0,      0,      0,      0,      0, 
         0,      0,      0,      0,      0,      0,      0,      0, 
         0,      0,      0,      0,      0,      0,      0,      0, 
         0,      0,      0,      0,      0,      0,      0,      0, 
         0,      0,      0,      0,      0,      0,      0,      0, 
         0,      0,      0,      0,      0,      0,      0,      0, 
         0,      0,      0,      0,      0,      0,      0,      0, 
         0,      0,      0,      0,      0,      0,      0,      0, 
         0,      0,      0,      0,      0,      0,      0,      0, 
         0,      0,      0,      0,      0,      0,      0,      0, 
         0,      0,      0,      0,      0,      0,      0,      0, 
         0,      0,      0,      0,      0,      0,      0,      0, 
         0,      0,      0,      0,      0,      0,      0,      0, 
         0,      0,      0,      0,      0,      0,      0,      0, 
         0,      0,      0,      0,      0,      0,      0,      0, 
         0,      0,      0,      0,      0,      0,      0,      0, 
         0,      0,      0,      0,      0,      0,      0,      0, 
         0,      0,      0,      0,      0,      0,      0,      0, 
         0,      0,      0,      0,      0,      0,      0,      0, 
         0,      0,      0,      0,      0,      0,      0,      0, 
         0,      0,      0,      0,      0,      0,      0,      0, 
         0,      0,      0,      0,      0,      0,      0,      0, 
         0,      0,      0,      0,      0,      0,      0,      0, 
         0,      0,      0,      0,      0,      0,      0,      0, 
         0,      0,      0,      0,      0,      0,      0,      0, 
         0,      0,      0,      0,      0,      0,      0,      0, 
         0,      0,      0,      0,      0,      0,      0,      0, 
         0,      0,      0,      0,      0,      0,      0,      0, 
         0,      0,      0,      0,      0,      0,      0,      0, 
         0,      0,      0,      0,      0,      0,      0,      0
};

const size_t MEDICATION_PROMPT_PCM_SAMPLES = sizeof(MEDICATION_PROMPT_PCM) / sizeof(int16_t);

} // namespace MedicationPrompts
